$SPEC_ID:
No sample description was entered.
$SPEC_REM:
DET# 1
DETDESC# DESKTOP-TH6PAN1 Model 927 SN 14191488 Input 1
AP# Maestro Version 7.01
$DATE_MEA:
11/05/2025 18:38:26
$MEAS_TIM:
298 309
$DATA:
0 16383
       0
       0
       0
       0
       0
       0
       0
       0
       0
       0
       0
       0
       0
       0
       0
       0
       0
       0
       0
       0
       0
       0
       0
       0
       0
       0
       0
       0
       0
       0
       0
       0
       0
       0
       0
       0
       0
       0
       0
       0
       0
       0
       0
       0
       0
       0
       0
       0
       0
       0
       0
       0
       0
       0
       0
       0
       0
       0
       0
       0
       0
       0
       0
       0
       0
       0
       0
       0
       0
       0
       0
       0
       0
       0
       0
       0
       0
       0
       0
       0
       0
       0
       0
       0
       0
       0
       0
       0
       0
       0
       0
       0
       0
       0
       0
       0
       0
       0
       0
       0
       0
       0
       0
       0
       0
       0
       0
       0
       0
       0
       0
       0
       0
       0
       0
       0
       0
       0
       0
       0
       0
       0
       0
       0
       0
       0
       0
       0
       0
       0
       0
       0
       0
       0
       0
       0
       0
       0
       0
       0
       0
       0
       0
       0
       0
       0
       0
       0
       0
       0
       0
       0
       0
       0
       0
       0
       0
       0
       0
       0
       0
       0
       0
       0
       0
       0
       0
       0
       0
       0
       0
       0
       0
       0
       0
       0
       0
       0
       0
       0
       0
       0
       0
       0
       0
       0
       0
       0
       0
       0
       0
       0
       0
       0
       0
       0
       0
       0
       0
       0
       0
       0
       0
       0
       0
       0
       0
       0
       0
       0
       0
       0
       0
       0
       0
       0
       0
       0
       0
       0
       0
       0
       0
       0
       0
       0
       0
       0
       0
       0
       0
       0
       0
       0
       0
       0
       0
       0
       0
       0
       0
       0
       0
       0
       0
       0
       0
       0
       0
       0
       0
       0
       0
       0
       0
       0
       0
       0
       0
       0
       0
       0
       0
       0
       0
       0
       0
       0
       0
       0
       0
       0
       0
       0
       0
       0
       0
       0
       0
       0
       0
       0
       0
       0
       0
       0
       0
       0
       0
       0
       0
       0
       0
       0
       0
       0
       0
       0
       0
       0
       0
       0
       0
       0
       0
       0
       0
       0
       0
       0
       0
       0
       0
       0
       0
       0
       0
       0
       0
       0
       0
       0
       0
       0
       0
       0
       0
       0
       0
       0
       0
       0
       0
       0
       0
       0
       0
       0
       0
       0
       0
       0
       0
       0
       0
       0
       0
       0
       0
       0
       0
       0
       0
       0
       0
       0
       0
       0
       0
       0
       0
       0
       0
       0
       0
       0
       0
       0
       0
       0
       0
       0
       0
       0
       0
       0
       0
       0
       0
       0
       0
       0
       0
       0
       0
       0
       0
       0
       0
       0
       0
       0
       0
       0
       0
       0
       0
       0
       0
       0
       0
       0
       0
       0
       0
       0
       0
       0
       0
       0
       0
       0
       0
       0
       0
       0
       0
       0
       0
       0
       0
       0
       0
       0
       0
       0
       0
       0
       0
       0
       0
       0
       0
       0
       0
       0
       0
       0
       0
       0
       0
       0
       0
       0
       0
       0
       0
       0
       0
       0
       0
       0
       0
       0
       0
       0
       0
       0
       0
       0
       0
       0
       0
       0
       0
       0
       0
       0
       0
       0
       0
       0
       0
       0
       0
       0
       0
       0
       0
       0
       0
       0
       0
       0
       0
       0
       0
       0
       0
       0
       0
       0
       0
       0
       0
       0
       0
       0
       0
       0
       0
       0
       0
       0
       0
       0
       0
       0
       0
       0
       0
       0
       0
       0
       0
       0
       0
       0
       0
       0
       0
       0
       0
       0
       0
       0
       0
       0
       0
       0
       0
       0
       0
       0
       0
       0
       0
       0
       0
       0
       0
       0
       0
       0
       0
       0
       0
       0
       0
       0
       0
       0
       0
       0
       0
       0
       0
       0
       0
       0
       0
       0
       0
       0
       0
       0
       0
       0
       0
       0
       0
       0
       0
       0
       0
       0
       0
       0
       0
       0
       0
       0
       0
       0
       0
       0
       0
       0
       0
       0
       0
       0
       0
       0
       0
       0
       0
       0
       0
       0
       0
       0
       0
       0
       0
       0
       0
       0
       0
       0
       0
       0
       0
       0
       0
       0
       0
       0
       0
       0
       0
       0
       0
       0
       0
       0
       0
       0
       0
       0
       0
       0
       0
       0
       0
       0
       0
       0
       0
       0
       0
       0
       0
       0
       0
       0
       0
       0
       0
       0
       0
       0
       0
       0
       0
       0
       0
       0
       0
       0
       0
       0
       0
       0
       0
       0
       0
       0
       0
       0
       0
       0
       0
       0
       0
       0
       0
       0
       0
       0
       0
       0
       0
       0
       0
       0
       0
       0
       0
       0
       0
       0
       0
       0
       0
       0
       0
       0
       0
       0
       0
       0
       0
       0
       0
       0
       0
       0
       0
       0
       0
       0
       0
       0
       0
       0
       0
       0
       0
       0
       0
       0
       0
       0
       0
       0
       0
       0
       0
       0
       0
       0
       0
       0
       0
       0
       0
       0
       0
       0
       0
       0
       0
       0
       0
       0
       0
       0
       0
       0
       0
       0
       0
       0
       0
       0
       0
       0
       0
       0
       0
       0
       0
       0
       0
       0
       0
       0
       0
       0
       0
       0
       0
       0
       0
       0
       0
       0
       0
       0
       0
       0
       0
       0
       0
       0
       0
       0
       0
       0
       0
       0
       0
       0
       0
       0
       0
       0
       0
       0
       0
       0
       0
       0
       0
       0
       0
       0
       0
       0
       0
       0
       0
       0
       0
       0
       0
       0
       0
       0
       0
       0
       0
       0
       0
       0
       0
       0
       0
       0
       0
       0
       0
       0
       0
       0
       0
       0
       0
       0
       0
       0
       0
       0
       0
       0
       0
       0
       0
       0
       0
       0
       0
       0
       0
       0
       0
       0
       0
       0
       0
       0
       0
       0
       0
       0
       0
       0
       0
       0
       0
       0
       0
       0
       0
       0
       0
       0
       0
       0
       0
       0
       0
       0
       0
       0
       0
       0
       0
       0
       0
       0
       0
       0
       0
       0
       0
       0
       0
       0
       0
       0
       0
       0
       0
       0
       0
       0
       0
       0
       0
       0
       0
       0
       0
       0
       0
       0
       0
       0
       0
       0
       0
       0
       0
       0
       0
       0
       0
       0
       0
       0
       0
       0
       0
       0
       0
       0
       0
       0
       0
       0
       0
       0
       0
       0
       0
       0
       0
       0
       0
       0
       0
       0
       0
       0
       0
       0
       0
       0
       0
       0
       0
       0
       0
       0
       0
       0
       0
       0
       0
       0
       0
       0
       0
       0
       0
       0
       0
       0
       0
       0
       0
       0
       0
       0
       0
       0
       0
       0
       0
       0
       0
       0
       0
       0
       0
       0
       0
       0
       0
       0
       0
       0
       0
       0
       0
       0
       0
       0
       0
       0
       0
       0
       0
       0
       0
       0
       0
       0
       0
       0
       0
       0
       0
       0
       0
       0
       0
       0
       0
       0
       0
       0
       0
       0
       0
       0
       0
       0
       0
       0
       0
       0
       0
       0
       0
       0
       0
       0
       0
       0
       0
       0
       0
       0
       0
       0
       0
       0
       0
       0
       0
       0
       0
       0
       0
       0
       0
       0
       0
       0
       0
       0
       0
       0
       0
       0
       0
       0
       1
       0
       0
       0
       0
       0
       0
       0
       0
       0
       0
       0
       0
       0
       0
       0
       0
       0
       0
       0
       0
       0
       0
       0
       0
       0
       0
       0
       0
       0
       0
       0
       0
       0
       0
       0
       0
       0
       0
       0
       0
       0
       0
       1
       0
       0
       0
       0
       0
       0
       1
       0
       0
       0
       0
       0
       0
       0
       0
       1
       0
       0
       1
       0
       0
       0
       0
       0
       0
       0
       0
       1
       0
       0
       0
       0
       0
       0
       0
       0
       0
       0
       0
       0
       0
       0
       0
       0
       0
       1
       0
       0
       0
       0
       1
       1
       0
       0
       0
       0
       0
       0
       1
       1
       0
       0
       0
       0
       0
       0
       0
       0
       2
       2
       0
       0
       0
       0
       2
       1
       0
       2
       2
       1
       0
       2
       0
       1
       0
       3
       2
       1
       2
       0
       2
       1
       2
       1
       0
       0
       1
       2
       0
       2
       1
       1
       2
       0
       4
      15
      19
      66
     139
     226
     315
     402
     512
     589
     617
     705
     688
     628
     685
     696
     675
     664
     633
     698
     693
     665
     713
     666
     680
     731
     627
     716
     684
     694
     676
     704
     683
     667
     718
     700
     682
     686
     662
     692
     726
     710
     700
     721
     705
     692
     753
     679
     677
     695
     745
     712
     697
     714
     725
     694
     654
     751
     742
     742
     747
     684
     719
     740
     720
     708
     690
     722
     728
     713
     685
     713
     676
     721
     677
     681
     711
     685
     714
     711
     726
     678
     724
     734
     670
     711
     697
     753
     712
     707
     690
     670
     710
     695
     707
     695
     700
     702
     662
     691
     696
     702
     665
     705
     726
     671
     691
     691
     707
     733
     770
     715
     757
     697
     634
     683
     653
     731
     688
     633
     705
     687
     703
     644
     731
     684
     652
     676
     676
     704
     726
     654
     684
     698
     643
     729
     660
     677
     688
     676
     694
     622
     684
     639
     680
     676
     661
     640
     637
     630
     699
     660
     639
     632
     653
     650
     660
     623
     704
     638
     683
     642
     640
     646
     625
     640
     608
     640
     652
     625
     658
     643
     645
     612
     606
     609
     636
     604
     614
     629
     624
     627
     679
     572
     634
     611
     624
     638
     633
     640
     642
     637
     606
     648
     623
     645
     628
     635
     603
     608
     656
     603
     592
     643
     594
     620
     601
     627
     596
     594
     606
     616
     601
     588
     611
     656
     588
     583
     595
     608
     618
     572
     575
     572
     606
     613
     605
     600
     592
     617
     591
     616
     583
     560
     595
     520
     572
     576
     611
     593
     585
     570
     583
     580
     602
     595
     572
     608
     618
     579
     552
     596
     575
     589
     535
     578
     567
     579
     599
     570
     538
     559
     580
     523
     543
     568
     590
     581
     521
     573
     616
     555
     560
     608
     536
     574
     547
     625
     523
     558
     592
     554
     551
     562
     532
     529
     533
     602
     569
     557
     527
     542
     557
     543
     549
     507
     547
     548
     564
     582
     591
     567
     553
     559
     550
     566
     577
     516
     500
     561
     601
     530
     519
     530
     469
     543
     552
     529
     556
     570
     539
     543
     550
     553
     557
     548
     505
     548
     537
     542
     511
     513
     518
     551
     517
     506
     522
     577
     534
     518
     543
     504
     526
     520
     547
     487
     525
     538
     529
     504
     534
     475
     507
     496
     513
     509
     514
     506
     510
     543
     480
     535
     558
     520
     530
     505
     522
     527
     481
     494
     509
     546
     492
     530
     542
     508
     513
     520
     459
     503
     513
     498
     499
     507
     482
     491
     493
     485
     476
     524
     510
     470
     519
     472
     477
     524
     481
     541
     543
     558
     478
     477
     472
     496
     493
     488
     447
     476
     468
     472
     486
     462
     483
     498
     498
     501
     489
     465
     501
     514
     462
     492
     505
     507
     498
     452
     515
     460
     528
     528
     476
     467
     461
     532
     487
     520
     484
     493
     429
     480
     473
     493
     507
     475
     460
     431
     478
     479
     463
     468
     464
     455
     463
     457
     510
     429
     493
     499
     475
     491
     439
     468
     486
     512
     459
     456
     439
     455
     469
     452
     457
     482
     472
     445
     507
     456
     471
     447
     447
     445
     482
     479
     457
     468
     474
     458
     463
     479
     432
     446
     468
     438
     471
     463
     467
     499
     457
     464
     504
     440
     441
     454
     467
     457
     461
     463
     497
     449
     446
     473
     470
     448
     476
     442
     444
     465
     445
     420
     446
     470
     456
     432
     498
     439
     460
     432
     444
     468
     439
     471
     445
     417
     472
     449
     448
     452
     424
     428
     484
     457
     431
     427
     408
     437
     453
     427
     441
     430
     405
     428
     456
     409
     432
     459
     433
     427
     484
     428
     437
     460
     417
     442
     393
     415
     443
     453
     470
     427
     423
     441
     447
     413
     426
     446
     419
     441
     454
     424
     420
     453
     454
     438
     455
     435
     403
     445
     422
     423
     415
     401
     425
     426
     419
     409
     415
     441
     424
     427
     423
     436
     416
     418
     407
     453
     440
     408
     385
     436
     442
     406
     440
     431
     411
     409
     404
     402
     422
     411
     433
     447
     431
     402
     433
     372
     398
     409
     421
     428
     421
     419
     420
     433
     418
     417
     412
     415
     401
     455
     422
     431
     381
     383
     410
     408
     398
     404
     403
     407
     411
     401
     369
     390
     431
     370
     410
     423
     411
     419
     459
     378
     411
     386
     379
     388
     388
     405
     395
     395
     399
     407
     411
     412
     387
     428
     403
     360
     401
     423
     412
     395
     431
     378
     405
     392
     394
     409
     389
     405
     397
     374
     454
     419
     394
     425
     403
     398
     406
     433
     375
     441
     419
     379
     378
     347
     405
     383
     432
     401
     398
     384
     413
     395
     393
     385
     398
     377
     416
     401
     381
     386
     408
     406
     378
     365
     358
     398
     349
     424
     407
     362
     406
     413
     415
     390
     379
     363
     354
     396
     395
     412
     386
     404
     369
     377
     398
     405
     346
     376
     395
     376
     382
     368
     392
     367
     381
     394
     369
     392
     380
     352
     366
     360
     379
     366
     372
     409
     391
     390
     400
     386
     424
     327
     395
     393
     406
     375
     352
     360
     369
     362
     375
     392
     403
     411
     381
     373
     389
     424
     382
     379
     349
     360
     372
     360
     372
     399
     377
     369
     366
     374
     358
     374
     383
     348
     349
     378
     368
     355
     369
     359
     405
     380
     367
     382
     404
     358
     351
     382
     340
     343
     336
     363
     346
     379
     389
     383
     358
     373
     384
     382
     395
     381
     373
     356
     383
     372
     384
     373
     362
     365
     325
     359
     381
     374
     389
     367
     382
     389
     376
     382
     353
     352
     350
     355
     376
     379
     353
     360
     393
     335
     382
     382
     354
     378
     348
     389
     381
     381
     349
     405
     356
     360
     376
     377
     374
     339
     360
     371
     345
     351
     327
     364
     362
     377
     369
     364
     380
     356
     330
     361
     377
     335
     361
     367
     356
     367
     376
     339
     366
     384
     358
     375
     344
     383
     347
     368
     361
     336
     362
     354
     362
     372
     353
     382
     366
     349
     363
     333
     393
     356
     358
     350
     360
     336
     356
     352
     349
     346
     328
     349
     363
     339
     345
     365
     335
     360
     354
     373
     346
     355
     350
     328
     351
     335
     357
     363
     358
     364
     366
     345
     385
     324
     372
     348
     342
     341
     391
     333
     338
     326
     340
     353
     351
     377
     359
     327
     365
     368
     342
     343
     347
     364
     349
     332
     323
     369
     366
     373
     377
     372
     349
     334
     380
     342
     353
     357
     352
     354
     345
     380
     355
     372
     358
     347
     337
     343
     325
     344
     332
     346
     375
     327
     346
     346
     361
     351
     338
     329
     352
     334
     356
     319
     387
     324
     331
     349
     368
     352
     334
     317
     364
     319
     325
     322
     354
     342
     325
     328
     337
     333
     349
     327
     348
     382
     327
     344
     343
     324
     369
     353
     357
     336
     336
     338
     343
     327
     356
     359
     359
     319
     343
     347
     346
     345
     377
     320
     318
     334
     317
     339
     351
     351
     314
     374
     337
     347
     330
     348
     334
     361
     366
     323
     328
     362
     311
     339
     343
     316
     317
     334
     362
     309
     336
     347
     327
     338
     356
     359
     340
     347
     325
     365
     315
     358
     340
     349
     341
     331
     336
     340
     307
     350
     343
     315
     329
     315
     342
     359
     330
     353
     329
     368
     332
     339
     347
     331
     329
     323
     352
     297
     332
     352
     332
     333
     333
     320
     349
     350
     326
     311
     337
     335
     343
     320
     308
     384
     314
     354
     323
     330
     281
     339
     330
     348
     348
     330
     341
     310
     334
     313
     336
     311
     344
     316
     325
     336
     369
     305
     345
     292
     311
     319
     339
     310
     336
     324
     355
     330
     328
     330
     320
     340
     314
     306
     327
     327
     302
     337
     331
     354
     341
     345
     372
     309
     329
     326
     322
     345
     328
     286
     316
     327
     298
     315
     363
     313
     329
     338
     299
     319
     337
     338
     304
     340
     317
     333
     338
     295
     332
     323
     329
     325
     333
     282
     331
     353
     344
     344
     337
     317
     318
     308
     315
     286
     304
     332
     341
     317
     337
     317
     352
     293
     319
     353
     353
     335
     346
     324
     344
     309
     298
     346
     347
     335
     326
     325
     334
     320
     335
     311
     325
     310
     340
     340
     343
     304
     319
     337
     353
     341
     295
     311
     341
     354
     339
     314
     311
     297
     337
     338
     290
     339
     312
     333
     328
     311
     338
     275
     327
     325
     309
     294
     331
     292
     318
     362
     328
     289
     310
     331
     335
     333
     365
     293
     315
     332
     332
     306
     329
     304
     336
     356
     322
     322
     316
     325
     327
     313
     335
     314
     305
     325
     318
     338
     328
     310
     307
     326
     368
     342
     334
     296
     328
     327
     328
     311
     316
     296
     311
     330
     317
     307
     306
     333
     304
     315
     327
     325
     345
     310
     309
     291
     314
     311
     311
     313
     328
     343
     330
     330
     309
     322
     326
     323
     306
     320
     315
     365
     335
     345
     313
     311
     332
     325
     297
     307
     299
     341
     348
     334
     328
     339
     330
     332
     306
     336
     328
     369
     314
     336
     306
     314
     300
     340
     349
     323
     327
     331
     345
     325
     334
     312
     327
     310
     330
     331
     301
     341
     323
     327
     323
     342
     300
     295
     333
     312
     303
     302
     317
     317
     336
     321
     308
     344
     309
     309
     337
     308
     349
     330
     333
     333
     282
     306
     341
     314
     326
     321
     328
     355
     320
     317
     314
     338
     318
     300
     348
     338
     315
     310
     325
     321
     309
     303
     309
     293
     325
     310
     306
     345
     317
     292
     318
     292
     318
     310
     345
     313
     301
     313
     298
     297
     327
     312
     342
     296
     319
     312
     339
     347
     325
     356
     338
     294
     307
     343
     332
     328
     325
     293
     284
     342
     304
     326
     313
     312
     295
     320
     299
     300
     309
     343
     319
     280
     307
     318
     312
     305
     316
     299
     346
     338
     306
     334
     330
     297
     298
     313
     293
     291
     298
     310
     334
     326
     326
     298
     323
     296
     337
     313
     327
     315
     334
     322
     355
     303
     314
     371
     309
     331
     350
     327
     314
     311
     334
     321
     329
     296
     327
     317
     324
     307
     301
     309
     295
     300
     290
     294
     316
     319
     339
     297
     311
     275
     291
     309
     292
     303
     330
     323
     336
     340
     304
     342
     306
     329
     297
     292
     351
     349
     313
     311
     343
     335
     336
     347
     295
     295
     309
     295
     324
     315
     283
     329
     321
     319
     325
     329
     320
     324
     284
     310
     336
     370
     306
     320
     317
     301
     313
     292
     297
     323
     311
     292
     326
     303
     308
     350
     308
     303
     343
     337
     287
     319
     320
     319
     320
     317
     337
     316
     322
     332
     347
     307
     319
     310
     325
     313
     334
     315
     312
     302
     292
     341
     280
     350
     307
     317
     308
     314
     311
     314
     297
     305
     309
     328
     290
     342
     304
     311
     298
     329
     312
     340
     313
     330
     309
     355
     296
     337
     301
     311
     316
     311
     332
     298
     313
     308
     317
     328
     314
     283
     310
     334
     302
     304
     304
     305
     330
     295
     319
     300
     298
     315
     331
     336
     317
     321
     306
     322
     334
     291
     334
     305
     294
     323
     308
     315
     288
     307
     308
     293
     267
     357
     339
     317
     297
     338
     311
     296
     330
     314
     313
     309
     292
     302
     285
     290
     330
     328
     301
     333
     305
     311
     323
     309
     318
     291
     311
     310
     310
     331
     298
     298
     282
     324
     331
     330
     300
     301
     320
     305
     302
     312
     296
     300
     308
     317
     275
     305
     287
     296
     286
     321
     310
     310
     311
     291
     330
     284
     317
     306
     288
     334
     318
     313
     328
     307
     270
     313
     318
     301
     300
     317
     297
     333
     290
     321
     325
     310
     282
     315
     307
     306
     302
     328
     339
     319
     319
     292
     320
     301
     307
     346
     316
     321
     294
     313
     316
     313
     302
     328
     287
     310
     306
     284
     297
     294
     291
     323
     286
     298
     323
     287
     322
     309
     331
     328
     308
     275
     308
     317
     374
     334
     333
     321
     322
     314
     308
     282
     313
     305
     323
     311
     292
     311
     316
     288
     274
     285
     300
     305
     291
     302
     313
     299
     304
     319
     298
     313
     305
     321
     274
     306
     301
     328
     333
     293
     283
     314
     308
     320
     283
     312
     257
     309
     289
     321
     296
     291
     299
     307
     303
     276
     314
     321
     289
     358
     292
     312
     325
     289
     289
     275
     305
     319
     269
     306
     288
     279
     307
     288
     310
     315
     342
     305
     338
     299
     271
     301
     296
     312
     293
     331
     302
     290
     323
     304
     328
     315
     329
     320
     269
     333
     284
     293
     315
     316
     272
     291
     288
     290
     319
     314
     306
     322
     292
     281
     309
     331
     323
     291
     293
     343
     275
     276
     291
     292
     300
     309
     299
     299
     294
     310
     302
     302
     329
     288
     343
     292
     289
     312
     313
     286
     324
     302
     293
     277
     301
     310
     343
     292
     313
     301
     323
     310
     289
     315
     288
     332
     284
     297
     285
     312
     320
     305
     336
     334
     324
     303
     314
     299
     306
     310
     332
     302
     290
     318
     333
     332
     307
     321
     318
     302
     313
     348
     305
     299
     307
     312
     299
     283
     314
     325
     317
     273
     319
     280
     320
     325
     265
     322
     321
     303
     346
     305
     309
     307
     319
     307
     302
     343
     306
     320
     317
     295
     305
     310
     313
     334
     311
     303
     303
     296
     288
     307
     329
     307
     309
     309
     325
     332
     296
     325
     288
     289
     311
     305
     263
     325
     297
     300
     298
     278
     299
     321
     303
     296
     317
     285
     282
     342
     290
     316
     303
     304
     271
     314
     296
     289
     302
     324
     322
     314
     323
     317
     315
     293
     288
     292
     326
     303
     345
     286
     328
     347
     314
     294
     322
     310
     295
     319
     306
     324
     316
     299
     304
     284
     322
     305
     309
     293
     299
     331
     281
     303
     293
     328
     326
     302
     314
     285
     312
     315
     310
     346
     332
     294
     304
     310
     295
     313
     304
     301
     292
     312
     291
     303
     299
     288
     306
     302
     321
     303
     293
     324
     321
     299
     290
     315
     302
     297
     309
     283
     285
     307
     287
     289
     282
     318
     319
     290
     305
     304
     315
     281
     312
     341
     288
     291
     268
     333
     299
     313
     320
     296
     339
     294
     310
     330
     314
     304
     314
     297
     321
     301
     302
     322
     285
     307
     281
     313
     299
     308
     297
     295
     324
     322
     324
     331
     295
     269
     339
     318
     309
     316
     321
     308
     300
     299
     296
     295
     296
     312
     299
     285
     303
     309
     296
     274
     298
     318
     301
     327
     321
     324
     308
     323
     332
     293
     319
     324
     317
     297
     320
     283
     318
     290
     335
     261
     315
     325
     299
     314
     308
     323
     328
     324
     292
     301
     318
     296
     315
     325
     332
     299
     325
     312
     290
     314
     312
     345
     323
     300
     327
     292
     328
     297
     305
     298
     327
     305
     341
     295
     319
     321
     293
     319
     295
     334
     331
     294
     277
     298
     310
     308
     297
     302
     290
     293
     284
     345
     325
     326
     281
     309
     316
     278
     288
     308
     322
     304
     287
     291
     340
     299
     270
     336
     311
     317
     311
     297
     339
     287
     306
     298
     303
     329
     304
     327
     306
     299
     290
     304
     290
     303
     294
     329
     326
     288
     309
     310
     289
     297
     302
     334
     305
     326
     305
     328
     312
     355
     327
     297
     324
     323
     318
     328
     320
     312
     276
     323
     290
     345
     290
     329
     311
     296
     312
     316
     303
     307
     321
     303
     325
     297
     314
     278
     301
     309
     304
     314
     321
     293
     283
     317
     295
     312
     304
     342
     309
     308
     296
     321
     324
     290
     306
     316
     328
     332
     297
     309
     323
     311
     285
     315
     323
     307
     300
     320
     314
     298
     316
     309
     337
     276
     315
     299
     303
     299
     276
     289
     304
     308
     317
     311
     323
     342
     309
     303
     302
     317
     305
     314
     321
     305
     324
     291
     304
     304
     295
     297
     308
     308
     310
     307
     309
     337
     329
     263
     309
     318
     292
     327
     284
     274
     313
     324
     321
     325
     278
     338
     288
     270
     300
     306
     300
     304
     314
     304
     306
     301
     291
     300
     304
     318
     318
     301
     312
     314
     326
     287
     317
     328
     326
     310
     336
     311
     305
     265
     331
     302
     308
     311
     316
     310
     320
     300
     279
     355
     290
     301
     320
     326
     330
     335
     310
     312
     316
     304
     345
     319
     355
     327
     319
     284
     313
     328
     299
     340
     326
     327
     344
     334
     305
     321
     330
     327
     339
     305
     306
     304
     334
     352
     314
     298
     334
     314
     304
     319
     324
     321
     336
     323
     321
     290
     342
     339
     330
     307
     320
     306
     297
     314
     336
     324
     318
     293
     293
     310
     308
     298
     309
     303
     310
     306
     296
     356
     304
     313
     320
     363
     347
     314
     325
     298
     313
     312
     312
     333
     317
     333
     307
     336
     324
     294
     336
     331
     338
     320
     318
     336
     296
     305
     320
     312
     322
     325
     331
     328
     305
     342
     272
     327
     339
     294
     326
     341
     326
     304
     326
     327
     298
     307
     312
     309
     303
     291
     312
     317
     320
     315
     319
     327
     321
     330
     333
     348
     335
     341
     321
     374
     304
     338
     292
     313
     320
     324
     351
     342
     306
     320
     307
     301
     284
     284
     311
     349
     332
     326
     331
     328
     344
     317
     310
     307
     324
     290
     328
     350
     316
     325
     328
     327
     345
     309
     319
     323
     330
     314
     332
     332
     318
     317
     336
     301
     336
     315
     316
     315
     281
     304
     314
     323
     317
     345
     307
     350
     333
     312
     329
     333
     331
     322
     339
     339
     343
     310
     340
     329
     318
     299
     326
     310
     316
     343
     325
     324
     352
     307
     284
     330
     350
     328
     306
     348
     309
     340
     328
     321
     325
     319
     333
     351
     310
     340
     350
     314
     302
     304
     323
     365
     316
     308
     314
     312
     308
     338
     320
     317
     303
     333
     311
     316
     309
     330
     317
     334
     305
     318
     344
     309
     356
     331
     316
     323
     316
     287
     345
     347
     306
     306
     326
     326
     327
     332
     346
     320
     312
     322
     318
     333
     354
     320
     336
     328
     295
     295
     332
     341
     338
     337
     338
     336
     323
     326
     310
     339
     340
     339
     316
     356
     347
     328
     292
     333
     327
     335
     326
     329
     303
     336
     353
     304
     344
     329
     344
     349
     310
     308
     315
     314
     337
     325
     317
     315
     312
     354
     344
     354
     285
     330
     352
     308
     343
     355
     346
     308
     334
     318
     314
     333
     337
     350
     351
     371
     338
     316
     331
     300
     346
     334
     318
     342
     342
     311
     338
     335
     347
     347
     329
     288
     345
     348
     333
     317
     312
     352
     329
     334
     318
     312
     331
     321
     299
     377
     295
     329
     328
     320
     357
     309
     314
     339
     319
     300
     325
     344
     361
     336
     347
     303
     326
     352
     356
     324
     318
     340
     344
     312
     317
     297
     337
     331
     317
     330
     306
     344
     351
     341
     316
     341
     352
     312
     338
     371
     338
     311
     309
     314
     321
     338
     359
     340
     345
     341
     327
     356
     316
     339
     362
     303
     339
     301
     351
     338
     336
     347
     344
     347
     353
     350
     330
     358
     315
     330
     316
     300
     358
     350
     334
     372
     346
     337
     311
     327
     366
     294
     346
     331
     326
     356
     337
     331
     356
     323
     325
     356
     357
     318
     340
     349
     324
     340
     307
     340
     342
     343
     308
     325
     301
     345
     344
     342
     325
     370
     333
     325
     343
     344
     322
     304
     381
     335
     383
     344
     329
     325
     365
     355
     343
     356
     349
     333
     300
     363
     343
     334
     332
     345
     337
     322
     357
     346
     355
     324
     332
     337
     346
     343
     355
     332
     360
     357
     348
     355
     318
     365
     341
     325
     319
     341
     333
     350
     370
     350
     338
     380
     356
     348
     337
     374
     358
     385
     381
     362
     344
     340
     317
     374
     326
     358
     380
     345
     337
     330
     360
     342
     345
     367
     373
     343
     334
     341
     354
     373
     330
     341
     373
     349
     371
     348
     329
     337
     355
     363
     382
     365
     347
     337
     331
     351
     375
     342
     376
     356
     357
     334
     379
     365
     361
     373
     354
     347
     371
     368
     348
     354
     332
     367
     371
     357
     353
     370
     342
     358
     413
     378
     383
     366
     380
     357
     337
     353
     355
     353
     370
     347
     377
     324
     360
     356
     367
     319
     357
     353
     361
     345
     358
     341
     354
     381
     350
     342
     339
     331
     366
     360
     397
     358
     382
     358
     369
     338
     348
     378
     358
     373
     336
     370
     386
     360
     364
     378
     344
     357
     331
     350
     377
     340
     343
     381
     351
     343
     372
     357
     405
     332
     396
     342
     367
     369
     377
     341
     349
     348
     381
     408
     372
     366
     346
     365
     362
     355
     365
     349
     346
     353
     390
     380
     398
     341
     355
     380
     350
     340
     330
     390
     365
     363
     356
     340
     388
     323
     361
     365
     357
     392
     378
     377
     381
     335
     401
     387
     334
     377
     366
     359
     381
     388
     347
     377
     383
     354
     353
     355
     349
     352
     347
     380
     334
     364
     384
     366
     365
     348
     385
     349
     354
     387
     393
     366
     391
     386
     395
     372
     389
     386
     367
     331
     348
     374
     375
     389
     367
     382
     391
     354
     365
     373
     393
     374
     358
     399
     382
     380
     396
     361
     384
     351
     371
     380
     420
     360
     383
     354
     349
     377
     367
     340
     357
     396
     348
     411
     348
     386
     397
     376
     352
     415
     365
     370
     382
     394
     386
     377
     344
     370
     397
     393
     369
     383
     352
     392
     396
     411
     372
     363
     368
     362
     353
     375
     362
     377
     381
     389
     347
     357
     375
     364
     394
     376
     382
     371
     360
     415
     352
     372
     392
     369
     372
     397
     340
     373
     372
     387
     397
     370
     371
     380
     368
     369
     398
     386
     388
     356
     366
     377
     370
     386
     397
     421
     391
     384
     364
     409
     376
     427
     381
     389
     376
     391
     396
     366
     390
     393
     360
     374
     398
     370
     366
     403
     420
     352
     343
     395
     393
     377
     380
     373
     371
     369
     375
     363
     394
     357
     358
     369
     401
     341
     362
     346
     369
     379
     389
     357
     358
     376
     374
     350
     380
     394
     354
     397
     380
     352
     404
     396
     352
     396
     367
     361
     341
     375
     387
     383
     389
     368
     430
     383
     370
     401
     385
     339
     392
     364
     385
     371
     386
     374
     396
     358
     410
     388
     398
     386
     382
     372
     348
     361
     390
     407
     399
     373
     387
     387
     379
     358
     377
     349
     341
     362
     386
     364
     366
     370
     361
     374
     368
     322
     388
     344
     372
     372
     379
     379
     382
     355
     385
     337
     395
     400
     369
     405
     362
     382
     398
     349
     381
     369
     354
     387
     379
     381
     377
     378
     391
     400
     362
     396
     377
     369
     367
     387
     382
     372
     371
     348
     382
     355
     404
     372
     331
     365
     372
     356
     372
     358
     394
     360
     367
     357
     376
     374
     395
     384
     377
     366
     371
     345
     368
     363
     389
     371
     361
     373
     376
     379
     387
     340
     374
     368
     366
     381
     405
     391
     356
     400
     373
     375
     377
     341
     397
     375
     407
     375
     361
     341
     384
     365
     368
     416
     371
     407
     370
     370
     361
     369
     378
     373
     406
     373
     361
     374
     385
     376
     381
     367
     360
     388
     341
     349
     389
     368
     385
     404
     373
     354
     369
     352
     355
     378
     360
     396
     366
     346
     417
     391
     383
     366
     397
     355
     366
     325
     364
     363
     391
     376
     351
     384
     381
     338
     351
     360
     382
     358
     343
     368
     305
     410
     375
     324
     359
     357
     384
     376
     377
     384
     370
     379
     380
     366
     372
     323
     401
     391
     338
     386
     355
     348
     362
     351
     365
     355
     332
     332
     338
     347
     371
     359
     356
     384
     361
     375
     366
     367
     367
     358
     377
     347
     338
     354
     363
     352
     372
     362
     340
     364
     398
     341
     338
     341
     356
     368
     364
     355
     365
     385
     355
     358
     330
     324
     366
     388
     380
     345
     348
     362
     353
     343
     353
     335
     333
     338
     340
     328
     374
     359
     346
     351
     374
     350
     346
     359
     383
     346
     326
     364
     348
     358
     334
     326
     329
     364
     330
     350
     358
     350
     331
     363
     343
     368
     319
     341
     336
     351
     348
     383
     347
     320
     363
     360
     362
     337
     337
     318
     348
     337
     343
     328
     335
     315
     328
     374
     340
     329
     345
     348
     336
     356
     354
     333
     334
     347
     339
     354
     344
     328
     348
     357
     327
     308
     329
     336
     369
     308
     359
     290
     332
     357
     327
     329
     338
     340
     329
     313
     337
     337
     376
     320
     348
     359
     364
     300
     340
     301
     309
     317
     315
     335
     332
     327
     319
     322
     347
     307
     310
     367
     284
     323
     322
     328
     337
     330
     342
     322
     316
     321
     314
     327
     322
     348
     325
     319
     301
     289
     300
     299
     312
     332
     352
     318
     307
     290
     330
     328
     323
     324
     292
     296
     315
     312
     317
     310
     305
     299
     299
     270
     302
     338
     305
     347
     331
     314
     308
     330
     309
     325
     305
     345
     321
     323
     307
     309
     348
     321
     310
     307
     315
     321
     304
     338
     318
     323
     289
     327
     307
     348
     291
     312
     295
     306
     302
     289
     281
     300
     314
     279
     288
     309
     277
     299
     308
     309
     283
     297
     296
     311
     293
     286
     331
     285
     303
     306
     310
     308
     263
     318
     290
     309
     304
     321
     333
     327
     300
     296
     293
     324
     288
     306
     286
     305
     291
     311
     298
     295
     292
     267
     329
     277
     326
     304
     314
     312
     267
     303
     313
     304
     302
     280
     291
     319
     280
     295
     293
     317
     292
     325
     279
     294
     274
     273
     340
     278
     275
     279
     284
     297
     295
     260
     263
     277
     280
     259
     308
     290
     253
     290
     283
     285
     247
     257
     288
     282
     275
     293
     291
     287
     278
     274
     274
     295
     279
     262
     275
     304
     297
     274
     289
     261
     269
     322
     277
     308
     284
     297
     299
     289
     268
     272
     286
     298
     294
     293
     274
     261
     301
     289
     256
     307
     261
     270
     271
     278
     318
     274
     265
     267
     229
     261
     279
     299
     284
     271
     273
     276
     293
     288
     294
     280
     297
     299
     267
     320
     281
     271
     259
     264
     289
     269
     282
     263
     256
     266
     278
     287
     297
     280
     281
     275
     285
     270
     290
     263
     248
     282
     275
     268
     267
     238
     288
     258
     275
     309
     290
     258
     266
     259
     263
     271
     265
     276
     282
     282
     265
     294
     286
     279
     292
     259
     285
     265
     265
     271
     238
     276
     240
     285
     251
     272
     288
     295
     260
     284
     298
     278
     238
     290
     261
     284
     328
     262
     293
     265
     278
     262
     290
     242
     260
     280
     266
     256
     283
     288
     261
     290
     277
     267
     260
     275
     274
     287
     285
     268
     267
     279
     274
     234
     262
     271
     242
     262
     272
     252
     273
     252
     273
     269
     260
     264
     274
     261
     268
     240
     248
     277
     276
     273
     246
     250
     248
     268
     284
     254
     263
     287
     264
     271
     251
     262
     251
     292
     272
     258
     285
     257
     233
     254
     285
     271
     262
     269
     248
     261
     269
     276
     259
     280
     249
     280
     252
     246
     271
     273
     252
     275
     252
     298
     237
     284
     271
     251
     258
     257
     289
     259
     280
     265
     266
     251
     227
     257
     252
     251
     265
     283
     266
     249
     257
     275
     284
     261
     249
     252
     272
     259
     241
     272
     262
     243
     250
     234
     268
     245
     240
     255
     286
     253
     284
     248
     265
     251
     249
     260
     265
     250
     261
     230
     262
     254
     255
     276
     251
     245
     285
     288
     230
     256
     271
     259
     238
     258
     240
     262
     252
     275
     274
     243
     265
     283
     242
     247
     229
     246
     228
     251
     248
     278
     283
     233
     264
     251
     228
     236
     250
     279
     294
     248
     253
     254
     265
     241
     249
     238
     274
     238
     256
     242
     244
     256
     255
     255
     230
     281
     265
     258
     258
     251
     235
     223
     253
     251
     250
     268
     236
     210
     273
     253
     267
     275
     240
     262
     253
     267
     243
     257
     232
     227
     247
     245
     257
     273
     259
     238
     252
     210
     236
     250
     261
     258
     265
     279
     241
     258
     231
     270
     251
     257
     249
     226
     255
     252
     252
     237
     240
     257
     244
     240
     240
     250
     241
     269
     271
     264
     241
     255
     244
     269
     208
     249
     253
     248
     247
     245
     226
     267
     243
     236
     221
     239
     248
     262
     251
     221
     256
     244
     262
     225
     249
     233
     244
     245
     214
     222
     249
     264
     247
     226
     252
     244
     265
     246
     265
     226
     262
     232
     249
     255
     229
     208
     235
     267
     262
     245
     246
     241
     237
     215
     254
     245
     230
     263
     239
     270
     236
     226
     245
     242
     248
     242
     217
     233
     223
     247
     222
     233
     254
     277
     227
     267
     230
     256
     249
     214
     228
     278
     230
     234
     247
     215
     247
     254
     225
     259
     263
     265
     236
     238
     255
     244
     247
     241
     258
     267
     251
     243
     258
     221
     248
     249
     257
     250
     241
     268
     245
     245
     227
     249
     242
     250
     252
     251
     253
     252
     242
     253
     239
     267
     243
     234
     248
     232
     263
     275
     257
     259
     230
     250
     233
     244
     273
     269
     246
     238
     310
     265
     242
     238
     227
     235
     285
     256
     234
     250
     258
     256
     251
     253
     230
     266
     284
     219
     263
     266
     241
     253
     264
     228
     233
     236
     280
     243
     263
     259
     232
     258
     282
     241
     258
     281
     273
     251
     257
     276
     261
     251
     241
     242
     290
     281
     288
     265
     280
     207
     250
     281
     247
     294
     261
     286
     277
     274
     245
     257
     272
     241
     257
     301
     268
     256
     275
     284
     236
     258
     276
     254
     263
     277
     282
     299
     278
     250
     290
     269
     288
     237
     297
     284
     281
     281
     285
     272
     293
     272
     297
     255
     290
     278
     288
     275
     304
     253
     276
     267
     286
     281
     277
     285
     270
     308
     289
     288
     281
     302
     289
     281
     289
     293
     305
     306
     297
     295
     292
     287
     275
     322
     305
     294
     316
     285
     326
     290
     284
     329
     335
     318
     321
     308
     332
     333
     315
     337
     324
     361
     306
     317
     352
     336
     324
     322
     324
     341
     298
     374
     338
     360
     366
     316
     355
     358
     364
     328
     348
     405
     357
     364
     322
     379
     381
     339
     358
     372
     394
     363
     395
     387
     356
     367
     324
     367
     379
     385
     376
     395
     406
     365
     365
     379
     370
     370
     386
     422
     393
     400
     404
     373
     382
     404
     404
     440
     402
     397
     366
     430
     419
     422
     391
     462
     406
     412
     419
     435
     448
     478
     439
     416
     443
     407
     446
     440
     472
     445
     446
     461
     438
     428
     403
     438
     439
     447
     492
     469
     421
     429
     445
     481
     479
     484
     502
     466
     478
     519
     457
     470
     509
     504
     455
     522
     511
     507
     498
     498
     510
     534
     514
     498
     528
     514
     472
     517
     532
     514
     517
     478
     541
     517
     533
     545
     481
     586
     576
     527
     589
     540
     575
     611
     577
     564
     575
     588
     600
     529
     549
     593
     609
     575
     571
     616
     566
     620
     554
     592
     646
     597
     648
     630
     588
     609
     648
     610
     624
     615
     636
     633
     627
     659
     645
     667
     696
     659
     663
     664
     635
     678
     648
     626
     649
     696
     675
     627
     707
     672
     693
     682
     629
     687
     641
     678
     670
     682
     690
     684
     711
     720
     726
     700
     713
     706
     741
     698
     682
     730
     679
     715
     710
     725
     756
     691
     701
     730
     776
     735
     697
     692
     720
     785
     742
     753
     753
     737
     739
     789
     774
     743
     838
     750
     768
     815
     836
     785
     776
     831
     812
     811
     770
     821
     797
     799
     759
     788
     808
     813
     806
     826
     768
     805
     804
     811
     796
     823
     787
     775
     849
     819
     873
     832
     829
     822
     823
     824
     828
     870
     809
     897
     824
     885
     821
     819
     873
     788
     843
     884
     837
     869
     814
     858
     896
     800
     860
     875
     918
     910
     838
     884
     918
     896
     872
     890
     905
     841
     850
     908
     869
     863
     891
     852
     876
     891
     883
     905
     892
     920
     868
     888
     872
     912
     926
     890
     867
     885
     896
     867
     804
     847
     881
     903
     910
     920
     871
     883
     904
     847
     891
     894
     880
     888
     920
     892
     866
     895
     958
     841
     855
     878
     858
     897
     802
     923
     904
     906
     839
     857
     828
     913
     895
     845
     875
     876
     877
     895
     895
     908
     851
     888
     936
     902
     934
     912
     852
     875
     874
     899
     898
     888
     888
     880
     877
     879
     854
     834
     805
     890
     820
     901
     871
     809
     901
     828
     862
     885
     862
     852
     842
     864
     860
     850
     857
     801
     829
     909
     841
     851
     785
     813
     783
     820
     815
     834
     768
     773
     770
     799
     813
     786
     804
     792
     794
     781
     768
     811
     822
     806
     776
     778
     806
     768
     804
     756
     820
     747
     678
     767
     742
     770
     765
     713
     759
     808
     759
     803
     742
     785
     772
     735
     748
     760
     731
     751
     770
     740
     704
     690
     722
     719
     688
     741
     674
     715
     733
     710
     704
     744
     693
     675
     734
     659
     733
     713
     696
     680
     703
     669
     679
     677
     698
     682
     662
     703
     630
     639
     609
     698
     625
     682
     615
     688
     665
     619
     660
     632
     650
     632
     663
     595
     602
     619
     602
     636
     634
     603
     588
     589
     603
     604
     602
     597
     605
     598
     628
     581
     568
     571
     568
     571
     625
     592
     558
     536
     564
     547
     565
     547
     594
     527
     502
     558
     536
     496
     539
     537
     503
     482
     496
     471
     515
     527
     520
     502
     479
     509
     522
     474
     536
     481
     483
     542
     514
     470
     453
     500
     499
     441
     472
     506
     480
     491
     445
     456
     476
     490
     428
     458
     465
     436
     438
     463
     428
     443
     441
     445
     410
     431
     452
     454
     443
     438
     429
     415
     402
     417
     423
     408
     444
     416
     402
     396
     394
     414
     412
     385
     387
     368
     415
     427
     368
     353
     407
     366
     369
     359
     337
     382
     343
     382
     379
     382
     414
     333
     387
     355
     361
     357
     347
     362
     330
     329
     330
     345
     337
     379
     349
     364
     315
     327
     347
     324
     345
     333
     314
     325
     317
     338
     326
     355
     363
     331
     336
     292
     335
     330
     315
     320
     286
     305
     333
     314
     343
     318
     313
     315
     303
     300
     303
     293
     300
     344
     282
     318
     296
     307
     308
     305
     292
     323
     280
     322
     263
     293
     287
     313
     328
     280
     264
     283
     258
     314
     276
     325
     290
     285
     271
     273
     306
     267
     315
     280
     295
     292
     270
     273
     289
     277
     251
     278
     292
     275
     286
     271
     260
     262
     229
     291
     289
     285
     289
     303
     269
     242
     253
     272
     319
     277
     266
     271
     298
     268
     272
     279
     267
     259
     263
     306
     264
     264
     257
     288
     268
     240
     274
     286
     261
     272
     258
     253
     276
     289
     268
     276
     274
     256
     265
     248
     310
     260
     279
     272
     305
     272
     296
     283
     298
     266
     270
     281
     248
     279
     278
     272
     250
     264
     252
     300
     272
     277
     281
     264
     265
     294
     285
     284
     299
     279
     268
     281
     294
     270
     270
     290
     295
     280
     282
     289
     279
     322
     316
     300
     295
     296
     274
     289
     279
     295
     325
     266
     319
     317
     267
     313
     309
     315
     257
     294
     318
     320
     278
     307
     304
     329
     318
     291
     299
     306
     323
     319
     296
     316
     313
     321
     348
     349
     334
     316
     291
     333
     308
     316
     304
     341
     334
     333
     387
     356
     298
     355
     345
     357
     360
     343
     363
     361
     346
     349
     367
     341
     364
     290
     329
     331
     367
     350
     355
     382
     396
     374
     387
     370
     352
     395
     398
     404
     389
     404
     355
     386
     342
     369
     412
     389
     407
     402
     343
     401
     389
     388
     418
     375
     396
     381
     409
     443
     383
     398
     406
     424
     421
     393
     445
     435
     401
     417
     422
     423
     433
     397
     467
     431
     442
     449
     441
     456
     437
     451
     459
     450
     410
     451
     450
     490
     497
     475
     443
     424
     481
     515
     490
     479
     481
     490
     503
     494
     499
     474
     514
     491
     487
     495
     494
     500
     510
     528
     483
     494
     500
     483
     571
     534
     587
     521
     522
     533
     554
     520
     489
     485
     499
     561
     532
     524
     536
     562
     542
     593
     559
     559
     545
     512
     562
     536
     563
     584
     541
     558
     561
     587
     575
     557
     560
     576
     575
     582
     604
     649
     592
     529
     618
     554
     562
     568
     559
     612
     623
     611
     565
     578
     641
     596
     608
     619
     613
     619
     632
     639
     591
     651
     598
     655
     593
     645
     630
     670
     574
     612
     588
     661
     657
     625
     605
     592
     616
     631
     639
     626
     638
     659
     623
     624
     648
     645
     610
     668
     634
     670
     677
     670
     675
     629
     744
     637
     690
     681
     682
     663
     683
     667
     646
     712
     695
     726
     696
     698
     706
     627
     680
     757
     685
     673
     705
     701
     680
     705
     733
     720
     679
     714
     672
     704
     723
     722
     671
     704
     682
     737
     665
     728
     695
     683
     658
     699
     685
     687
     733
     677
     724
     684
     691
     680
     716
     676
     705
     736
     681
     710
     737
     732
     726
     684
     744
     742
     742
     769
     765
     693
     693
     693
     727
     666
     761
     722
     703
     719
     714
     700
     718
     767
     708
     742
     719
     685
     687
     734
     692
     717
     705
     670
     761
     744
     723
     720
     755
     732
     710
     775
     714
     708
     708
     693
     736
     728
     719
     699
     688
     670
     697
     712
     723
     706
     716
     732
     724
     729
     709
     749
     689
     713
     696
     714
     682
     718
     709
     730
     692
     657
     704
     697
     688
     707
     724
     695
     666
     713
     701
     666
     702
     662
     679
     685
     664
     642
     655
     631
     659
     685
     643
     656
     664
     706
     706
     630
     685
     686
     627
     668
     622
     700
     679
     675
     728
     676
     645
     649
     633
     644
     613
     644
     663
     671
     639
     694
     644
     622
     662
     610
     641
     593
     620
     617
     592
     634
     608
     622
     612
     614
     575
     596
     586
     616
     665
     625
     602
     570
     634
     562
     600
     597
     610
     610
     599
     608
     522
     577
     574
     542
     574
     593
     559
     570
     532
     538
     554
     606
     590
     589
     552
     572
     526
     512
     548
     579
     551
     553
     556
     532
     522
     529
     498
     536
     532
     528
     508
     518
     506
     495
     548
     499
     517
     552
     531
     515
     506
     494
     464
     487
     497
     489
     491
     442
     459
     465
     521
     477
     473
     493
     473
     482
     436
     434
     511
     419
     460
     480
     464
     452
     431
     443
     435
     438
     461
     458
     453
     439
     436
     436
     428
     399
     427
     410
     412
     405
     376
     402
     433
     392
     417
     429
     418
     433
     380
     407
     401
     396
     346
     396
     374
     392
     422
     359
     379
     378
     370
     352
     369
     363
     409
     376
     377
     368
     391
     371
     318
     346
     334
     331
     370
     342
     372
     359
     329
     339
     336
     326
     349
     324
     358
     296
     354
     292
     328
     298
     322
     288
     324
     297
     316
     330
     307
     321
     301
     318
     317
     294
     272
     302
     293
     304
     284
     261
     286
     304
     274
     291
     289
     296
     281
     269
     278
     249
     270
     290
     262
     251
     270
     252
     254
     258
     285
     267
     251
     244
     262
     244
     271
     249
     252
     249
     259
     230
     225
     241
     250
     236
     256
     237
     228
     221
     244
     191
     206
     244
     198
     221
     228
     251
     210
     215
     218
     213
     190
     210
     227
     216
     199
     218
     206
     225
     211
     193
     197
     158
     198
     182
     189
     168
     194
     191
     199
     191
     179
     215
     209
     186
     153
     171
     169
     162
     194
     191
     184
     188
     151
     173
     174
     202
     185
     170
     214
     164
     180
     173
     168
     154
     174
     152
     157
     160
     160
     142
     175
     141
     167
     163
     134
     140
     143
     161
     124
     139
     167
     143
     146
     141
     138
     152
     126
     156
     143
     145
     136
     159
     147
     130
     132
     118
     114
     138
     128
     140
     124
     129
     134
     138
     126
     123
     126
     160
     118
     129
     138
     133
      99
     130
     125
     133
     123
     119
     115
     108
     101
     105
     115
     108
     124
     116
     142
     122
     101
     105
     102
     101
     145
     114
      92
     114
     119
     104
      93
     110
     126
      89
     109
     126
     101
      99
     108
     110
     116
     107
     107
      91
     108
      99
      93
     106
      95
     100
      88
     111
      97
     102
      85
     116
     103
      87
      79
     104
      92
      96
      90
      83
      82
      87
      74
     107
      80
      81
      89
      86
      91
      88
      90
      96
      79
      83
      89
      75
      75
      82
      90
      84
      74
      92
      73
      82
      87
      67
     103
      85
      88
      61
      76
      71
      78
      69
      74
      82
      80
      74
      57
      72
      74
      68
      84
      70
      93
      76
      75
      65
      77
      80
      62
      69
      82
      66
      74
      79
      82
      75
      87
      88
      70
      72
      74
      89
      70
      74
      62
      54
      80
      65
      64
      70
      66
      50
      69
      82
      82
      72
      65
      65
      69
      69
      55
      56
      61
      75
      65
      62
      66
      69
      62
      67
      83
      67
      68
      57
      56
      79
      53
      95
      55
      74
      67
      59
      60
      63
      72
      76
      60
      62
      58
      49
      56
      57
      66
      66
      62
      67
      67
      61
      55
      61
      55
      64
      68
      68
      59
      55
      48
      62
      54
      61
      70
      48
      61
      51
      57
      60
      48
      46
      55
      58
      52
      50
      53
      67
      63
      43
      64
      63
      48
      51
      43
      66
      57
      55
      46
      46
      51
      45
      52
      60
      57
      61
      60
      49
      59
      54
      54
      36
      55
      38
      52
      54
      61
      52
      61
      58
      59
      52
      48
      58
      61
      38
      43
      47
      50
      55
      49
      54
      59
      52
      56
      61
      54
      47
      53
      47
      48
      52
      31
      42
      46
      53
      55
      36
      53
      49
      51
      54
      46
      45
      49
      49
      46
      29
      47
      42
      46
      56
      50
      53
      48
      50
      51
      52
      38
      42
      41
      44
      43
      47
      48
      43
      48
      41
      47
      46
      48
      44
      43
      39
      42
      40
      47
      55
      37
      47
      61
      56
      55
      46
      37
      39
      54
      42
      40
      55
      52
      49
      34
      48
      52
      45
      49
      49
      64
      44
      44
      44
      35
      40
      44
      44
      40
      51
      36
      48
      34
      43
      33
      37
      35
      33
      46
      47
      37
      52
      41
      42
      27
      49
      41
      57
      38
      37
      44
      49
      35
      50
      31
      45
      46
      44
      40
      38
      38
      45
      49
      44
      36
      44
      28
      40
      41
      46
      32
      35
      42
      47
      34
      37
      34
      34
      35
      36
      44
      31
      43
      41
      50
      33
      41
      32
      41
      38
      43
      45
      41
      25
      41
      39
      35
      29
      40
      45
      38
      38
      38
      26
      34
      42
      38
      47
      32
      42
      60
      31
      30
      30
      36
      46
      45
      40
      32
      38
      33
      31
      38
      31
      35
      33
      41
      32
      31
      28
      38
      29
      35
      40
      46
      37
      32
      35
      30
      30
      32
      38
      33
      27
      25
      33
      30
      44
      32
      42
      32
      33
      31
      42
      33
      33
      29
      30
      29
      33
      43
      34
      35
      34
      38
      37
      36
      35
      32
      36
      24
      39
      24
      31
      30
      35
      39
      23
      28
      27
      26
      35
      34
      24
      38
      40
      37
      35
      34
      21
      28
      36
      41
      31
      49
      29
      21
      30
      31
      24
      32
      34
      28
      31
      32
      37
      37
      30
      30
      33
      36
      43
      26
      30
      29
      42
      28
      35
      32
      28
      29
      27
      27
      32
      38
      39
      31
      36
      29
      36
      23
      24
      32
      32
      27
      30
      29
      32
      36
      37
      23
      25
      22
      37
      35
      34
      27
      35
      30
      27
      35
      28
      37
      36
      23
      29
      28
      30
      34
      26
      34
      34
      22
      28
      32
      26
      31
      29
      29
      28
      36
      24
      29
      28
      30
      32
      31
      39
      33
      27
      31
      24
      31
      27
      32
      30
      30
      28
      34
      25
      18
      28
      23
      30
      29
      22
      35
      33
      33
      37
      26
      33
      19
      26
      30
      25
      33
      25
      26
      25
      32
      36
      19
      21
      24
      31
      27
      29
      26
      25
      24
      28
      28
      22
      36
      33
      20
      31
      25
      21
      37
      28
      35
      27
      31
      23
      17
      26
      22
      29
      33
      21
      32
      31
      33
      24
      31
      21
      26
      26
      37
      21
      29
      29
      40
      27
      23
      17
      27
      36
      31
      25
      43
      27
      30
      21
      28
      20
      28
      28
      30
      27
      27
      43
      29
      22
      26
      23
      33
      22
      21
      27
      19
      23
      34
      33
      22
      35
      33
      21
      26
      28
      25
      27
      42
      32
      24
      25
      24
      23
      27
      30
      25
      26
      32
      17
      32
      30
      28
      25
      32
      25
      14
      24
      38
      23
      23
      37
      22
      30
      27
      24
      24
      25
      23
      29
      27
      30
      26
      20
      28
      21
      19
      29
      26
      27
      30
      32
      34
      28
      30
      21
      26
      17
      23
      20
      19
      22
      27
      19
      29
      26
      23
      26
      19
      29
      20
      27
      19
      27
      21
      23
      24
      25
      23
      35
      33
      28
      29
      29
      23
      24
      24
      35
      27
      18
      29
      35
      16
      30
      36
      23
      34
      29
      36
      33
      22
      17
      29
      26
      32
      25
      20
      21
      24
      24
      33
      25
      23
      31
      20
      24
      26
      29
      27
      20
      20
      33
      17
      30
      23
      28
      22
      24
      28
      30
      30
      32
      17
      20
      31
      19
      17
      25
      25
      23
      19
      22
      31
      29
      23
      19
      27
      20
      21
      21
      29
      28
      34
      29
      31
      25
      28
      26
      18
      33
      21
      20
      24
      25
      26
      32
      32
      29
      36
      29
      33
      32
      25
      35
      30
      33
      24
      19
      28
      18
      21
      23
      17
      17
      21
      27
      22
      27
      31
      23
      36
      24
      24
      17
      26
      20
      25
      12
      35
      20
      31
      25
      24
      24
      17
      23
      27
      24
      21
      20
      28
      15
      21
      32
      25
      27
      22
      20
      30
      31
      21
      24
      28
      18
      18
      29
      30
      30
      22
      25
      34
      20
      16
      25
      22
      28
      12
      16
      22
      25
      26
      26
      26
      28
      26
      16
      22
      24
      27
      26
      25
      22
      18
      24
      25
      25
      23
      16
      20
      23
      26
      18
      22
      19
      30
      31
      27
      22
      16
      29
      23
      35
      26
      26
      22
      23
      31
      22
      12
      12
      19
      23
      22
      27
      18
      20
      28
      21
      17
      18
      36
      18
      25
      25
      22
      22
      26
      23
      21
      14
      24
      22
      27
      17
      22
      19
      25
      30
      18
      29
      21
      12
      20
      17
      23
      22
      23
      24
      22
      21
      27
      17
      17
      27
      23
      24
      30
      23
      17
      17
      28
      24
      19
      19
      23
      15
      21
      21
      16
      20
      27
      23
      19
      23
      24
      22
      23
      18
      19
      16
      16
      31
      21
      24
      23
      20
      25
      26
      28
      29
      23
      22
      24
      18
      26
      17
      18
      24
      28
      19
      20
      23
      22
      20
      24
      16
      19
      29
      20
      26
      19
      28
      21
      27
      26
      18
      14
      17
      33
      26
      22
      23
      30
      24
      20
      30
      29
      21
      21
      18
      23
      22
      24
      23
      22
      39
      19
      19
      21
      21
      23
      22
      33
      17
      23
      22
      24
      22
      23
      24
      25
      13
      21
      24
      21
      25
      16
      25
      24
      20
      27
      29
      20
      24
      25
      23
      23
      22
      30
      13
      26
      18
      11
      22
      19
      23
      18
      17
      26
      27
      17
      19
      26
      23
      16
      21
      21
      22
      26
      17
      28
      13
      13
      22
      27
      23
      26
      25
      19
      28
      28
      19
      22
      18
      24
      16
      20
      16
      13
      27
      21
      20
      22
      13
      20
      24
      19
      28
      23
      22
      21
      31
      13
      22
      15
      34
      34
      21
      23
      18
      19
      20
      14
      27
      18
      28
      24
      19
      26
      23
      24
      17
      22
      22
      21
      21
      18
      18
      24
      25
      23
      18
      27
      19
      19
      13
      18
      21
      18
      20
      19
      16
      19
      17
      21
      11
      23
      15
      19
      33
      15
      21
      11
      16
      29
      27
      21
      23
      20
      14
      18
      20
      21
      20
      22
      24
      29
      26
      25
      23
      19
      22
      20
      14
      20
      28
      22
      25
       8
      27
      20
      17
      18
      29
      15
      20
      19
      23
      23
      19
      20
      25
      19
      21
      18
      13
      20
      22
      28
      21
      15
      15
      11
      17
      15
      16
      13
      20
      18
      13
      20
      21
      23
      21
      18
      15
      19
      21
      19
      18
      15
      13
      22
      20
      24
      29
      14
      13
      21
      23
      17
      18
      25
      20
      20
      19
      15
      19
      20
      31
      21
      12
      19
      19
      12
      23
      21
      20
      25
      17
      22
      20
      17
      19
      22
      13
      16
      20
      19
      13
      28
      24
      23
      24
      19
      22
      19
      27
      24
      18
      22
      17
      15
      26
      19
      26
      18
      25
      13
      23
      17
      15
      19
      21
      14
      24
      17
      18
      27
      25
      18
      27
      24
      23
      19
      27
      17
      21
      18
      26
      20
      17
      11
      22
      17
      27
      23
      18
      22
      21
      28
      25
      24
      14
      15
      25
      15
      18
      20
      17
      11
      28
      22
      18
      28
      20
      17
      20
      22
      17
      15
      22
      20
       9
      20
      25
      16
      17
      22
      21
      25
      16
      17
      24
      16
      18
      19
      14
      20
      15
      23
      13
      18
      18
      15
      27
      25
      18
      16
      20
      28
      16
       9
      22
      19
      19
      25
      19
      20
      19
      17
      21
      21
      21
       9
      11
      16
      14
      16
      19
      19
      34
      17
      20
      17
      28
      16
      17
      22
      21
      17
      21
      21
      14
      15
      22
      13
      22
      33
      19
      24
      23
      16
      24
      19
      20
      18
      14
      26
      22
      22
      22
      21
      18
      15
      15
      19
      15
      20
      16
      14
      26
      13
      26
      18
      26
      18
      24
      25
      14
      23
      19
      22
      20
      22
      19
      33
      19
      23
      22
      24
      17
      17
      15
      24
      19
      16
      19
      11
      19
      20
      14
      16
      14
      24
      14
      18
      22
      13
      24
      22
      24
      21
      19
      15
      16
      15
      26
      18
      13
      13
      11
      21
      25
      19
      21
      18
      21
      13
      18
      18
      21
      18
      15
      23
      18
      21
      20
      15
      16
      16
      16
      22
      16
      18
      21
      18
      17
      22
      22
      22
      15
      20
      14
      17
      12
      14
      13
      12
      17
      24
      19
      19
      12
      18
      18
      20
      18
      16
      25
      16
      16
      17
      15
      14
      27
      17
      24
      14
      23
      21
      17
      12
      15
      14
      16
      17
      22
      20
      17
      15
      13
      15
      13
      14
      20
      20
      14
      16
       9
      16
      15
      20
      18
      21
      14
      23
      15
      24
      14
      17
      25
      10
      13
      16
      18
      22
      19
       9
      15
      25
      19
      28
      21
      19
      20
      24
      14
      14
      20
      17
      16
      22
      24
      31
      14
      24
      23
      21
      18
      13
       9
      12
      19
      22
      20
      18
      17
      15
      20
      18
      21
      16
      18
      20
      19
      14
      18
      18
      12
      19
      14
      21
      17
      16
      16
      26
      17
      11
      19
       9
      25
      17
       9
      14
      15
      12
      26
      14
      17
      14
      19
      20
      19
      13
      20
      22
      13
      19
      20
      11
      14
      13
      12
      10
      21
      17
      20
      20
      18
      21
      21
      15
      18
      21
      20
      14
      11
      18
      22
      11
      15
      14
      15
      19
      16
      23
      17
      29
      20
      20
      20
      16
      27
      19
      14
      19
      15
      15
      11
      19
      18
      15
      16
      16
      12
      17
      16
      22
      13
      16
      16
      13
      16
      18
      10
      14
      14
      18
      23
      13
      14
      35
      16
      22
      18
      19
      14
      23
      25
      13
      13
      26
      24
      21
      23
      20
      15
      19
      24
      16
      12
      15
      15
      13
      15
      14
      17
      16
      16
      16
      22
      18
      14
      17
      16
      22
      22
      11
      20
      18
      15
      13
      13
      20
      18
      16
      18
      10
      18
      17
      18
      16
      15
      22
      17
      23
      13
      19
      21
      19
      10
      22
      25
      14
      12
      13
      19
      17
      16
      15
      19
      12
      13
      16
      16
      14
      21
      11
      13
      20
      12
      16
      17
      17
      11
      16
      19
      18
      23
      21
      18
      15
      14
      17
      11
      12
      16
      21
      15
      12
      18
      18
      17
      16
      21
      11
      18
      11
      11
      22
      15
      11
      17
      21
      23
      18
      18
      24
      13
      14
      23
      17
      13
      16
      23
      18
      15
      14
      14
      15
      15
      15
      22
      20
      15
      18
      10
      18
      24
      17
      17
       9
      21
      16
      21
      20
      23
      18
      19
      20
      14
      16
      17
      13
      15
      12
      16
      13
      13
      20
      19
      15
      20
      12
      18
      13
      18
      20
      13
      15
       9
      20
      24
      22
      17
      18
      21
      16
      20
      15
      13
      14
      15
      14
      16
      12
      11
      16
      20
      19
      13
      13
      11
      18
      20
      17
      20
      25
      18
      23
      21
      18
      14
      16
      16
      19
      15
      19
      18
      16
      14
      22
      19
      18
      21
      15
      20
      10
      18
      17
      12
      20
      10
      21
      15
      19
      15
      14
       8
      17
      15
      19
      21
      23
      18
      16
      20
      19
      17
      18
      15
      13
      20
       4
      16
      12
      13
      22
      14
      20
      13
      17
      12
      20
      18
      12
      16
      13
      10
      16
      14
      21
      20
      19
      13
      20
      12
      18
      21
       8
      15
      23
      21
      16
      17
      15
      21
      12
      17
      21
      21
      15
      18
      17
      17
      21
      15
      14
      18
      18
      14
      12
      11
       9
      12
      10
      22
      15
      22
      14
      17
      17
      19
      14
      18
      15
      14
      18
      14
      15
      15
      15
      16
      15
      14
      15
      17
      18
      14
      15
      15
      12
       7
      24
      19
      18
      19
      11
      15
      13
       6
      16
      15
      11
      11
      15
      13
      15
      17
      17
      18
      23
      18
      14
      21
      21
      11
      14
      15
       9
      17
      16
      20
      11
      11
      22
      18
      13
      14
      12
      18
      17
      21
      24
      15
      16
      15
      19
      17
      17
      18
      13
      14
      15
      12
      12
      18
      19
      17
      18
      18
      19
      16
      21
      21
      16
      19
      15
       9
      18
      16
      18
      12
      19
      23
      15
      11
      22
      13
      11
      17
      14
      11
      15
      11
      17
      20
      23
      10
      12
      16
      17
      18
      12
      16
      16
      12
      12
      20
      22
      15
      19
       8
      19
      13
      11
      14
      14
      16
      16
      14
      14
      18
       8
      17
      14
      17
      10
      17
      14
      15
      14
      10
      20
      20
       8
      17
      13
      15
      16
      15
      20
       8
      11
      17
      19
      15
      11
      10
      17
      17
      13
      23
      19
      17
      12
      19
      16
      16
      12
      12
      19
      11
      20
      14
      19
      16
      19
      18
      16
      18
      17
      24
      14
      22
      15
      20
      20
      19
      16
      24
      16
      17
      20
      19
      15
      17
      21
      19
      10
      12
      17
      21
       7
      14
      16
      13
      15
      19
      13
      16
      12
      12
      13
      21
      12
      20
      21
      17
      14
      14
      26
      18
      18
      10
      13
      14
      15
       9
      13
      13
      19
      20
      15
      19
      16
      15
      12
      15
      14
      20
      16
      14
      11
      19
      14
      13
      21
      15
      14
      15
       9
      16
       9
      15
      19
      15
      14
      13
      12
      21
      18
      10
      12
      14
      17
      20
      17
      12
      21
      15
      22
      19
      22
      15
      19
      16
      15
      14
      15
      13
      23
      17
      15
      19
      12
      14
      17
      15
      16
      12
      18
      26
      23
      15
      11
      17
      20
      15
      14
      18
      19
      16
      19
      14
      13
      19
      14
      17
      10
      18
      13
      13
      14
      11
      17
      16
      16
      19
      15
      11
      13
      18
      17
      12
      23
      12
      19
      15
      17
      15
      16
      18
      17
      15
      24
      11
      18
      16
      20
      12
      15
      20
      17
      10
      12
      15
      13
      24
      14
      12
      14
      16
      12
      14
      16
      20
       9
      16
      12
      11
      21
      10
      12
      14
      20
      11
      15
      13
       8
      13
      15
      17
      18
      13
      11
      13
      15
      13
      14
      13
      15
      13
      16
      12
      16
      13
      11
      15
      16
      12
      16
      19
      13
      10
      19
      16
      18
      20
      17
      20
      21
      15
      17
      12
      12
      16
      12
       9
      10
      13
      15
      11
      14
      10
      19
      14
      10
      20
      18
      14
      18
      14
      15
      19
      14
      13
      18
      16
      18
      12
      10
      13
      15
      10
      14
      13
      11
      18
      20
      25
      18
      17
      15
      14
      13
      15
      18
      20
      16
      18
      13
      20
      11
      18
      13
      15
      16
       8
      11
      11
      18
      11
      14
      18
      16
      15
      12
      11
      15
      26
      14
      14
      19
      10
      13
      13
      13
      19
      16
      11
      16
      10
       9
      13
      12
      11
      12
      15
      12
      14
      21
      18
      19
      13
      20
      16
      19
      19
      14
      16
      17
      17
      16
      17
      12
      15
      22
       9
      18
      16
      11
      24
      14
      18
      20
      16
      23
      12
      15
      17
      26
      11
      13
      13
      11
      19
      12
      19
      13
      16
      17
      12
      14
      16
      10
      16
      16
      11
       9
      21
      18
      22
      14
      17
       9
      12
      18
      13
      16
      18
      17
      18
      12
      15
      19
      10
      17
      16
      18
       7
      10
      18
      21
      18
      12
      14
      23
      20
      14
      12
      16
      19
      10
      17
      29
      18
      11
      13
      17
      15
      16
      18
      25
      23
       6
      15
      13
      16
      11
      16
      21
      15
      13
      16
      14
      12
      17
      17
      18
      17
       9
      14
      16
      17
      13
      16
      12
      16
      14
      11
      13
      20
      17
      19
      12
      23
      15
      15
      17
      14
      15
      14
      15
      15
      27
      20
      14
      17
       7
      15
      16
      15
      15
      14
      17
      13
      13
      16
      13
       9
      17
      20
      18
      19
      16
      13
      20
      11
      11
      14
      10
      16
       6
      17
      15
       8
      12
      12
      13
      17
       8
      10
      17
      14
      15
       9
      11
       9
      14
      14
      18
      14
       9
      13
      15
       7
      11
      21
      15
      10
      12
      23
       9
      11
      17
      14
      11
      16
      12
      10
       8
      16
      13
      12
      14
      22
      15
      12
      17
      15
      20
      10
      19
      10
      10
      11
      15
      15
      12
       9
      15
      14
      21
      16
      21
       8
      16
      16
      12
      15
      15
      13
      12
      11
      14
      17
      11
      17
      16
      18
      16
      18
      17
      13
      20
      18
      17
      20
      18
      16
      11
      13
      16
      19
      13
      18
      22
      15
      18
      18
      12
      17
      13
      18
      20
      17
      16
      18
      19
      10
      10
      19
      13
      11
      16
      16
      16
      11
      15
      14
      12
      15
      18
      16
      18
      13
      14
      12
      10
      21
      15
      16
      13
      25
      18
      16
      12
      10
      20
      11
      19
      17
      17
      15
      11
      18
      10
      14
      13
      13
      11
      20
      15
      19
      19
      15
      15
       9
      17
       9
       9
      14
      15
      12
      13
      17
      11
      20
      15
      15
      17
      16
      20
      28
      12
      14
      23
      16
      14
      11
      16
      18
      10
      18
      13
      14
      15
      16
      13
      21
      15
      19
      15
      16
      10
      12
      13
      11
      13
      17
      16
      12
      21
      17
      20
      13
      14
      23
      10
      18
      13
      17
      15
      23
       9
      18
      18
      11
      13
      11
      15
      15
      16
      18
      11
      17
      13
      16
      14
      18
      16
      11
      11
      19
      15
      11
      15
       9
       9
      13
      19
      20
      10
       8
      20
      22
       6
      13
      14
      24
      13
      11
       9
      17
      14
      19
      10
      17
      11
      14
       9
      15
      16
      16
      14
      14
      15
      15
      13
      17
      13
      19
      18
      15
      16
      16
      15
      17
      11
      11
      14
      16
      14
      16
      17
      17
      14
       6
      16
      20
      11
      20
      13
      16
      14
      11
      14
      14
      12
      13
      12
      12
      18
      13
      18
      12
      13
      15
      15
      17
      17
      13
      14
      17
      20
      15
      12
      21
      13
      17
      17
      13
       9
      17
      15
      19
      15
      17
      15
      16
      16
       9
      10
      16
      18
      18
      18
      20
      13
      16
      17
      16
      18
       7
      10
      14
      11
      15
      18
      10
       9
      24
      22
      17
      13
      19
      15
      19
      11
      11
      11
      13
      10
      12
      14
      15
      18
      14
      15
      13
      17
      18
      16
      23
      20
       8
      13
      13
      12
      18
      11
      17
      19
      13
      15
      16
      13
      25
      11
      18
      22
       9
      15
      13
       9
      19
      13
      21
      21
      18
      13
      12
      10
       6
      17
      15
      16
      14
      15
      12
      13
      14
      20
      19
      17
      15
      21
      12
      16
      13
      16
      11
      15
      12
      20
      18
      15
      22
      18
      20
      13
      20
      11
      18
      15
      15
      10
       5
      11
      14
      15
      18
      22
      19
      14
      23
      14
      21
       9
      20
      16
      18
      15
      19
      14
      21
      12
      20
       9
      17
      18
      14
      13
      16
      14
      14
      16
      19
      13
      12
      19
      16
       9
      14
      10
      13
      12
      19
      15
      13
      21
      12
      17
      10
       7
      13
      17
      18
      12
      14
      12
      18
      19
      24
      17
      15
      14
      15
      21
      19
      12
      20
      13
      20
      14
       6
      26
      15
      22
      13
      17
      18
      13
      18
      16
      16
      17
      16
      11
      15
      11
      21
      10
      15
      20
      17
      23
      14
      19
      15
      17
      18
      14
      15
      17
      11
      10
      12
      11
      15
      13
      22
      17
      21
      12
      25
      14
      20
      16
       9
      24
      13
      10
      17
      11
      23
      10
      18
      16
      14
      15
      17
      15
      21
      13
      18
      10
       8
      18
      18
      13
      16
      16
      18
      11
      12
      20
      15
      23
      15
      19
      11
      22
      16
      23
      17
       9
      21
      17
      11
      10
      22
      14
      15
      14
      21
      15
      15
      10
      18
      22
      16
      20
      13
      21
      16
      12
      16
       9
      15
      12
      10
      14
      13
      20
       9
      21
      14
      10
      13
      11
      12
      14
      19
      18
      20
      14
      18
      17
      14
      17
      13
      17
      14
      17
      22
      17
      18
      14
      14
      12
      17
      21
      11
      12
      14
      19
      15
      22
      18
      13
      19
      17
      18
      19
      14
      10
      15
      11
      14
      18
      22
      12
      23
      12
      10
      19
      19
      12
      15
      18
      10
      18
      21
      17
      18
      18
      17
      19
      16
      16
      12
      14
      14
      19
      17
      10
      17
      14
      15
      17
      13
      16
      20
      14
      18
      12
      15
      10
      17
      24
      14
      16
      19
      16
      11
      21
      19
       9
      17
      20
      20
      14
      18
      14
       7
      20
      13
      18
      22
      10
      18
      14
      20
      18
      22
      11
      16
      19
      19
      16
      24
      14
      17
      17
      14
      17
      23
      24
      14
      14
      16
      14
      11
      23
      17
      19
      17
      15
      15
      17
      12
      11
      22
      16
      27
      18
      17
      16
      13
      15
      13
      13
      15
      14
      23
      25
      17
      17
      22
      23
      10
      23
      27
      13
      23
      25
      13
      20
      20
      15
      11
      12
      19
      17
      13
      11
      24
      20
      13
      15
      20
      18
      17
      17
      14
      14
      14
      17
      14
      23
      20
      15
      16
      18
      20
      14
       8
      12
      18
      17
      18
      20
      14
      20
      16
      16
       9
      13
      13
      17
      17
      13
       8
      16
      12
      16
      16
       9
      14
      14
       7
      25
      20
      16
      13
      18
      16
      16
      19
      18
      20
      13
      18
      21
      19
      12
      18
      16
      14
      15
      13
      15
      20
      13
      14
      11
      23
      18
      16
      16
       8
      14
      21
      14
      20
      13
      19
      16
      14
      12
      19
      18
      19
      19
      22
      17
      11
      19
      21
      11
      16
      16
       9
      12
      16
      10
      12
      11
      20
      19
      18
      12
      17
      10
      14
      19
      12
      19
      15
      15
      21
      13
      15
      14
      17
      12
      20
      24
      16
       9
      17
      18
      14
      17
      11
      14
      17
      18
      19
      22
      14
      14
      18
      15
      14
      15
      18
      21
      13
      17
      16
       8
      18
      14
      15
      14
      10
      13
      20
      14
      14
      15
      19
      15
      19
       8
      16
      17
      18
      11
      18
      12
      19
      20
      15
      17
      20
      17
      13
      20
      14
      10
      14
      13
      10
      16
      17
      15
      22
      18
      15
      12
      18
      13
      19
      13
      17
      15
      24
      17
      19
      14
      18
      17
      20
      13
      19
      10
      13
      13
      15
       9
      13
      20
      17
      17
       9
       6
      21
      16
      11
      17
      13
      23
      16
      24
      12
      17
      20
      13
      15
      11
      13
      21
      16
      17
      19
      18
       9
      18
      17
      20
      16
      12
      15
      22
      18
      12
       9
      16
      17
      18
      12
      17
      10
      13
      11
      13
      14
      15
      16
      15
      12
      14
      14
       9
      13
      16
      11
      12
      13
      15
      18
       9
      13
      14
      17
      13
      16
      11
      14
       8
      18
      24
      12
      18
      16
      10
      12
      13
      10
      11
      13
      10
      10
       9
      11
      12
      14
       8
      18
       8
      12
      19
      15
      14
      10
      10
      10
      11
       9
      13
      13
      23
       6
      20
      21
       8
      17
      15
      14
      21
      15
      12
      18
      17
      15
      13
      13
       8
      13
      17
      15
      12
      19
      12
      15
      18
      14
      12
      14
      16
      12
      13
      14
      10
      15
      14
      22
      11
      16
      13
      15
       8
      16
      10
      17
      10
      16
      12
      15
      17
       7
       9
       8
      11
      18
      13
      15
       7
      10
      14
      15
      17
      15
      10
      10
       8
      12
      18
      13
      15
      11
      14
      21
      14
      15
      14
      10
       7
      12
      13
      17
      18
      12
      10
      12
       8
       6
      12
      12
       7
      16
      10
      17
      12
       5
       9
      12
      11
      19
      12
      10
      12
      14
      11
       8
       7
      12
      11
      14
      14
      15
      10
       6
      12
      12
      14
      13
       7
       7
      15
      12
       9
      10
       9
       8
       8
      10
      12
      11
       2
       8
      15
       7
       9
      10
       8
      11
      15
       8
       7
       8
       9
       7
       7
      17
      14
       8
      13
       9
      11
      17
      11
      14
      12
      17
       9
      12
      13
      11
       7
      10
      10
      13
      13
      11
      10
      11
      14
       9
      10
       9
       8
      15
      13
       8
      12
       9
       9
       6
       6
       7
      12
       6
      13
      14
      13
      14
       9
       9
       7
      10
      13
       9
       8
       9
      14
      11
       8
      10
       9
      11
      14
       5
      11
      12
      14
       5
       7
       5
      11
      11
      12
       8
      13
       4
      11
      21
       7
       9
      12
      12
       8
      10
       9
      11
      16
      10
       6
      11
      11
      12
       4
       4
       9
       8
      10
       8
       4
       9
      10
       8
      12
      10
      10
       7
       7
      10
       9
      10
       6
       7
       8
       7
       9
      10
       5
       3
       9
      10
       9
      11
       9
       9
      12
      10
       4
      11
       9
       7
       6
       7
      10
       7
       6
       9
       4
       2
       7
      10
       8
       9
       9
       7
      14
       7
       7
       7
       6
       9
       6
       5
       5
       5
       8
       8
      11
       4
      10
       6
       6
       6
       4
       9
       7
       7
       7
       7
       2
       8
       7
       4
       4
       6
       8
       5
      11
       8
      10
       8
       6
       8
      10
      11
      11
       7
      12
       7
       4
       8
       7
       9
       5
       9
       4
       8
       5
      10
       7
       5
      10
      11
       8
       4
       8
      10
       5
       7
       5
       8
       5
       7
      11
      10
       3
       8
       8
       6
       7
       7
       7
       3
       6
      10
       9
       7
       5
       7
       9
       8
       4
      11
       8
       4
       4
       9
       7
       6
       5
       9
       7
       8
       7
       8
       6
       5
       5
      12
       6
       5
       6
       6
       7
       3
       7
      10
       9
       6
      13
       8
       7
       8
       1
       7
       8
       5
       2
      13
       7
       5
       5
       8
       5
       6
       8
       9
       9
       9
       3
       8
       8
       6
       5
       4
      12
       6
       7
      10
       8
       9
       4
       5
      18
       8
       4
       7
      10
       9
       2
       7
       5
       4
      15
       7
       5
       8
      10
       7
      13
       7
      15
      10
      10
       8
      10
       8
       4
       4
      11
       7
       5
       6
       3
      10
       5
       7
       3
      12
       4
       7
       7
       4
       5
       3
       9
       7
       4
      11
       9
      14
      10
       6
      10
      11
       8
       8
      14
       5
      10
       8
       5
       6
       5
       5
       5
       6
       8
       7
       3
      10
      14
       7
      10
       5
       5
       4
      16
       9
      10
      10
      13
      11
       2
       9
       6
       8
      11
      12
       6
       9
       4
       6
       6
       6
       6
      10
       7
       7
       8
       5
      12
       9
       9
       9
      10
      13
       8
       8
      13
       4
      10
      10
       7
      16
      11
       5
      11
      13
      12
       7
      14
       6
       7
       3
       8
       7
       6
      14
       7
       8
       8
      15
      10
       9
       8
      12
       6
      10
      10
      12
      13
       8
      14
      12
       8
       9
       8
      10
      14
      10
      11
      14
       6
      14
      11
       6
       7
       9
      15
      10
      12
      14
       9
       9
       8
       9
      13
      15
       8
      16
      11
      11
      10
      14
       9
      12
      15
      16
      17
      16
      15
       9
      12
      11
      18
      12
      11
       8
      13
      20
       9
      16
       8
       9
      11
      23
       7
      11
       8
      12
      19
      18
      18
       9
      12
      15
      10
      11
      14
      16
      19
      14
      13
      21
       8
      16
      12
      11
      11
      12
      12
      17
      11
      17
      16
      15
      13
      15
      15
      12
      10
       9
       7
      10
      14
      21
      18
      16
      13
      14
      11
      17
      16
      14
      18
      18
      18
      14
      16
      15
      19
      16
      14
      14
      19
      22
      16
      20
      17
      14
      16
      14
      12
      11
      18
      21
      19
      12
      14
      14
      17
      15
      19
      25
      17
      15
      14
      15
      11
      13
      13
      21
      15
      15
      21
      22
      20
      10
      22
      15
      18
      17
      20
      14
      27
      23
      15
      25
      26
      25
      28
      21
      21
      31
      15
      19
      18
      23
      20
      25
      17
      19
      12
      18
      23
      22
      22
      14
      15
      19
      21
      17
      20
      21
      29
      22
      19
      29
      16
      32
      19
      20
      26
      22
      16
      15
      26
      26
      32
      19
      16
      29
      32
      19
      14
      20
      25
      28
      24
      14
      20
      17
      31
      30
      24
      22
      20
      20
      22
      28
      31
      32
      25
      26
      32
      26
      24
      15
      25
      26
      23
      27
      19
      19
      27
      25
      29
      27
      17
      20
      20
      30
      40
      21
      28
      17
      28
      23
      25
      20
      33
      19
      29
      17
      26
      22
      22
      25
      26
      24
      24
      25
      26
      23
      24
      27
      28
      23
      21
      20
      25
      27
      24
      28
      30
      27
      27
      22
      25
      30
      28
      32
      23
      22
      24
      27
      29
      19
      30
      21
      26
      28
      27
      25
      27
      30
      31
      22
      41
      27
      23
      23
      27
      24
      30
      23
      27
      24
      25
      35
      23
      31
      21
      22
      20
      26
      25
      23
      24
      35
      24
      28
      30
      27
      36
      25
      29
      35
      28
      23
      16
      35
      20
      39
      32
      25
      19
      24
      25
      22
      24
      21
      26
      17
      28
      31
      21
      25
      28
      19
      14
      30
      25
      21
      29
      19
      29
      29
      31
      26
      26
      22
      25
      26
      22
      22
      26
      17
      27
      21
      21
      23
      28
      15
      29
      35
      36
      26
      19
      22
      26
      32
      22
      22
      26
      34
      24
      21
      20
      25
      22
      14
      31
      30
      22
      29
      17
      24
      23
      27
      17
      22
      29
      25
      27
      20
      22
      20
      19
      11
      22
      18
      18
      23
      24
      27
      18
      24
      21
      25
      25
      24
      16
      20
      20
      20
      19
      22
      17
      27
      14
      33
      23
      19
      23
      27
      15
      18
      22
      18
      19
      30
      15
      26
      13
      18
      10
      18
      13
      17
      17
      21
      21
      21
      16
      21
      15
      15
      16
      16
       9
      21
      27
      13
      13
      20
      19
      14
      28
      25
      16
      22
      14
      10
      24
      11
      15
      23
      21
      10
      17
      14
      17
      22
      21
      17
      16
      13
       4
      15
      13
      14
      13
      16
      18
      21
      13
      11
      13
      11
      14
      12
      11
      11
      10
      13
      13
      11
      19
      15
      11
      14
       9
      10
      15
      14
      21
      12
      13
      20
      13
      11
       9
      12
      11
      13
      12
      16
      18
      10
      11
       7
      13
      11
       8
      12
       9
      19
       3
       6
      10
       6
       8
      11
      10
       8
      11
       7
      16
       6
      11
      13
       6
      13
      11
      13
      15
       7
       4
       9
      10
      17
      17
      12
      12
      15
       6
       7
       8
      13
       8
      10
       9
       4
       9
       9
      14
      13
       6
       9
      13
      11
       7
       2
       9
      12
       7
      10
       8
      12
       3
       7
       4
       8
       5
       4
       6
       3
      12
       8
       4
      12
       4
       5
       9
       7
       3
       8
      14
       3
       6
       8
       9
       6
       6
       2
       8
       7
       5
      12
       6
       3
       2
       6
       9
      15
       4
       5
       6
       2
       8
       8
       3
       4
       5
       7
       4
       5
       4
       7
       2
       5
      11
       3
       6
       9
       4
       2
       4
       7
       2
       6
       4
       4
       2
       8
       5
       3
       5
       2
       6
       3
       8
       5
       7
       6
       5
       6
       2
       8
       3
       5
       5
       3
       1
       1
       7
       6
       9
       1
       2
       3
       5
       6
       2
       3
       6
       4
       6
       2
       4
       1
       5
       0
       6
       5
       4
       3
       4
       4
       4
       6
       3
       2
       5
       4
       3
       1
       3
       2
       5
       3
       4
      11
       2
       3
       3
       4
       5
       3
       3
       6
       4
       1
       3
       2
       2
       2
       3
       4
       3
       5
       2
       1
       4
       1
       3
       6
       4
       4
       2
       0
       2
       3
       6
       3
       6
       0
       2
       6
       0
       4
       1
       3
       5
       7
       3
       1
       3
       1
       2
       4
       2
       3
       3
       3
       2
       1
       1
       4
       1
       2
       3
       5
       0
       1
       2
       0
       3
       1
       0
       1
       2
       2
       0
       2
       0
       2
       1
       2
       5
       1
       3
       1
       4
       1
       1
       2
       3
       2
       1
       2
       4
       1
       2
       3
       2
       1
       0
       2
       5
       1
       0
       0
       1
       1
       0
       3
       1
       2
       1
       2
       1
       1
       2
       1
       1
       2
       0
       4
       2
       0
       0
       1
       2
       6
       1
       2
       0
       2
       4
       1
       2
       1
       1
       0
       4
       1
       0
       1
       1
       0
       1
       2
       0
       0
       0
       0
       6
       2
       3
       0
       1
       0
       1
       0
       0
       1
       0
       1
       0
       0
       0
       3
       1
       1
       1
       0
       2
       1
       2
       0
       2
       0
       0
       1
       0
       0
       1
       0
       1
       0
       2
       1
       0
       2
       1
       0
       0
       1
       0
       0
       2
       2
       2
       0
       2
       1
       0
       1
       2
       1
       0
       0
       2
       1
       0
       2
       1
       2
       0
       1
       2
       1
       0
       0
       1
       0
       0
       0
       0
       2
       0
       0
       1
       1
       1
       0
       2
       2
       2
       1
       0
       2
       0
       0
       1
       0
       2
       1
       2
       0
       0
       1
       0
       0
       1
       1
       2
       2
       0
       1
       0
       1
       0
       1
       1
       2
       0
       1
       1
       1
       0
       1
       1
       0
       2
       1
       0
       3
       0
       1
       0
       0
       0
       0
       1
       0
       1
       0
       2
       1
       0
       3
       1
       1
       1
       0
       0
       0
       0
       0
       0
       1
       0
       1
       0
       2
       1
       0
       2
       2
       1
       0
       0
       0
       2
       1
       0
       1
       0
       0
       1
       0
       1
       0
       2
       0
       0
       1
       0
       1
       1
       0
       0
       1
       1
       2
       0
       0
       0
       1
       1
       1
       0
       0
       0
       0
       0
       0
       0
       0
       0
       0
       0
       0
       0
       0
       1
       1
       0
       1
       0
       0
       0
       0
       1
       0
       0
       1
       0
       0
       1
       1
       1
       1
       0
       0
       1
       0
       0
       1
       0
       1
       1
       1
       0
       0
       0
       0
       1
       0
       0
       0
       1
       0
       0
       1
       0
       0
       0
       0
       0
       0
       1
       1
       0
       0
       1
       0
       0
       2
       1
       0
       0
       1
       0
       0
       0
       1
       1
       0
       0
       0
       0
       0
       0
       0
       0
       0
       0
       0
       0
       1
       0
       1
       1
       0
       0
       0
       0
       0
       0
       1
       0
       1
       0
       0
       0
       0
       0
       0
       0
       0
       0
       0
       0
       1
       0
       0
       0
       2
       0
       0
       0
       0
       0
       0
       0
       0
       3
       0
       1
       0
       0
       0
       0
       1
       0
       0
       0
       0
       1
       0
       0
       0
       0
       0
       0
       1
       1
       0
       0
       0
       0
       2
       0
       0
       0
       0
       0
       0
       2
       0
       0
       0
       0
       0
       0
       0
       0
       0
       0
       0
       0
       0
       0
       0
       0
       0
       0
       0
       0
       0
       0
       0
       0
       1
       0
       0
       1
       2
       0
       0
       0
       0
       0
       1
       0
       2
       0
       0
       0
       1
       1
       0
       1
       0
       0
       0
       1
       1
       1
       1
       0
       2
       1
       0
       0
       0
       0
       0
       1
       0
       0
       0
       0
       0
       1
       0
       0
       0
       1
       1
       0
       0
       0
       1
       0
       0
       1
       0
       0
       0
       1
       0
       0
       1
       0
       1
       0
       0
       0
       0
       0
       0
       0
       0
       0
       1
       2
       0
       0
       0
       1
       0
       1
       0
       0
       1
       0
       0
       0
       1
       0
       0
       0
       0
       0
       1
       0
       0
       0
       1
       0
       0
       0
       1
       0
       1
       0
       0
       0
       0
       0
       0
       1
       0
       0
       0
       0
       0
       0
       0
       1
       0
       1
       0
       0
       0
       0
       1
       0
       1
       0
       0
       0
       0
       0
       0
       0
       0
       0
       0
       0
       0
       1
       0
       0
       0
       0
       1
       0
       0
       1
       1
       1
       1
       0
       0
       1
       0
       0
       0
       0
       2
       0
       0
       1
       0
       0
       0
       0
       1
       0
       0
       0
       0
       0
       0
       0
       0
       0
       0
       0
       0
       1
       0
       0
       0
       0
       0
       0
       1
       0
       1
       1
       0
       1
       0
       0
       0
       1
       0
       0
       0
       0
       0
       0
       0
       0
       0
       1
       0
       0
       0
       0
       0
       0
       0
       0
       1
       1
       0
       0
       0
       1
       0
       0
       0
       0
       1
       1
       0
       0
       2
       0
       0
       1
       0
       0
       1
       1
       1
       0
       0
       0
       0
       0
       0
       1
       0
       0
       0
       0
       0
       0
       0
       0
       0
       1
       0
       0
       0
       0
       0
       0
       1
       0
       0
       1
       0
       2
       1
       1
       1
       0
       0
       0
       0
       0
       1
       0
       0
       0
       0
       0
       0
       0
       0
       0
       0
       0
       0
       1
       0
       0
       0
       0
       1
       0
       0
       0
       1
       0
       0
       0
       0
       0
       0
       1
       0
       0
       0
       0
       0
       0
       0
       0
       0
       0
       0
       1
       1
       0
       1
       0
       0
       0
       0
       0
       0
       0
       0
       1
       0
       1
       0
       0
       0
       0
       0
       0
       1
       0
       0
       0
       0
       1
       0
       0
       0
       0
       0
       0
       0
       0
       1
       0
       0
       0
       0
       0
       0
       0
       0
       1
       0
       0
       0
       0
       0
       0
       0
       0
       0
       1
       1
       0
       0
       1
       0
       0
       0
       1
       1
       0
       0
       1
       0
       0
       0
       0
       0
       1
       0
       1
       1
       0
       0
       1
       0
       2
       0
       1
       0
       0
       0
       0
       0
       0
       0
       1
       0
       0
       0
       0
       0
       0
       1
       0
       0
       0
       1
       0
       0
       0
       0
       0
       0
       0
       0
       0
       0
       0
       0
       0
       0
       0
       0
       1
       0
       0
       1
       0
       0
       0
       0
       0
       0
       0
       0
       0
       0
       1
       1
       0
       0
       0
       0
       0
       1
       0
       0
       0
       0
       0
       1
       0
       1
       0
       0
       0
       0
       0
       0
       0
       0
       0
       0
       0
       0
       0
       0
       0
       2
       0
       0
       1
       1
       0
       1
       1
       0
       1
       0
       1
       0
       1
       0
       0
       0
       0
       1
       0
       0
       0
       0
       1
       1
       0
       0
       0
       0
       0
       0
       0
       0
       0
       0
       0
       0
       0
       0
       0
       2
       0
       0
       0
       0
       1
       0
       0
       0
       1
       0
       0
       1
       0
       0
       0
       2
       0
       0
       3
       0
       0
       0
       0
       0
       0
       0
       0
       0
       0
       0
       0
       0
       0
       1
       1
       0
       0
       0
       0
       0
       1
       0
       0
       0
       0
       0
       0
       1
       0
       0
       0
       0
       0
       0
       1
       0
       0
       1
       0
       1
       1
       0
       0
       0
       0
       0
       0
       0
       0
       1
       0
       0
       0
       0
       0
       0
       1
       1
       0
       0
       0
       0
       0
       0
       0
       0
       0
       0
       0
       0
       0
       0
       0
       0
       0
       0
       0
       0
       0
       0
       1
       0
       0
       0
       0
       2
       0
       0
       0
       0
       0
       0
       0
       0
       1
       1
       0
       0
       0
       0
       0
       0
       0
       0
       0
       0
       1
       0
       0
       0
       0
       0
       0
       0
       0
       0
       0
       0
       0
       1
       0
       0
       0
       0
       0
       0
       1
       0
       0
       0
       0
       0
       0
       0
       0
       1
       1
       1
       1
       0
       0
       1
       0
       0
       0
       0
       0
       0
       1
       1
       0
       0
       0
       1
       0
       0
       0
       0
       0
       0
       0
       0
       1
       0
       0
       0
       0
       0
       0
       1
       0
       0
       0
       0
       0
       0
       0
       0
       2
       1
       0
       0
       0
       0
       0
       0
       0
       0
       1
       0
       0
       1
       0
       1
       0
       0
       0
       0
       0
       0
       0
       0
       0
       0
       0
       0
       0
       0
       1
       0
       0
       0
       0
       0
       1
       0
       0
       0
       0
       0
       0
       1
       0
       0
       0
       0
       1
       1
       0
       0
       0
       0
       0
       0
       0
       0
       0
       0
       0
       1
       0
       0
       0
       0
       0
       0
       0
       0
       0
       0
       0
       0
       0
       0
       0
       2
       0
       0
       1
       1
       0
       1
       0
       0
       0
       0
       0
       0
       0
       0
       0
       0
       0
       0
       0
       0
       0
       0
       0
       0
       0
       0
       0
       0
       0
       0
       0
       0
       1
       0
       0
       0
       0
       0
       0
       1
       0
       0
       1
       1
       0
       1
       0
       0
       1
       0
       1
       1
       0
       0
       0
       0
       0
       0
       0
       0
       0
       0
       0
       0
       0
       0
       1
       0
       0
       0
       1
       0
       1
       0
       0
       0
       0
       0
       1
       0
       0
       0
       0
       0
       0
       0
       0
       0
       0
       0
       0
       0
       0
       0
       0
       0
       1
       0
       0
       0
       0
       0
       0
       0
       0
       0
       0
       0
       0
       0
       0
       0
       0
       0
       0
       0
       0
       0
       0
       0
       0
       0
       0
       0
       0
       0
       0
       1
       0
       0
       0
       0
       0
       0
       0
       0
       0
       0
       0
       0
       0
       0
       0
       0
       0
       1
       0
       0
       0
       0
       0
       0
       0
       0
       0
       0
       0
       0
       0
       1
       0
       0
       0
       0
       1
       1
       0
       0
       0
       0
       0
       0
       0
       0
       0
       0
       0
       0
       0
       0
       0
       1
       1
       0
       0
       0
       0
       1
       0
       0
       0
       0
       0
       0
       0
       0
       0
       0
       0
       0
       0
       0
       0
       0
       0
       0
       0
       0
       0
       0
       0
       1
       0
       0
       0
       0
       0
       0
       0
       0
       0
       0
       0
       0
       0
       0
       1
       0
       0
       0
       0
       0
       0
       0
       0
       1
       1
       1
       0
       0
       0
       0
       0
       0
       0
       0
       0
       0
       1
       0
       0
       0
       0
       0
       1
       0
       0
       0
       0
       0
       0
       0
       0
       0
       0
       0
       0
       0
       0
       0
       0
       0
       0
       0
       0
       0
       0
       0
       0
       0
       0
       1
       0
       0
       0
       0
       0
       0
       0
       0
       3
       0
       0
       0
       0
       1
       1
       0
       0
       0
       0
       0
       0
       0
       0
       0
       0
       0
       0
       1
       0
       0
       0
       0
       0
       0
       0
       0
       0
       0
       0
       1
       0
       0
       0
       0
       0
       0
       0
       0
       1
       0
       0
       0
       0
       0
       0
       0
       0
       0
       0
       0
       0
       0
       0
       0
       0
       0
       0
       1
       0
       0
       0
       0
       0
       1
       0
       0
       0
       0
       0
       0
       0
       0
       1
       0
       0
       1
       1
       0
       1
       0
       1
       0
       0
       0
       0
       1
       0
       0
       0
       0
       0
       0
       0
       0
       0
       0
       0
       0
       1
       0
       0
       0
       1
       0
       0
       0
       0
       1
       0
       0
       0
       0
       0
       0
       1
       0
       0
       0
       0
       0
       0
       0
       0
       0
       0
       0
       1
       0
       0
       0
       0
       0
       0
       0
       0
       0
       0
       0
       0
       0
       0
       1
       0
       0
       0
       0
       0
       0
       0
       0
       0
       0
       0
       0
       1
       0
       1
       0
       0
       0
       1
       0
       0
       0
       0
       0
       0
       0
       0
       0
       0
       0
       0
       0
       1
       0
       0
       0
       0
       0
       0
       0
       0
       0
       0
       0
       0
       0
       1
       1
       0
       1
       0
       0
       0
       0
       0
       0
       0
       0
       0
       0
       1
       0
       0
       0
       0
       0
       0
       0
       0
       0
       0
       0
       0
       0
       0
       0
       1
       0
       0
       0
       0
       0
       0
       0
       0
       1
       0
       0
       0
       0
       0
       0
       0
       0
       0
       0
       0
       0
       0
       1
       0
       0
       0
       0
       0
       0
       0
       0
       1
       0
       0
       0
       0
       0
       0
       0
       0
       0
       1
       0
       0
       0
       0
       0
       0
       1
       0
       0
       0
       0
       0
       0
       0
       0
       0
       0
       0
       0
       0
       0
       0
       0
       0
       0
       0
       0
       0
       0
       0
       0
       0
       0
       0
       0
       0
       0
       0
       0
       0
       2
       0
       0
       0
       0
       0
       0
       2
       1
       0
       0
       0
       0
       0
       0
       0
       0
       1
       0
       0
       0
       0
       0
       0
       0
       0
       0
       0
       0
       0
       0
       0
       0
       0
       1
       0
       0
       0
       0
       0
       0
       0
       0
       0
       0
       0
       0
       0
       1
       0
       0
       0
       0
       0
       0
       0
       0
       1
       0
       0
       0
       0
       0
       0
       0
       0
       0
       0
       0
       0
       1
       0
       0
       1
       0
       0
       0
       0
       0
       0
       0
       0
       0
       0
       2
       1
       0
       0
       0
       1
       0
       0
       0
       0
       0
       0
       0
       0
       1
       0
       0
       0
       0
       1
       1
       0
       1
       0
       1
       1
       0
       0
       1
       0
       0
       0
       0
       0
       1
       0
       0
       0
       0
       1
       0
       0
       1
       1
       0
       0
       0
       0
       0
       0
       0
       0
       2
       0
       1
       0
       0
       0
       0
       0
       0
       0
       0
       0
       0
       0
       0
       0
       0
       0
       0
       1
       0
       0
       1
       0
       0
       0
       0
       0
       0
       0
       0
       0
       0
       0
       0
       0
       0
       0
       0
       0
       0
       0
       0
       0
       1
       0
       0
       0
       0
       0
       0
       0
       0
       0
       0
       0
       0
       0
       0
       0
       0
       0
       0
       0
       0
       0
       0
       1
       1
       0
       0
       0
       0
       0
       0
       1
       0
       0
       0
       0
       0
       0
       1
       0
       0
       0
       0
       0
       0
       0
       0
       0
       0
       0
       1
       0
       1
       0
       0
       0
       1
       0
       0
       0
       0
       0
       0
       0
       0
       0
       0
       1
       0
       0
       0
       0
       0
       0
       0
       0
       0
       0
       0
       0
       0
       0
       1
       0
       1
       1
       0
       0
       0
       0
       1
       0
       0
       1
       0
       0
       0
       0
       0
       0
       0
       0
       0
       0
       0
       0
       0
       0
       0
       0
       0
       0
       1
       0
       0
       0
       0
       0
       0
       0
       1
       0
       0
       0
       0
       0
       0
       0
       0
       0
       0
       0
       0
       0
       0
       0
       0
       0
       1
       0
       0
       0
       0
       0
       0
       0
       0
       0
       0
       0
       0
       0
       0
       0
       1
       1
       0
       0
       0
       0
       0
       0
       0
       0
       0
       0
       0
       0
       0
       0
       1
       0
       0
       0
       0
       0
       0
       0
       1
       0
       0
       0
       0
       0
       0
       1
       0
       0
       1
       0
       0
       0
       0
       0
       1
       1
       0
       0
       0
       0
       0
       0
       0
       0
       1
       0
       0
       0
       0
       0
       0
       0
       0
       0
       0
       0
       0
       0
       0
       0
       0
       0
       0
       0
       0
       0
       0
       0
       0
       0
       0
       0
       0
       0
       0
       1
       0
       0
       0
       1
       0
       0
       1
       0
       0
       0
       1
       0
       0
       0
       1
       0
       1
       0
       0
       0
       0
       0
       0
       0
       0
       0
       0
       0
       0
       0
       0
       0
       0
       0
       2
       0
       0
       0
       0
       0
       0
       0
       0
       0
       0
       0
       0
       0
       0
       1
       0
       0
       0
       0
       0
       0
       0
       0
       0
       0
       0
       0
       0
       0
       0
       0
       0
       0
       0
       0
       0
       0
       0
       0
       0
       0
       1
       0
       0
       0
       0
       0
       0
       0
       0
       1
       0
       0
       0
       0
       0
       0
       0
       0
       0
       0
       0
       0
       1
       0
       0
       0
       0
       0
       0
       0
       0
       0
       0
       0
       0
       0
       0
       0
       0
       0
       0
       0
       0
       0
       0
       0
       0
       0
       0
       0
       0
       0
       0
       0
       0
       0
       0
       0
       0
       0
       0
       0
       0
       0
       0
       0
       0
       0
       0
       0
       0
       0
       0
       0
       0
       0
       0
       0
       0
       0
       0
       0
       0
       0
       0
       0
       0
       0
       0
       0
       0
       0
       0
       0
       0
       0
       0
       0
       0
       0
       0
       0
       0
       0
       0
       1
       0
       0
       0
       0
       0
       0
       0
       0
       0
       0
       0
       0
       0
       0
       0
       0
       0
       0
       0
       0
       0
       0
       0
       0
       0
       0
       0
       0
       0
       0
       0
       0
       0
       0
       0
       0
       0
       0
       0
       0
       0
       0
       0
       0
       0
       0
       0
       0
       0
       0
       0
       0
       0
       0
       0
       0
       0
       0
       0
       0
       0
       0
       0
       0
       0
       0
       0
       0
       0
       0
       0
       0
       0
       0
       0
       0
       0
       0
       0
       0
       0
       0
       0
       0
       0
       0
       0
       0
       0
       0
       0
       0
       0
       0
       0
       1
       0
       0
       0
       0
       0
       0
       0
       0
       0
       1
       0
       0
       0
       0
       0
       0
       0
       0
       0
       0
       0
       0
       0
       0
       0
       0
       0
       0
       0
       0
       0
       0
       0
       0
       0
       0
       0
       0
       0
       0
       0
       0
       0
       0
       0
       0
       0
       0
       0
       0
       0
       0
       0
       0
       0
       0
       0
       0
       0
       0
       0
       0
       0
       0
       0
       0
       0
       0
       0
       0
       0
       0
       0
       0
       0
       0
       0
       0
       0
       0
       0
       0
       0
       0
       0
       0
       0
       0
       0
       0
       0
       0
       0
       0
       0
       0
       0
       0
       0
       0
       0
       0
       0
       0
       0
       0
       0
       0
       0
       0
       0
       0
       0
       0
       0
       0
       0
       0
       0
       0
       0
       0
       0
       0
       0
       0
       0
       0
       0
       0
       0
       0
       0
       0
       0
       0
       0
       0
       0
       0
       0
       0
       0
       0
       0
       0
       0
       0
       0
       0
       0
       0
       0
       0
       0
       0
       0
       0
       0
       0
       0
       0
       0
       0
       0
       0
       0
       0
       0
       0
       0
       0
       0
       0
       0
       0
       0
       0
       0
       0
       0
       0
       0
       0
       0
       0
       0
       0
       0
       0
       0
       0
       0
       0
       0
       0
       0
       0
       0
       0
       0
       0
       0
       0
       0
       0
       0
       0
       0
       0
       0
       0
       0
       0
       0
       0
       0
       0
       0
       0
       0
       0
       0
       0
       0
       0
       0
       0
       0
       0
       0
       0
       0
       0
       0
       0
       0
       0
       0
       0
       0
       0
       0
       0
       0
       0
       0
       0
       0
       0
       0
       0
       0
       0
       0
       0
       0
       0
       0
       0
       0
       0
       0
       0
       0
       0
       0
       0
       0
       0
       0
       0
       0
       0
       0
       0
       0
       0
       0
       0
       0
       0
       0
       0
       0
       0
       0
       0
       0
       0
       0
       0
       0
       0
       0
       0
       0
       0
       0
       0
       0
       0
       0
       0
       0
       0
       0
       0
       0
       0
       0
       0
       0
       0
       0
       0
       0
       0
       0
       0
       0
       0
       0
       0
       0
       0
       0
       0
       0
       0
       0
       0
       0
       0
       0
       0
       0
       0
       0
       0
       0
       0
       0
       0
       0
       0
       0
       0
       0
       0
       0
       0
       0
       0
       0
       0
       0
       0
       0
       0
       0
       0
       0
       0
       0
       0
       0
       0
       0
       0
       0
       0
       0
       0
       0
       0
       0
       0
       0
       0
       0
       0
       0
       0
       0
       0
       0
       0
       0
       0
       0
       0
       0
       0
       0
       0
       0
       0
       0
       0
       0
       0
       0
       0
       0
       0
       0
       0
       0
       0
       0
       0
       0
       0
       0
       0
       0
       0
       0
       0
       0
       0
       0
       0
       0
       0
       0
       0
       0
       0
       0
       0
       0
       0
       0
       0
       0
       0
       0
       0
       0
       0
       0
       0
       0
       0
       0
       0
       0
       0
       0
       0
       0
       0
       0
       0
       0
       0
       0
       0
       0
       0
       0
       0
       0
       0
       0
       0
       0
       0
       0
       0
       0
       0
       0
       0
       0
       0
       0
       0
       0
       0
       0
       0
       0
       0
       0
       0
       0
       0
       0
       0
       0
       0
       0
       0
       0
       0
       0
       0
       0
       0
       0
       0
       0
       0
       0
       0
       0
       0
       0
       0
       0
       0
       0
       0
       0
       0
       0
       0
       0
       0
       0
       0
       0
       0
       0
       0
       0
       0
       0
       0
       0
       0
       0
       0
       0
       0
       0
       0
       0
       0
       0
       0
       0
       0
       0
       0
       0
       0
       0
       0
       0
       0
       0
       0
       0
       0
       0
       0
       0
       0
       0
       0
       0
       0
       0
       0
       0
       0
       0
       0
       0
       0
       0
       0
       0
       0
       0
       0
       0
       0
       0
       0
       0
       0
       0
       0
       0
       0
       0
       0
       0
       0
       0
       0
       0
       0
       0
       0
       0
       0
       0
       0
       0
       0
       0
       0
       0
       0
       0
       0
       0
       0
       0
       0
       0
       0
       0
       0
       0
       0
       0
       0
       0
       0
       0
       0
       0
       0
       0
       0
       0
       0
       0
       0
       0
       0
       0
       0
       0
       0
       0
       0
       0
       0
       0
       0
       0
       0
       0
       0
       0
       0
       0
       0
       0
       0
       0
       0
       0
       0
       0
       0
       0
       0
       0
       0
       0
       0
       0
       0
       0
       0
       0
       0
       0
       0
       0
       0
       0
       0
       0
       0
       0
       0
       0
       0
       0
       0
       0
       0
       0
       0
       0
       0
       0
       0
       0
       0
       0
       0
       0
       0
       0
       0
       0
       0
       0
       0
       0
       0
       0
       0
       0
       0
       0
       0
       0
       0
       0
       0
       0
       0
       0
       0
       0
       0
       0
       0
       0
       0
       0
       0
       0
       0
       0
       0
       0
       0
       0
       0
       0
       0
       0
       0
       0
       0
       0
       0
       0
       0
       0
       0
       0
       0
       0
       0
       0
       0
       0
       0
       0
       0
       0
       0
       0
       0
       0
       0
       0
       0
       0
       0
       0
       0
       0
       0
       0
       0
       0
       0
       0
       0
       0
       0
       0
       0
       0
       0
       0
       0
       0
       0
       0
       0
       0
       0
       0
       0
       0
       0
       0
       0
       0
       0
       0
       0
       0
       0
       0
       0
       0
       0
       0
       0
       0
       0
       0
       0
       0
       0
       0
       0
       0
       0
       0
       0
       0
       0
       0
       0
       0
       0
       0
       0
       0
       0
       0
       0
       0
       0
       0
       0
       0
       0
       0
       0
       0
       0
       0
       0
       0
       0
       0
       0
       0
       0
       0
       0
       0
       0
       0
       0
       0
       0
       0
       0
       0
       0
       0
       0
       0
       0
       0
       0
       0
       0
       0
       0
       0
       0
       0
       0
       0
       0
       0
       0
       0
       0
       0
       0
       0
       0
       0
       0
       0
       0
       0
       0
       0
       0
       0
       0
       0
       0
       0
       0
       0
       0
       0
       0
       0
       0
       0
       0
       0
       0
       0
       0
       0
       0
       0
       0
       0
       0
       0
       0
       0
       0
       0
       0
       0
       0
       0
       0
       0
       0
       0
       0
       0
       0
       0
       0
       0
       0
       0
       0
       0
       0
       0
       0
       0
       0
       0
       0
       0
       0
       0
       0
       0
       0
       0
       0
       0
       0
       0
       0
       0
       0
       0
       0
       0
       0
       0
       0
       0
       0
       0
       0
       0
       0
       0
       0
       0
       0
       0
       0
       0
       0
       0
       0
       0
       0
       0
       0
       0
       0
       0
       0
       0
       0
       0
       0
       0
       0
       0
       0
       0
       0
       0
       0
       0
       0
       0
       0
       0
       0
       0
       0
       0
       0
       0
       0
       0
       0
       0
       0
       0
       0
       0
       0
       0
       0
       0
       0
       0
       0
       0
       0
       0
       0
       0
       0
       0
       0
       0
       0
       0
       0
       0
       0
       0
       0
       0
       0
       0
       0
       0
       0
       0
       0
       0
       0
       0
       0
       0
       0
       0
       0
       0
       0
       0
       0
       0
       0
       0
       0
       0
       0
       0
       0
       0
       0
       0
       0
       0
       0
       0
       0
       0
       0
       0
       0
       0
       0
       0
       0
       0
       0
       0
       0
       0
       0
       0
       0
       0
       0
       0
       0
       0
       0
       0
       0
       0
       0
       0
       0
       0
       0
       0
       0
       0
       0
       0
       0
       0
       0
       0
       0
       0
       0
       0
       0
       0
       0
       0
       0
       0
       0
       0
       0
       0
       0
       0
       0
       0
       0
       0
       0
       0
       0
       0
       0
       0
       0
       0
       0
       0
       0
       0
       0
       0
       0
       0
       0
       0
       0
       0
       0
       0
       0
       0
       0
       0
       0
       0
       0
       0
       0
       0
       0
       0
       0
       0
       0
       0
       0
       0
       0
       0
       0
       0
       0
       0
       0
       0
       0
       0
       0
       0
       0
       0
       0
       0
       0
       0
       0
       0
       0
       0
       0
       0
       0
       0
       0
       0
       0
       0
       0
       0
       0
       0
       0
       0
       0
       0
       0
       0
       0
       0
       0
       0
       0
       0
       0
       0
       0
       0
       0
       0
       0
       0
       0
       0
       0
       0
       0
       0
       0
       0
       0
       0
       0
       0
       0
       0
       0
       0
       0
       0
       0
       0
       0
       0
       0
       0
       0
       0
       0
       0
       0
       0
       0
       0
       0
       0
       0
       0
       0
       0
       0
       0
       0
       0
       0
       0
       0
       0
       0
       0
       0
       0
       0
       0
       0
       0
       0
       0
       0
       0
       0
       0
       0
       0
       0
       0
       0
       0
       0
       0
       0
       0
       0
       0
       0
       0
       0
       0
       0
       0
       0
       0
       0
       0
       0
       0
       0
       0
       0
       0
       0
       0
       0
       0
       0
       0
       0
       0
       0
       0
       0
       0
       0
       0
       0
       0
       0
       0
       0
       0
       0
       0
       0
       0
       0
       0
       0
       0
       0
       0
       0
       0
$ROI:
0
$PRESETS:
None
0
0
$ENER_FIT:
3.253255 0.105896
$MCA_CAL:
3
3.253255E+000 1.058962E-001 1.354739E-006 keV
$SHAPE_CAL:
3
0.000000E+000 0.000000E+000 0.000000E+000
