$SPEC_ID:
No sample description was entered.
$SPEC_REM:
DET# 1
DETDESC# DESKTOP-TH6PAN1 Model 927 SN 14191488 Input 1
AP# Maestro Version 7.01
$DATE_MEA:
11/05/2025 19:02:46
$MEAS_TIM:
129 135
$DATA:
0 16383
       0
       0
       0
       0
       0
       0
       0
       0
       0
       0
       0
       0
       0
       0
       0
       0
       0
       0
       0
       0
       0
       0
       0
       0
       0
       0
       0
       0
       0
       0
       0
       0
       0
       0
       0
       0
       0
       0
       0
       0
       0
       0
       0
       0
       0
       0
       0
       0
       0
       0
       0
       0
       0
       0
       0
       0
       0
       0
       0
       0
       0
       0
       0
       0
       0
       0
       0
       0
       0
       0
       0
       0
       0
       0
       0
       0
       0
       0
       0
       0
       0
       0
       0
       0
       0
       0
       0
       0
       0
       0
       0
       0
       0
       0
       0
       0
       0
       0
       0
       0
       0
       0
       0
       0
       0
       0
       0
       0
       0
       0
       0
       0
       0
       0
       0
       0
       0
       0
       0
       0
       0
       0
       0
       0
       0
       0
       0
       0
       0
       0
       0
       0
       0
       0
       0
       0
       0
       0
       0
       0
       0
       0
       0
       0
       0
       0
       0
       0
       0
       0
       0
       0
       0
       0
       0
       0
       0
       0
       0
       0
       0
       0
       0
       0
       0
       0
       0
       0
       0
       0
       0
       0
       0
       0
       0
       0
       0
       0
       0
       0
       0
       0
       0
       0
       0
       0
       0
       0
       0
       0
       0
       0
       0
       0
       0
       0
       0
       0
       0
       0
       0
       0
       0
       0
       0
       0
       0
       0
       0
       0
       0
       0
       0
       0
       0
       0
       0
       0
       0
       0
       0
       0
       0
       0
       0
       0
       0
       0
       0
       0
       0
       0
       0
       0
       0
       0
       0
       0
       0
       0
       0
       0
       0
       0
       0
       0
       0
       0
       0
       0
       0
       0
       0
       0
       0
       0
       0
       0
       0
       0
       0
       0
       0
       0
       0
       0
       0
       0
       0
       0
       0
       0
       0
       0
       0
       0
       0
       0
       0
       0
       0
       0
       0
       0
       0
       0
       0
       0
       0
       0
       0
       0
       0
       0
       0
       0
       0
       0
       0
       0
       0
       0
       0
       0
       0
       0
       0
       0
       0
       0
       0
       0
       0
       0
       0
       0
       0
       0
       0
       0
       0
       0
       0
       0
       0
       0
       0
       0
       0
       0
       0
       0
       0
       0
       0
       0
       0
       0
       0
       0
       0
       0
       0
       0
       0
       0
       0
       0
       0
       0
       0
       0
       0
       0
       0
       0
       0
       0
       0
       0
       0
       0
       0
       0
       0
       0
       0
       0
       0
       0
       0
       0
       0
       0
       0
       0
       0
       0
       0
       0
       0
       0
       0
       0
       0
       0
       0
       0
       0
       0
       0
       0
       0
       0
       0
       0
       0
       0
       0
       0
       0
       0
       0
       0
       0
       0
       0
       0
       0
       0
       0
       0
       0
       0
       0
       0
       0
       0
       0
       0
       0
       0
       0
       0
       0
       0
       0
       0
       0
       0
       0
       0
       0
       0
       0
       0
       0
       0
       0
       0
       0
       0
       0
       0
       0
       0
       0
       0
       0
       0
       0
       0
       0
       0
       0
       0
       0
       0
       0
       0
       0
       0
       0
       0
       0
       0
       0
       0
       0
       0
       0
       0
       0
       0
       0
       0
       0
       0
       0
       0
       0
       0
       0
       0
       0
       0
       0
       0
       0
       0
       0
       0
       0
       0
       0
       0
       0
       0
       0
       0
       0
       0
       0
       0
       0
       0
       0
       0
       0
       0
       0
       0
       0
       0
       0
       0
       0
       0
       0
       0
       0
       0
       0
       0
       0
       0
       0
       0
       0
       0
       0
       0
       0
       0
       0
       0
       0
       0
       0
       0
       0
       0
       0
       0
       0
       0
       0
       0
       0
       0
       0
       0
       0
       0
       0
       0
       0
       0
       0
       0
       0
       0
       0
       0
       0
       0
       0
       0
       0
       0
       0
       0
       0
       0
       0
       0
       0
       0
       0
       0
       0
       0
       0
       0
       0
       0
       0
       0
       0
       0
       0
       0
       0
       0
       0
       0
       0
       0
       0
       0
       0
       0
       0
       0
       0
       0
       0
       0
       0
       0
       0
       0
       0
       0
       0
       0
       0
       0
       0
       0
       0
       0
       0
       0
       0
       0
       0
       0
       0
       0
       0
       0
       0
       0
       0
       0
       0
       0
       0
       0
       0
       0
       0
       0
       0
       0
       0
       0
       0
       0
       0
       0
       0
       0
       0
       0
       0
       0
       0
       0
       0
       0
       0
       0
       0
       0
       0
       0
       0
       0
       0
       0
       0
       0
       0
       0
       0
       0
       0
       0
       0
       0
       0
       0
       0
       0
       0
       0
       0
       0
       0
       0
       0
       0
       0
       0
       0
       0
       0
       0
       0
       0
       0
       0
       0
       0
       0
       0
       0
       0
       0
       0
       0
       0
       0
       0
       0
       0
       0
       0
       0
       0
       0
       0
       0
       0
       0
       0
       0
       0
       0
       0
       0
       0
       0
       0
       0
       0
       0
       0
       0
       0
       0
       0
       0
       0
       0
       0
       0
       0
       0
       0
       0
       0
       0
       0
       0
       0
       0
       0
       0
       0
       0
       0
       0
       0
       0
       0
       0
       0
       0
       0
       0
       0
       0
       0
       0
       0
       0
       0
       0
       0
       0
       0
       0
       0
       0
       0
       0
       0
       0
       0
       0
       0
       0
       0
       0
       0
       0
       0
       0
       0
       0
       0
       0
       0
       0
       0
       0
       0
       0
       0
       0
       0
       0
       0
       0
       0
       0
       0
       0
       0
       0
       0
       0
       0
       0
       0
       0
       0
       0
       0
       0
       0
       0
       0
       0
       0
       0
       0
       0
       0
       0
       0
       0
       0
       0
       0
       0
       0
       0
       0
       0
       0
       0
       0
       0
       0
       0
       0
       0
       0
       0
       0
       0
       0
       0
       0
       0
       0
       0
       0
       0
       0
       0
       0
       0
       0
       0
       0
       0
       0
       0
       0
       0
       0
       0
       0
       0
       0
       0
       0
       0
       0
       0
       0
       0
       0
       0
       0
       0
       0
       0
       0
       0
       0
       0
       0
       0
       0
       0
       0
       0
       0
       0
       0
       0
       0
       0
       0
       0
       0
       0
       0
       0
       0
       0
       0
       0
       0
       0
       0
       0
       0
       0
       0
       0
       0
       0
       0
       0
       0
       0
       0
       0
       0
       0
       0
       0
       0
       0
       0
       0
       0
       0
       0
       0
       0
       0
       0
       0
       0
       0
       0
       0
       0
       0
       0
       0
       0
       0
       0
       0
       0
       0
       0
       0
       0
       0
       0
       0
       0
       0
       0
       0
       0
       0
       0
       0
       0
       0
       0
       0
       0
       0
       0
       0
       0
       0
       0
       0
       0
       0
       0
       0
       0
       0
       0
       0
       0
       0
       0
       0
       0
       0
       0
       0
       0
       0
       0
       0
       0
       1
       0
       0
       0
       0
       0
       0
       1
       0
       0
       0
       0
       0
       0
       0
       0
       0
       0
       0
       0
       0
       0
       0
       0
       0
       0
       0
       0
       0
       1
       0
       0
       0
       0
       0
       0
       0
       0
       0
       0
       0
       0
       0
       0
       0
       0
       0
       0
       0
       0
       0
       0
       0
       0
       0
       0
       0
       0
       0
       1
       0
       0
       0
       0
       0
       0
       0
       0
       0
       0
       0
       0
       0
       0
       0
       0
       0
       0
       0
       0
       0
       0
       0
       0
       0
       0
       0
       0
       0
       0
       0
       0
       0
       1
       0
       0
       0
       0
       0
       0
       0
       1
       0
       0
       0
       0
       0
       1
       0
       0
       0
       0
       0
       0
       0
       0
       0
       0
       0
       0
       0
       0
       0
       0
       0
       0
       0
       0
       0
       0
       0
       0
       1
       0
       0
       1
       0
       0
       0
       1
       0
       0
       0
       0
       0
       0
       0
       0
       1
       1
       0
       0
       1
       0
       0
       0
       0
       0
       1
       0
       1
       0
       0
       0
       0
       1
       1
       2
       1
       0
       0
       0
       0
       1
       0
       0
       0
       0
       3
       0
       3
       0
       1
       0
       0
       1
       2
       1
       2
       1
       1
       0
       3
       4
       9
       5
       9
       8
       9
      23
      22
      35
      37
      63
      64
      90
     101
      96
     114
      91
      99
     114
      97
     118
     106
     102
     103
     109
     100
     122
     101
     104
     107
     110
     122
     122
     108
     107
     103
     100
     128
     127
     118
     106
     124
     112
     123
     118
     125
     109
     118
     112
     104
     109
     103
     117
     111
     115
     106
     120
     112
     101
     107
     121
     100
     120
     138
     125
     122
     102
     110
     116
      94
     134
     113
     118
     109
     117
     117
     112
     109
     139
     103
     106
     125
      92
     120
     104
     109
     123
     101
     138
      93
     121
     119
     124
     106
     109
     117
     128
     104
     113
      98
     128
     112
     118
     122
     120
     120
     109
     110
     122
     109
     117
     118
     120
     127
     120
     116
     111
     113
     121
     126
     130
     118
     114
     131
     114
     101
     109
     116
     114
     121
     100
     130
     133
     117
     111
     103
     102
     107
     126
     143
     123
     120
     115
     116
     123
     116
     112
     111
     104
     113
     143
     129
     105
     126
     121
     123
     117
     101
     122
     128
     134
     125
     117
     139
     133
     114
      99
     137
     114
     117
     119
     135
     131
     115
     136
      99
     129
     115
     113
     119
     121
     124
     116
     121
     114
     131
      97
     116
     132
     117
     118
     108
     112
     111
     122
     115
     121
     133
     142
     107
     114
     118
     115
     131
     129
     119
     125
     130
     125
     123
     147
     123
     119
     122
     140
     128
     144
     104
     131
     119
     108
     103
     130
     111
     117
     122
     125
     122
     121
     123
     131
     134
     121
     125
     123
     128
     134
     134
     128
     132
     102
     140
     134
     124
     130
     148
     106
     123
     123
     129
     131
     118
      89
     152
     123
     123
     116
     132
     139
     138
     111
     107
     133
     139
     135
     109
     117
     134
     138
     120
     100
     115
     134
     120
     125
     138
     141
     147
     127
     123
     130
     125
     155
     131
     132
     138
     102
     115
     144
     117
     126
     127
     106
     135
     107
     115
     124
     128
     135
     130
     129
     125
     111
     116
     129
     136
     119
     147
     146
     107
     118
     125
     131
     134
     141
     122
     119
     126
     124
     133
     146
     141
     128
     139
     114
     135
     144
     153
     143
     116
     127
     109
     138
     146
     126
     149
     136
     139
     143
     124
     134
     124
     133
     142
     137
     143
     148
     150
     124
     163
     127
     121
     128
     119
     140
     126
     126
     122
     118
     142
     131
     118
     146
     140
     133
     165
     140
     162
     138
     155
     121
     147
     121
     132
     121
     136
     139
     128
     136
     146
     145
     118
     145
     152
     124
     116
     146
     134
     134
     123
     115
     117
     137
     139
     141
     126
     127
     137
     134
     128
     139
     126
     152
     142
     151
     125
     135
     152
     127
     144
     136
     136
     155
     150
     132
     125
     143
     168
     141
     118
     131
     115
     141
     140
     148
     160
     160
     134
     132
     147
     118
     124
     136
     141
     135
     150
     153
     124
     154
     136
     146
     123
     152
     133
     134
     143
     153
     141
     125
     158
     138
     122
     128
     127
     139
     137
     133
     161
     120
     154
     116
     143
     142
     118
     122
     131
     129
     125
     145
     146
     139
     140
     134
     132
     136
     154
     110
     131
     110
     135
     149
     122
     145
     134
     141
     142
     135
     112
     142
     158
     143
     123
     135
     139
     161
     144
     130
     133
     123
     137
     123
     157
     150
     143
     138
     135
     134
     146
     130
     147
     134
     140
     142
     133
     151
     145
     143
     144
     134
     158
     136
     154
     138
     156
     129
     152
     165
     116
     145
     143
     147
     138
     144
     143
     136
     146
     172
     163
     153
     147
     141
     149
     146
     155
     135
     157
     122
     147
     143
     118
     142
     138
     144
     133
     132
     132
     133
     126
     143
     127
     144
     159
     148
     149
     144
     132
     152
     130
     136
     146
     128
     135
     143
     137
     132
     138
     133
     151
     150
     124
     130
     129
     138
     152
     151
     123
     129
     124
     152
     138
     129
     143
     139
     134
     137
     142
     137
     130
     147
     134
     143
     136
     126
     141
     159
     167
     142
     129
     122
     145
     146
     143
     148
     153
     161
     142
     127
     142
     142
     139
     152
     150
     165
     140
     140
     142
     149
     145
     147
     131
     158
     119
     143
     158
     132
     142
     127
     163
     139
     137
     127
     137
     150
     136
     155
     146
     138
     127
     143
     166
     134
     140
     140
     144
     162
     156
     151
     134
     127
     121
     150
     132
     126
     147
     118
     148
     137
     105
     138
     145
     153
     128
     151
     136
     131
     141
     151
     154
     114
     148
     170
     183
     157
     128
     148
     150
     169
     131
     145
     153
     145
     149
     140
     157
     135
     145
     130
     128
     149
     118
     137
     143
     134
     148
     151
     138
     134
     144
     155
     147
     144
     140
     133
     156
     133
     141
     138
     130
     128
     139
     141
     124
     141
     167
     149
     147
     139
     156
     145
     155
     141
     138
     153
     114
     131
     132
     143
     119
     140
     142
     140
     127
     141
     122
     153
     141
     130
     155
     147
     133
     143
     166
     146
     141
     135
     122
     138
     148
     141
     147
     151
     152
     116
     136
     155
     155
     138
     131
     149
     135
     147
     147
     126
     143
     140
     146
     143
     156
     164
     150
     144
     156
     148
     165
     138
     143
     155
     150
     121
     139
     128
     127
     142
     143
     147
     145
     154
     139
     155
     142
     122
     141
     155
     126
     159
     139
     132
     138
     136
     138
     162
     118
     151
     156
     145
     168
     146
     153
     132
     143
     134
     116
     158
     150
     129
     121
     129
     175
     138
     129
     142
     130
     151
     160
     159
     138
     140
     157
     164
     138
     145
     155
     169
     142
     135
     152
     147
     124
     152
     132
     120
     140
     144
     151
     163
     144
     159
     143
     164
     140
     165
     186
     138
     141
     155
     157
     146
     143
     148
     144
     117
     162
     152
     116
     152
     143
     155
     171
     170
     156
     136
     154
     153
     138
     132
     155
     133
     148
     155
     135
     150
     171
     155
     148
     135
     139
     127
     148
     152
     174
     148
     145
     193
     143
     180
     156
     145
     179
     149
     161
     164
     173
     154
     159
     132
     152
     174
     162
     163
     142
     158
     172
     170
     167
     139
     163
     133
     149
     153
     167
     169
     148
     139
     158
     146
     147
     161
     149
     160
     151
     159
     132
     153
     135
     166
     125
     170
     163
     161
     177
     144
     176
     157
     143
     156
     161
     176
     161
     152
     157
     160
     183
     174
     143
     147
     154
     171
     158
     140
     155
     148
     153
     149
     166
     150
     150
     164
     181
     164
     167
     184
     164
     166
     167
     152
     183
     132
     160
     167
     154
     149
     157
     134
     160
     168
     172
     150
     154
     169
     182
     161
     185
     163
     180
     162
     166
     185
     165
     168
     168
     178
     155
     167
     164
     170
     192
     159
     166
     161
     178
     162
     173
     168
     169
     165
     147
     177
     169
     172
     151
     175
     175
     200
     161
     177
     174
     172
     175
     173
     176
     178
     181
     177
     181
     183
     171
     194
     160
     207
     166
     155
     194
     166
     191
     174
     184
     192
     211
     180
     180
     168
     175
     181
     200
     168
     192
     187
     202
     174
     178
     172
     187
     202
     178
     185
     194
     169
     172
     182
     182
     209
     175
     199
     175
     170
     184
     184
     174
     161
     213
     186
     199
     205
     178
     196
     180
     189
     190
     207
     198
     208
     184
     206
     187
     197
     190
     188
     214
     207
     217
     207
     179
     184
     208
     196
     219
     181
     184
     221
     206
     195
     183
     218
     178
     204
     222
     198
     202
     199
     194
     192
     189
     197
     209
     197
     205
     227
     205
     201
     204
     219
     206
     203
     205
     226
     235
     202
     202
     196
     207
     207
     189
     191
     198
     201
     199
     211
     218
     241
     199
     191
     198
     244
     210
     243
     189
     233
     201
     220
     206
     195
     227
     200
     225
     225
     172
     203
     236
     213
     232
     205
     222
     193
     218
     199
     188
     212
     223
     208
     197
     196
     230
     194
     236
     212
     203
     200
     197
     227
     215
     222
     210
     211
     221
     198
     192
     225
     217
     229
     207
     210
     216
     227
     241
     209
     204
     207
     197
     191
     215
     210
     216
     213
     200
     222
     200
     228
     196
     186
     224
     212
     228
     212
     208
     213
     217
     226
     242
     215
     202
     205
     240
     222
     215
     203
     229
     208
     198
     226
     202
     199
     239
     224
     190
     215
     239
     185
     226
     211
     210
     211
     201
     213
     207
     233
     214
     223
     210
     212
     212
     194
     222
     195
     187
     194
     231
     213
     230
     212
     241
     233
     203
     223
     203
     231
     217
     241
     216
     225
     211
     234
     202
     206
     216
     191
     216
     222
     190
     234
     222
     194
     221
     212
     218
     199
     197
     202
     203
     190
     178
     214
     214
     192
     185
     187
     195
     238
     163
     218
     203
     200
     165
     219
     224
     193
     218
     201
     218
     195
     207
     212
     206
     223
     223
     206
     218
     194
     196
     253
     214
     235
     175
     190
     190
     174
     214
     194
     200
     202
     208
     194
     201
     192
     182
     211
     207
     191
     208
     201
     216
     198
     207
     212
     173
     173
     206
     191
     188
     194
     182
     189
     189
     203
     216
     180
     194
     208
     192
     221
     204
     189
     186
     190
     222
     174
     204
     187
     195
     187
     172
     189
     196
     181
     194
     208
     179
     193
     193
     184
     175
     192
     171
     186
     207
     199
     203
     189
     170
     185
     202
     172
     185
     215
     179
     200
     171
     215
     183
     203
     220
     205
     208
     177
     208
     196
     187
     202
     184
     191
     189
     204
     205
     182
     194
     206
     201
     179
     191
     180
     149
     204
     183
     178
     177
     202
     165
     186
     173
     205
     180
     174
     149
     174
     195
     184
     177
     156
     191
     180
     174
     192
     196
     178
     151
     178
     170
     172
     153
     176
     192
     191
     193
     185
     173
     181
     180
     188
     171
     194
     196
     163
     158
     150
     178
     167
     182
     190
     210
     171
     193
     187
     202
     155
     183
     160
     188
     197
     184
     173
     187
     167
     183
     190
     176
     180
     178
     185
     170
     178
     178
     193
     146
     175
     187
     188
     162
     190
     189
     152
     175
     178
     173
     173
     161
     159
     163
     156
     182
     194
     173
     181
     165
     172
     204
     184
     172
     172
     180
     191
     175
     167
     148
     170
     191
     137
     184
     173
     180
     158
     171
     168
     175
     151
     160
     167
     146
     168
     171
     182
     163
     178
     186
     197
     169
     154
     165
     169
     178
     175
     164
     141
     163
     183
     166
     152
     166
     156
     176
     153
     151
     160
     173
     191
     170
     181
     174
     169
     162
     168
     164
     154
     166
     166
     169
     181
     158
     159
     157
     147
     148
     178
     167
     171
     180
     154
     141
     163
     160
     181
     156
     160
     189
     159
     177
     164
     167
     176
     159
     152
     146
     182
     148
     163
     156
     150
     156
     152
     154
     173
     178
     168
     171
     159
     171
     151
     174
     168
     130
     172
     142
     162
     175
     168
     173
     166
     152
     171
     164
     133
     180
     158
     157
     159
     154
     167
     170
     173
     155
     172
     157
     168
     148
     162
     157
     149
     151
     154
     138
     154
     148
     152
     142
     145
     156
     132
     170
     174
     178
     143
     171
     153
     173
     151
     148
     146
     138
     145
     145
     157
     129
     166
     148
     142
     157
     155
     149
     167
     172
     155
     150
     135
     165
     148
     166
     146
     139
     152
     135
     148
     151
     157
     143
     142
     162
     178
     146
     142
     150
     163
     178
     146
     165
     167
     139
     138
     134
     143
     146
     135
     142
     141
     158
     144
     149
     131
     144
     152
     155
     151
     140
     157
     176
     134
     174
     140
     167
     131
     138
     124
     139
     160
     139
     134
     163
     121
     131
     134
     162
     160
     148
     152
     165
     147
     146
     123
     142
     170
     134
     158
     150
     142
     160
     146
     158
     145
     144
     156
     143
     142
     115
     155
     133
     125
     139
     154
     144
     139
     147
     152
     137
     146
     155
     148
     149
     144
     147
     144
     133
     136
     158
     146
     144
     142
     150
     145
     149
     128
     154
     156
     135
     170
     142
     138
     143
     133
     141
     147
     128
     119
     133
     126
     139
     142
     131
     130
     145
     122
     159
     137
     149
     129
     129
     149
     115
     146
     132
     123
     139
     142
     145
     172
     142
     129
     144
     136
     147
     139
     151
     152
     124
     123
     141
     142
     150
     127
     141
     168
     123
     135
     139
     151
     141
     143
     150
     137
     141
     136
     125
     141
     136
     136
     149
     134
     132
     145
     149
     152
     160
     110
     125
     136
     149
     139
     134
     141
     133
     148
     132
     144
     121
     137
     133
     136
     135
     142
     152
     139
     138
     131
     139
     153
     119
     141
     164
     147
     139
     132
     131
     148
     145
     119
     130
     138
     141
     136
     126
     132
     130
     116
     120
     135
     141
     151
     134
     126
     137
     157
     139
     155
     156
     133
     149
     146
     146
     129
     146
     133
     133
     112
     134
     142
     147
     161
     136
     147
     129
     138
     124
     135
     109
     130
     133
     126
     119
     138
     148
     150
     134
     127
     148
     144
     135
     131
     125
     143
     149
     131
     129
     145
     130
     137
     130
     117
     130
     128
     154
     136
     127
     126
     130
     133
     116
     130
     132
     136
     134
     110
     115
     137
     131
     118
     144
     136
     135
     123
     139
     124
     126
     154
     123
     116
     130
     130
     124
     122
     119
     132
     114
     136
     153
     126
     122
     141
     116
     125
     143
     146
     130
     146
     136
     116
     131
     144
     140
     145
     121
     127
     129
     131
     123
     140
     116
     132
     124
     143
     155
     136
     120
     143
     136
     131
     124
     132
     136
     133
     130
     119
     122
     122
     112
     138
     145
     152
     135
     135
     115
     132
     120
     122
     132
     112
     125
     119
     125
     116
     134
     121
     131
     117
     122
     127
     118
     123
     119
     135
     120
     126
     138
     136
     128
     142
     122
     125
     131
     127
     126
     132
     122
     113
     141
     115
     119
     117
     126
     114
     120
     123
     112
     108
     131
     142
     136
     113
     125
     114
     134
     144
     130
     122
     143
     102
     106
     113
     127
     144
     117
     128
     140
     138
     130
     128
     117
     115
     130
     130
     131
     127
      96
     120
     128
     121
     120
     122
     118
     121
     142
     144
     127
     108
     117
     124
     119
     107
     121
     118
     108
     129
     145
     120
     131
     134
     135
     124
     128
     114
     117
     123
     132
     113
     102
     133
     119
     122
     129
     136
     128
     121
     118
     135
     108
     126
     130
     141
     107
     133
     128
     117
      87
     127
     121
     128
     122
     132
      98
     114
     129
     113
     129
     125
     108
     111
     134
     137
     129
     115
     106
     118
     124
     119
     116
     105
     132
     122
      95
     127
     123
     123
     122
     140
     111
     133
     117
     119
     120
     111
     140
     131
     128
     125
     102
     116
      95
     117
     119
     110
     113
     129
     118
     125
     109
     119
     115
     114
     112
      91
     110
     110
     122
     118
     136
     119
     137
     119
     143
     120
     102
     134
      98
     108
     130
     116
     130
     117
     137
     135
     113
     126
     127
     119
     117
     110
     129
     111
      97
     130
     133
     109
     129
     127
     126
     128
     116
     127
     124
     122
      99
     129
     104
     121
     127
     110
     136
     107
     105
     117
     109
     111
     119
     119
     128
     110
     113
     122
     130
     125
     126
     119
     109
     133
     129
     138
     133
     114
     133
     108
     105
     116
     125
     109
     120
     124
     104
     107
     118
     105
     107
     119
      90
     104
     113
     126
     112
     111
     110
     103
     109
     108
     114
     112
     120
     108
     106
     106
     107
     119
     114
     111
     126
     108
     109
     134
     137
     106
     124
     121
      94
      94
     117
     111
     111
     109
     124
     120
     110
     107
     109
     118
     105
     119
     115
     109
     111
     113
     115
     117
     115
     121
     107
     117
     106
     110
     108
     101
     129
     119
     108
     123
      99
     107
      96
     129
     115
     128
     123
     127
      94
     112
     119
     125
     116
     112
     101
      98
     121
     113
     134
     120
     143
     135
     128
     110
     134
     119
     112
     102
     114
     116
     114
     106
     133
     110
     104
     114
      87
     104
     122
     122
     105
     115
     115
     110
     114
     121
     109
      98
     118
      91
     132
     121
     119
     101
     116
     100
     107
     125
     122
     120
     115
     122
     126
     114
     113
     135
     116
     100
     113
     121
     103
     118
     124
     121
     133
     103
     115
     102
     114
      97
     120
     120
     107
     125
      98
     118
     118
     107
     104
     119
     105
      99
      96
      92
     104
     102
     130
     112
     108
     103
     106
     116
     118
     106
     116
     109
      94
     114
     109
     119
     117
     104
      97
     123
     120
     109
     112
      96
     113
      99
     122
     130
     117
     118
     101
     130
     106
     101
     106
     112
     129
     126
     116
     123
     129
     101
      98
     109
     117
     115
     108
      97
     110
      92
     105
      93
     122
     111
     112
     117
     111
     113
     111
     102
      99
     108
     102
     104
     111
     109
     128
     125
     114
     114
     108
     111
     124
     110
     121
     130
     120
      93
     101
      97
     118
     105
      95
     100
      92
     100
     105
      99
      90
     110
     109
     110
     106
     121
     108
     113
      96
     115
     131
     117
      99
      93
     109
     115
     100
     112
      94
     103
     106
     105
     119
     106
     103
     107
     109
     118
     104
     109
     108
     121
     134
     100
     123
      99
     111
     107
     116
     103
      98
     111
     108
     115
      97
      88
     100
     103
     116
     114
     108
     128
     125
     103
     116
      97
     123
     107
     106
     104
      84
     117
     113
     102
     103
      97
     100
     121
     104
      96
      86
      92
      96
     113
     104
     111
     116
     102
     116
     109
     117
     114
     109
     114
     100
     103
     112
     131
     114
      89
      97
      98
     120
     100
     109
     123
     112
     102
     102
      94
      95
     106
      98
     100
     112
     106
     108
      93
     108
     103
     130
      99
     102
     102
     114
     106
     104
     105
     123
      99
      91
      91
     108
     113
     100
     106
     104
     105
     100
     121
     110
      93
      90
     103
      90
     100
     121
      91
     106
      82
      92
     101
      90
      92
     109
      92
      92
     114
     109
     133
     109
     113
     107
     109
      95
     103
     114
      91
      99
     108
     121
      87
     113
     104
     105
     114
     100
     101
     105
     123
     120
     103
     101
      97
      86
     117
      96
      80
      94
     111
     122
     107
     100
     117
     115
     103
     107
      92
      94
     110
     109
      99
     112
     100
     115
     108
      99
      98
     111
     110
     124
     110
      75
     105
     107
     116
      97
      97
      91
     133
     104
     109
     104
      87
      93
      99
     116
     113
      97
      96
     112
      97
     108
     109
      99
      93
     114
     104
      93
      91
      98
     103
      91
     105
     112
     107
      87
     127
     105
     108
      93
     121
     105
     120
     122
     101
     105
      90
      93
     103
     118
      93
     117
     118
     101
     117
     112
      97
      98
     112
      97
     100
     101
     114
     106
      98
     107
     105
     127
     114
      98
     112
     101
     116
     102
     121
     114
     109
      92
     128
      96
     103
     104
     102
      73
      92
      93
      82
      90
      88
     110
     109
      96
     108
      84
      92
      76
     110
     103
     103
     128
     113
     104
     102
      81
      94
      94
     103
      94
      94
      99
      79
     123
     115
     109
     100
      85
     106
     108
      89
     106
      98
      90
     102
     101
     104
      94
     105
     117
      96
     112
      88
      83
      86
     110
      87
      92
      92
      99
      97
     106
     102
     104
     116
     121
      95
      97
     102
      97
      86
     103
     100
     116
     104
      80
     124
     104
     121
      97
     109
     107
      93
     103
     117
      95
     112
      84
      99
     115
     105
      94
     106
     108
      93
      98
     111
     101
     103
      98
     101
     110
     110
      88
      91
      90
      99
     105
      99
     103
     104
     103
     120
      97
     102
     103
     110
      83
      75
     119
     115
     110
      93
      97
     111
     106
     111
     108
     105
     100
     100
     105
     100
      93
      97
      99
      99
     108
      88
      86
     100
     107
     102
     101
      80
      99
      96
      91
     125
     102
     109
     103
      91
      99
     106
      97
     106
      87
     107
     105
     108
     113
     105
     100
     123
      98
     103
      98
      99
      87
     102
     103
      89
      82
     101
     106
     108
      99
     115
     101
      94
     105
     123
     101
      83
     103
      93
     103
      90
      76
     114
      99
     100
     104
     107
      92
     112
      99
      96
     105
      81
     112
      86
     109
     111
      94
      95
      87
      90
      91
     113
      85
     111
      85
     106
      97
      97
      92
     104
      91
     109
     116
      90
     104
      92
     132
      93
      91
     112
     118
     107
     108
      93
      91
      98
     106
      84
     102
      97
     115
      94
     107
     112
      86
      99
     117
     109
      98
      92
     100
      97
     108
      94
     102
      87
      92
      87
      97
     110
     114
      91
     100
      98
      89
     109
     107
      88
      94
     102
      86
     114
     101
      90
     100
     106
      94
      96
     111
     102
     106
     113
     113
      85
      99
      77
     102
     104
     104
     115
      97
      92
     106
     101
     117
      81
     113
     103
     105
     104
      89
     106
     131
     118
     102
      99
     121
     100
     103
     122
      94
      99
     108
     104
     100
      86
      98
     103
     105
      83
     107
      95
      95
      98
      91
     103
     104
     111
      89
     111
      89
      99
      92
     100
     115
      96
      85
     105
     119
      92
     107
     114
      99
      94
     113
     125
      97
      93
     114
      98
      85
      98
      84
      77
      99
     108
      95
      94
     113
      90
      91
      86
     100
     102
     117
     102
     100
      90
     111
     105
     114
      96
     106
     104
     106
      86
      84
      91
      95
      96
     111
     111
     103
     106
     102
      95
     110
      88
     110
      99
      91
     104
     100
     105
     100
     104
      93
      93
      91
     115
     126
     106
      96
     102
     109
     125
      97
      99
     107
     108
     110
     101
      83
     101
      90
      97
     118
     102
     123
      83
      93
     103
     107
     105
     103
      83
      99
      87
      90
     103
      90
      98
      95
      85
      88
     110
      87
      96
      89
      97
      91
     100
      89
      89
      95
      94
     106
     108
     105
      80
      78
     115
      80
      80
      99
      86
     104
      90
      81
      92
      74
     105
      94
      83
      99
      98
     104
      91
     105
     107
     101
      81
      98
      91
     103
     105
      93
      84
     111
     113
      98
      93
     103
     101
     106
     122
      94
      94
     102
     102
      99
     100
     110
      91
     110
     106
      89
      93
      86
      97
      95
      96
     103
      82
     103
      91
      99
      86
      85
      97
      99
     100
     104
     114
      91
      80
      86
     100
      90
      97
     103
     102
      94
      92
     106
      86
     112
     106
     103
     100
      99
     130
     103
     114
     112
      93
     105
     113
      90
     109
      84
      88
      81
     101
     108
      93
     109
      89
      84
     112
      86
      97
      99
      97
     102
      89
      97
      76
      90
      93
      98
     105
     101
      94
      96
      82
      92
     103
      99
     102
      90
     113
      96
      88
      94
      80
      93
      90
     103
      88
     109
      91
      91
     101
      96
     102
      92
      82
      98
      98
     110
      96
     113
     102
      98
      90
      97
     111
     101
      85
      93
     100
     103
      83
     112
      91
     105
     100
      98
      96
      96
      98
     104
     106
      84
      94
      82
      97
     108
      95
      93
     112
      94
     102
      92
      97
      78
      87
     102
      95
      99
      95
     107
     104
      93
      89
      94
     103
      98
      95
     103
     106
     107
     102
     100
      83
      85
      90
     106
     116
      70
      93
      94
      91
     108
     109
     105
      87
     110
      98
     103
      81
      99
      93
      84
      95
     114
      91
     107
      93
     100
      88
     101
      84
      96
      89
      89
      87
     105
      95
      93
      99
      91
      79
      90
     103
     104
      79
     101
      99
      89
      97
      94
     109
     103
     107
     118
      84
     102
      87
      93
     104
      88
     107
     106
      95
      98
      88
      76
      96
     110
     112
     102
     109
     100
     101
      93
     103
      87
      88
      93
      78
      92
      85
      92
     105
      93
      76
     104
      69
     107
      99
     104
      98
      92
      81
     103
     110
      99
     109
      90
     107
     101
     103
     106
      97
     103
      93
      86
     113
      90
      97
     100
      91
      86
     113
     103
      90
     108
      92
     107
     114
      84
     106
      97
      96
      95
      81
      88
     102
      98
      93
      93
     103
      86
     109
     107
      95
     111
     106
      95
      94
      89
      78
      79
      87
     101
      85
      82
      76
     111
      80
      96
      85
     103
      93
     106
      79
      91
      91
     107
     109
      86
     106
      97
      85
      93
      96
      81
      88
      97
      89
      88
     101
      89
     105
      78
      99
      87
     103
     101
      89
     102
      98
     108
     108
     107
     109
     115
     100
     102
     114
      92
     108
     101
     104
      96
      95
     105
     100
      99
      93
      99
      97
      91
      81
     117
      75
     101
      87
     106
      87
     100
     103
     108
      97
     113
     100
      75
      90
      97
      91
      96
      92
      98
      94
      80
      86
      85
      93
      75
      95
      96
      94
     114
     104
     119
     103
      91
      92
      98
      83
      80
      97
      83
     105
     100
     131
     100
     100
     107
      83
      86
      96
     101
      97
      95
      88
      90
      86
     108
     100
     100
      92
      93
      80
     108
     103
      88
     107
     105
      96
     126
      98
     111
      93
      91
      75
     105
      86
     109
      89
      88
      96
      86
     100
      80
      92
     112
     103
      89
      83
      98
      86
      76
      70
      92
      93
     109
      93
      83
      86
      91
      89
      75
      90
     107
      84
     102
      92
      87
      96
     105
     103
     100
      77
      97
      93
      79
      78
     105
     102
      91
     114
      92
      90
      99
     110
     103
      89
      94
      95
      81
      95
     115
      96
     104
      95
     104
      94
      91
     103
     100
      96
      79
      91
      87
     104
      89
     100
     105
      90
      80
      98
      94
      90
      98
      81
      83
      99
     104
     106
      85
      96
      98
      91
      98
      99
     113
      94
      94
      92
      82
      88
      92
     104
      92
      71
      93
     108
     100
      91
     102
      89
      89
      86
      89
     103
     102
      92
      90
      89
      86
      79
      97
     109
     117
      83
      92
      86
     109
     103
     107
     104
      78
     118
      96
     108
     109
      94
      99
      97
     110
      81
      85
      96
     104
      80
     112
     102
     100
      99
     101
      95
     102
     103
      95
      92
      84
      90
      82
      95
      93
     103
      90
      97
      99
      88
      89
      85
      88
      86
      85
      91
     103
      92
      92
     107
      90
      92
     105
      83
      92
     103
      98
     100
      97
      99
      94
     109
     109
      98
      86
     103
      89
      79
      80
     108
      84
     102
      90
      94
      90
      86
     103
      99
      87
      97
     112
      97
     104
      96
      90
     102
     101
      86
      85
     101
      92
     105
      96
      88
      94
      95
     101
      97
      91
      81
     103
      98
      83
      93
     110
      93
     102
      96
      92
      93
      99
      86
      96
      89
      89
      88
     103
      99
      90
      94
      71
      95
     109
     112
      90
      83
      88
      94
      98
      89
     122
     103
      90
      99
      84
     109
      83
      87
      94
     102
      94
     116
     113
      89
      99
      87
      93
      83
      92
      74
      81
     105
      91
      85
      87
     104
      87
      91
      95
      84
      88
      92
      72
      85
      83
      80
      90
      89
      99
      91
      91
     106
     103
      86
      97
      99
     104
      81
     100
      85
      87
      97
      94
      99
      90
     108
      86
      98
     102
     112
      97
      82
      93
      94
      95
      85
     111
      81
      94
     102
      87
      91
      89
      86
      88
     102
     101
      88
      99
      94
      95
      90
     105
      83
      93
     105
      92
      98
      81
      95
     108
     103
      88
     115
      91
      97
      97
     105
      79
      94
      86
     105
      89
     106
      97
     104
      99
     103
      97
      84
      74
      84
      93
      90
      88
      88
     104
      94
      94
      94
      76
      88
      99
     101
      98
      90
      89
      95
     109
      91
      89
     103
      80
     101
     107
      93
      93
     117
     101
     104
      97
      99
     110
      81
      98
      92
      83
      93
      98
      93
      81
     110
      83
     107
      96
      96
      94
     106
      80
     101
      92
      88
      87
      90
      88
      99
      88
      97
     101
      94
     117
      87
      81
      93
      85
      89
     106
      92
      98
      82
      97
      91
      94
     102
      99
     103
     103
     101
      84
      92
     109
      90
      91
     101
     103
      93
      83
     108
      91
     115
     113
     108
      84
      97
      91
      93
     108
      97
      85
      87
      89
     128
      98
      78
      93
      95
     105
      91
      97
     108
      97
      99
      80
      98
      84
     101
      79
      95
      99
      83
      96
      97
     101
      95
      90
      90
      91
      90
      97
      93
     104
      90
      97
     102
     103
     107
      82
     107
      97
      98
     102
     101
     100
     106
      86
     105
      99
      89
      92
      82
      97
     111
     113
      95
     105
      98
     109
      87
      91
      91
      97
     114
     112
      81
      90
      79
      87
      87
      84
     104
      81
     100
      95
     112
      79
      85
      94
     108
     109
      84
      90
      97
     102
     103
     112
      85
      89
      88
      87
      79
     108
      99
      89
      83
      82
     117
      89
      88
      82
      79
     102
      89
      98
      98
      92
      98
      87
      85
      82
     104
      91
      75
     106
      90
     108
     111
      91
     106
      82
      88
      86
      94
      89
      85
      89
      75
      96
      96
     105
     116
      73
      88
     111
      95
      98
     113
      77
      95
      98
     104
     110
     115
      97
      98
     103
     100
      85
     105
      95
     107
      88
      95
      92
     101
      86
      98
      94
      97
      96
      95
     104
     105
     104
     102
     103
     102
     106
      83
      78
     106
     107
      80
      98
      99
      91
     101
      97
     109
     100
      98
      82
      89
      88
      85
      96
     103
      94
     103
     102
     103
      87
      95
     105
     101
     107
      98
      78
      96
      81
      97
      81
     102
      94
      98
      82
      91
      87
      99
      94
     102
      78
      87
      88
      92
      81
     110
     113
      97
      74
      97
      94
      97
     107
      98
      93
     104
      85
      93
      99
     109
      99
      90
      74
     112
     100
     117
     102
     108
      88
      88
      88
      97
     101
     107
      77
     101
      93
      78
     101
     111
      98
      82
     110
     103
      96
     105
     112
      83
      95
      92
      89
     107
     108
      96
      83
      93
      84
     110
      93
     101
      96
      91
     108
      94
     104
      97
     109
      87
     110
      91
     104
     106
     100
     100
     103
     105
     106
     102
     101
      90
      91
     119
     103
      91
     104
     104
      83
     103
      93
      89
      99
      89
      93
      95
      95
      86
      83
      99
      97
      97
      90
      98
      95
     109
      98
      95
      94
      99
      98
     117
      91
      83
      83
     107
      75
      90
      96
     110
      87
     100
     102
     118
     103
     103
      87
      88
     101
     114
      86
     102
      84
      96
     109
     111
     104
      90
     102
     113
      95
     104
      82
      97
      97
     112
      83
      99
     108
     100
     101
     101
     104
     110
      96
      98
     111
     108
      80
     106
     100
     121
      86
      87
     117
     101
     104
      98
      94
      89
      97
      95
      92
      92
      97
      99
     105
     105
     109
     118
      94
     102
     102
      85
      95
      89
      96
      99
      86
      86
      89
      91
      80
      91
      93
      98
      93
     101
      97
      74
      87
     125
      90
      97
      74
      94
     112
      77
     102
     105
      89
     109
      79
      88
     106
     137
      88
      97
      93
     102
     101
      88
      96
      96
      88
      96
     111
     107
     113
      90
     103
      97
      99
     109
      82
      91
     100
     106
     100
      98
      98
     110
      93
      95
      89
     111
      84
     107
     105
     102
      91
     100
      93
     110
      91
      99
      95
     100
      99
      91
      88
      90
     110
     103
     100
     109
      84
     110
      98
      92
      88
      86
      95
      99
      99
     105
      75
      97
      97
      80
      92
     110
      97
      86
      97
      99
      93
     104
     105
      99
      92
      98
      95
      93
      84
      97
      99
     103
      89
      90
      85
     108
     102
      81
      94
     103
      98
      98
      99
     101
     109
      95
     106
     109
     100
      93
     108
      90
     101
     108
     105
     115
     102
      77
      85
      88
     101
      96
      96
      97
     115
     103
      78
      96
      99
      82
      86
     108
      87
      92
      88
     101
      94
      89
     100
      95
      91
      97
      89
      98
      80
     106
     112
     108
     102
     104
      98
      97
      90
     115
      97
      93
      99
     110
      87
     100
     115
     110
     101
     107
     110
      91
      95
      95
      95
      98
      85
      99
      94
     109
      94
      92
      98
     102
     102
      88
     103
     103
     123
      95
      93
      95
     103
      86
      95
      90
      85
     103
      89
     108
      86
      91
     120
      94
     105
     108
      97
     100
      91
     119
      96
     102
      98
      85
      98
      87
     101
     103
      85
      95
     107
     109
     115
     107
     111
     110
      94
      87
      89
      92
      99
      90
      89
      97
     110
      84
      96
      95
      94
      89
      97
      98
     106
      95
     103
      93
     105
      90
      89
      98
     103
     113
     103
     106
     106
      92
      78
      98
     101
     105
      91
      98
      99
      94
      93
     101
      83
     107
      87
      81
      98
      91
     120
     115
      93
     105
     104
      86
     103
      91
     116
     111
      99
      94
      94
     103
      92
     102
     104
      95
      94
     114
      78
     117
     101
      90
     101
      79
      96
     113
      78
      97
     108
     102
     107
     104
      92
     107
     107
      94
     109
      88
      88
     104
      95
      87
     105
      86
      95
      90
     111
     103
      96
     108
      90
     112
     101
      99
      98
      98
      94
     104
      98
      89
     108
     106
     109
      89
     100
      92
     110
     118
     112
      94
     104
      98
     121
      94
     107
     102
     102
     104
     106
     110
      98
      96
     108
      98
      87
      91
      67
      92
      96
      87
     115
     106
     104
      89
      97
      87
     108
      97
      91
      95
     104
      84
     101
      94
     114
      98
      94
      80
      94
      92
      98
      98
      93
      83
     109
      95
      92
     110
      91
      83
     115
     109
     103
      95
     100
     111
      94
     111
      84
      87
      99
      96
      92
     104
      98
      88
      84
      72
     109
     110
      88
     119
     105
      96
     114
     107
     109
      90
      86
      87
      96
      99
     104
      99
      82
     103
      92
     117
     114
     118
      97
     126
      98
     116
     105
      98
      92
      98
      90
      84
      87
     103
     100
     111
     104
     105
      99
      91
      99
     118
      93
     100
      92
     110
     111
     103
      92
     109
     104
     101
     105
     104
     106
      98
      99
     109
     101
      96
      92
     114
      84
      84
      93
     103
      91
      97
     103
      88
     108
      92
      92
      71
     106
      94
      94
      95
     111
     109
      97
     100
      83
     115
     102
      89
     100
     106
     107
      99
     108
     100
      95
     100
     102
     113
      91
     116
     113
     102
      95
     108
     116
     103
      79
     104
     101
      84
      91
     110
      98
      87
      97
      99
      78
     126
      97
     118
      82
      97
      91
      78
     107
      86
      96
      86
     114
     111
     114
     106
      90
     114
     102
      95
     105
      96
     118
      93
     106
     104
     106
      95
     121
      97
     128
      86
      89
      88
     103
      96
     111
      95
     117
     101
      91
     109
     106
      95
      79
      99
      79
     113
     113
     100
      91
      93
      99
      83
     105
     110
      98
     110
     102
      95
     122
      91
     104
      90
     108
     105
     107
     110
      93
      99
     108
     110
      76
     116
     111
     106
     117
      98
     123
     106
     110
     100
     108
      95
      96
      96
      91
      84
     106
      85
     105
      94
      96
      92
     107
     111
      83
     100
     109
      99
     114
     117
      86
      80
     111
      96
      88
     104
     109
      95
     111
     130
      92
     116
     109
     101
     101
     109
     102
     111
      81
     103
     118
      95
      99
      91
     107
      94
     110
     109
     104
      97
     117
      88
     104
     101
      86
      96
     104
      97
      92
     103
      99
     104
     100
     105
     105
     101
      92
      91
      90
     109
     109
     123
      98
      96
      99
      83
      87
     106
      96
      98
     101
     110
      93
      91
      93
      84
     102
     114
      97
     119
      96
      98
      93
     109
      87
     101
     106
     110
      93
     102
     107
     106
      95
     102
     103
     105
      98
      98
      95
     102
      94
     107
      93
     111
     103
      95
     100
     119
     101
     109
     106
     100
     109
     105
      99
      97
     112
     109
      96
     111
     101
     103
      78
      98
      97
      95
      97
      94
      95
      73
     103
      98
      91
      78
      96
     112
     114
      94
      94
      96
     117
     100
     102
      99
     105
      91
     110
     104
      93
      97
     115
      98
     101
      96
      99
      93
     116
      96
      88
     105
     102
     104
     105
     113
     115
     104
     103
      96
     100
     103
     126
     122
      99
     104
      93
      87
     122
     104
      92
      89
     103
     109
     110
      99
     121
      88
      87
      96
     108
      91
     101
     101
      96
      99
      99
      96
     108
     101
     111
     109
      89
     103
     114
     104
      92
     108
     116
      95
     107
      96
      98
     103
      96
     111
     102
     118
      95
      82
     108
      98
     107
      95
     107
     110
     109
      95
     110
      87
      87
     104
      93
      89
      94
      91
     113
     106
     103
     101
     109
     122
      96
     121
     103
      86
     106
      83
     105
     106
     105
     109
     111
     100
     122
      89
     116
      84
     124
     123
     103
     114
     122
     110
      98
     104
      88
     116
      97
     112
     118
      94
     115
     104
     102
     104
     102
     107
     103
     106
     108
     105
     111
     104
      91
     104
     115
      98
     108
      94
     117
     106
     115
     113
     114
      91
      95
     118
     114
      95
      84
     115
     112
      92
     106
     104
      89
     119
      91
     111
     119
     128
     108
     113
     111
      94
     108
     114
      93
     102
     120
     110
     106
      98
     107
     115
     110
      99
     120
      95
     104
     101
      80
      99
      86
     103
     111
     102
     127
     117
     123
     108
     112
     100
      98
     111
     113
      85
      99
      87
     107
      88
     115
     109
     105
     101
     100
     110
     120
     100
     104
     101
     118
      96
      91
     110
     114
      99
     102
     108
     101
     123
     102
     107
     103
      93
      95
      94
     121
     112
     112
     102
     114
      96
     120
     109
     104
     114
     103
     102
     118
     108
     114
     112
     112
     120
     109
      98
     103
     117
     116
     104
      99
     107
     100
     105
     116
     113
     109
     114
      93
     100
     112
     124
     118
      99
     112
     108
     116
      99
      92
     104
     106
      81
      96
     109
     116
     108
     103
     106
     108
      96
      94
     119
     108
     107
      95
     114
     106
      91
     111
     116
      99
     108
     109
     101
     105
     104
     110
     102
      98
     120
      93
     110
     113
      93
     102
     102
      93
     106
     114
     115
      98
     107
      91
     111
     103
     115
     103
     113
     114
     114
     124
     106
     107
     115
     107
     104
     115
      92
     111
     115
      91
     105
      89
     106
      99
     108
     126
     106
     110
     101
     101
      90
      88
     138
     112
     104
     113
     101
     107
     115
     128
      88
     105
     102
      92
     101
     117
     120
     109
      91
     108
     102
      96
     118
     103
     113
     107
     120
     103
      90
      94
      92
     104
     115
     101
     105
     102
      98
     109
      90
     126
     115
     114
     106
     101
      98
     134
     115
     108
     100
     109
     117
     109
      96
      98
     103
     106
     109
     133
     114
     112
      90
     109
     103
     103
     112
     100
     117
      94
     104
     104
     111
     105
      98
     110
     126
     101
      94
      97
     100
     106
     126
     108
     124
     101
     125
      92
     116
     106
     109
     111
     119
     117
     105
     113
     108
     106
     114
     123
      88
      96
     123
     113
     102
      99
      97
     124
     124
     106
     115
     113
     114
     111
     105
     127
     110
     115
     109
     127
      97
     118
     126
     110
     115
     113
     108
     116
     123
     126
     106
     112
     108
     124
     122
     127
      96
     101
     112
     106
     111
     117
     114
     117
     118
      93
     124
     109
     105
     114
      92
      92
     124
      97
     124
     106
      97
     103
     115
     101
     127
     131
     107
     116
      98
     117
     102
     113
     105
     118
     121
     116
     110
     106
     116
     108
     111
     106
     121
     121
     105
     115
     103
      99
      99
     104
     101
     108
     111
     104
     104
     124
     103
      87
     115
     123
     111
     114
     107
     121
     101
     114
     117
      97
     128
     103
      97
      95
     120
     104
     118
     106
     119
     106
     120
     102
     130
      97
      89
     123
     124
     126
     112
     105
     119
     111
     112
     125
     110
     101
     110
     117
      99
     131
     107
     116
     108
     119
     104
     120
     112
     122
     110
     101
      95
     106
     117
     120
     111
     108
     113
     124
     127
     138
     118
     120
     109
     103
     106
     140
     121
     114
     109
     125
     110
     117
     128
     106
     111
     117
     100
     112
     109
     128
     128
     114
     127
     120
     101
     125
     120
     106
     114
     101
     142
     115
     117
     105
     102
     118
     106
     125
     111
     130
     108
     115
     124
     122
     111
     111
     107
     107
      99
     115
     125
     110
     101
     125
     110
      93
     118
     112
     121
      91
      99
     132
     118
     112
     108
     118
     102
     108
     104
     120
     109
     118
     121
      97
     111
     121
     119
     117
     110
     123
     128
     117
      87
     113
     117
     128
     134
     119
     110
     119
     121
     116
     119
     113
      90
     113
     120
     118
     125
     117
     111
     122
     124
     110
     127
     102
     120
     118
     120
     124
     113
     120
     115
     137
     101
     127
     117
     119
     115
     111
     127
     109
     116
     125
     137
     109
     108
     137
     121
     107
     126
     126
     108
     102
     117
      86
     119
     119
     132
     126
     105
     155
     103
     105
      98
     141
     115
     114
     122
     121
     112
     116
     117
     118
     124
     108
     122
     102
     127
     143
     115
     129
     103
     114
     106
     116
      99
     133
     120
     114
     123
     112
     110
     109
     120
     122
     110
     126
     104
     111
     127
     126
     139
     131
     109
     115
     122
     109
     120
     116
     112
     121
     133
     133
     118
     127
     101
     115
     124
     137
      93
     125
     114
     113
     115
      85
     120
     114
     109
     131
     129
     126
     102
     130
     121
     115
     120
     113
     130
     116
     127
     113
     130
     110
     117
     112
     111
     113
     128
     126
     120
     122
     136
     118
     108
     119
     135
     134
     121
     133
     120
     114
     119
     133
     122
     135
     121
     127
     125
     126
     131
     113
     118
     136
     117
     133
     135
     114
     127
     120
     136
     113
     117
     130
     125
     133
     135
     117
     113
     102
     120
     122
     128
     114
     123
     130
     118
     143
     139
     114
     102
     126
     120
     126
     119
     124
     113
     104
     127
     108
     122
     128
     148
     104
     123
     106
     109
     145
     109
     114
     123
     131
     111
     132
     122
     103
     132
     116
     131
     117
     108
     150
     114
     108
     111
     133
     114
     130
     140
     128
     112
     128
     129
     127
     122
     104
     136
     121
     157
     122
     111
     123
     113
     119
     124
     129
     128
     114
     138
     123
     127
     111
     100
     118
     113
     127
     128
     108
     129
      86
     116
     139
     127
     123
     123
     117
     123
     124
     114
      97
     126
     125
     124
     109
     122
     144
     131
     123
     116
     130
     114
     143
     114
     116
     134
     133
      96
     120
     111
     113
     121
     114
     136
     116
     114
     124
     145
     112
     135
     131
     139
     127
     136
     102
     132
     126
     121
     120
     120
     115
     122
      93
     114
     114
     108
     115
     116
     121
     107
     120
     113
     102
     115
     117
     128
     120
     127
     118
     101
     131
     112
     122
     146
     132
     127
     122
     106
     112
     116
     123
     126
     119
     110
     126
     110
     112
     130
     114
     138
     154
     133
     140
     106
     102
     117
     113
     108
     122
     133
     119
     118
     130
     123
     115
     114
     106
     105
     120
     111
     115
     126
      99
     125
     121
     118
     123
     144
     101
     124
     115
     138
     139
     146
     119
     116
     130
     128
     119
     106
     120
     122
     126
      98
     120
     122
     115
     128
     123
     119
     131
     127
     110
     139
     109
     132
     120
     113
     124
     131
     111
     116
     130
     114
     131
     138
     117
     139
     134
     106
     119
     129
     120
     129
     121
     139
     119
     104
     110
     105
     119
     124
     135
     135
     136
     124
      97
     107
     105
     116
     114
     123
     116
     121
     102
     125
     148
     121
     123
     119
     131
     110
     132
     109
     118
     120
     105
     111
     127
     119
     121
     122
     112
     131
     152
     123
     119
     125
     124
     140
     111
     149
     121
     114
     133
     121
     102
     127
     123
     131
     131
     134
     136
     135
     118
     133
     108
     135
     116
     121
     120
     145
     106
     119
     110
     114
     116
     149
     126
     110
     126
     120
     118
     123
     119
     119
     151
     102
     109
     107
     128
     113
     108
     124
     118
     131
     119
     129
     115
     122
     129
     121
     126
     132
     123
     129
     131
     127
     128
     117
     119
     114
     125
     122
     124
     124
     135
     112
     100
     129
     106
     124
     118
     135
     113
     124
     121
     129
     111
     115
     127
     122
     122
     115
     134
     128
     147
     118
     115
     119
     121
     127
     141
     120
     150
     121
     115
     122
     117
     119
     121
     142
     115
     120
     115
     133
     108
     128
     130
     117
     120
     133
     144
     127
     112
     151
     131
     122
     106
     120
     133
     132
     111
     105
     124
     124
     123
     129
     121
     122
     128
     126
     120
     120
     127
     109
     113
     119
     125
     116
     128
     118
     140
     115
     121
     116
      86
     132
     117
     132
     118
     119
     142
     127
     113
     113
     115
     124
     114
     130
     136
     129
     112
     123
     123
     134
     106
     136
     122
     117
     117
     122
     107
     123
     127
     141
     133
     114
     110
     124
     114
     126
     102
     127
     122
     128
     122
     115
     118
     116
     127
     107
     112
     120
     126
     129
     108
     116
     118
     126
     115
     115
     109
     123
     132
     107
     108
     111
     113
     103
     106
     116
     115
     134
     137
     107
     123
     118
     132
     101
     124
     109
     109
     132
     113
     120
     128
     106
     112
     103
     110
     108
     115
     100
     120
     111
     109
     112
     107
     113
     115
     133
     103
      96
     138
     107
     135
     100
     113
     120
     120
     113
     111
     123
     108
     119
     120
     130
     119
     108
     115
     102
     124
     123
     139
     127
     133
     125
     128
     114
     100
     123
      97
     110
     117
     121
     126
     122
     118
     111
     107
     103
     121
     122
     118
     135
     106
      94
     122
     130
     103
     111
     109
     113
     128
     109
     114
     116
     101
     139
      93
     105
     111
      89
     135
     108
     100
     107
     111
     129
     107
     106
      98
     121
     110
     110
     119
     110
     113
     113
     112
     108
     115
     107
     110
     122
     100
     102
     109
     125
     110
     116
     104
     104
     107
     118
     101
     117
     126
     102
     126
     111
     106
     105
     110
     101
     119
     120
     115
     125
     113
     127
     101
      99
     114
     127
      99
     109
      92
     102
     108
     120
     123
     108
     114
     116
     117
     106
     121
     102
      99
     115
     136
     104
     120
     125
     119
     122
     122
     105
      95
     108
     128
      95
     108
     122
     126
     119
     116
     106
     102
     128
     114
     124
      99
      94
     113
      98
     117
      99
     111
     113
     113
     119
     108
     102
     131
     118
     121
     109
     121
     113
     112
     125
      98
     109
     110
     120
     132
     125
     109
     120
     102
     117
      92
     110
     104
     101
     107
     101
     103
     107
     125
     113
      99
     124
     101
     122
     126
     114
      86
      90
     129
      82
     117
      92
     106
     126
     112
     102
     105
     105
     116
     134
      94
     116
     108
     110
     102
     103
      77
      97
     101
     100
     105
      96
      96
      99
      96
      87
     107
     101
      84
     105
     104
      88
     107
      97
      97
     111
      98
     100
     122
     103
     104
      96
     102
     111
     103
      96
      99
     100
     100
      88
      95
     111
     114
      97
     104
      85
     107
      85
     100
      99
      99
     104
     105
     109
     118
     100
     106
      83
     113
     111
     108
     104
     104
     100
     106
      95
      89
     116
     102
     109
     100
     120
     105
     108
     112
      89
     106
     140
     129
      89
     104
     114
      92
     102
     100
     110
     106
      93
     116
      98
     103
     103
      85
      98
     107
      96
     101
     103
     112
     107
     103
     110
     104
     107
     115
     106
     115
     100
      84
      98
      89
     112
     102
     104
     102
      96
      96
      90
      77
     104
      93
      91
      93
     101
      91
     110
      99
     117
      95
      91
     123
      99
      86
     102
     105
     117
     101
     105
      92
     105
      98
      89
     100
     102
      84
      93
      93
      80
      91
      99
     104
      96
      94
     100
      97
      90
     106
     119
     116
     101
      91
     110
      93
      81
     105
      99
     100
      77
      93
      88
     101
     113
     103
     102
      92
     103
      94
      96
     118
      95
      97
     106
      95
     108
      89
      94
     108
     111
     108
      92
     106
      94
      89
      95
     109
      88
     104
     104
      79
      91
     114
     111
      84
      93
      88
     109
      76
      73
      92
      95
      86
      89
     105
     104
     100
     100
      99
      78
      93
      89
     101
     103
     100
     109
      96
      87
      96
      83
      99
     101
      88
      93
     120
      94
      85
      86
      97
      81
      99
      88
      85
      84
      92
      98
      80
      84
      85
     106
     112
      76
      86
     102
     120
      78
      93
      95
      96
      73
      91
      77
      89
      91
      86
      94
      94
      94
     105
     104
      93
      94
      93
     112
      92
      72
      93
      93
      94
      91
     105
      88
      84
      85
      93
      94
      73
      86
      92
      87
      85
      91
      93
      88
      87
      89
      92
     104
      90
      93
      96
      76
      75
      98
      94
      90
     103
      92
      98
      84
      86
      91
      85
     105
      80
      72
      68
      90
     100
      99
      95
      81
      86
     104
      89
      88
      87
     109
      71
      95
      94
      81
      81
      74
      87
      97
     102
      86
      88
      98
      84
      89
      97
      75
      84
      87
     101
     102
     108
      89
     103
     107
     101
      80
      84
      97
      94
      72
      90
      84
      88
      83
      87
      93
      91
     100
      89
      85
     113
      84
      88
      82
      96
      99
      81
      88
      81
      83
      78
      74
      98
      90
      88
      94
      85
     102
      77
      98
      92
      77
     110
      79
      78
      91
      97
      88
      83
      78
      88
      85
     102
     102
      85
      96
      96
      93
     109
      95
     102
      93
     106
      82
      93
     100
      90
      83
      82
      83
      94
      75
      92
      77
      76
      87
     101
      81
      98
      96
      91
      94
      98
      93
      74
      85
      76
      82
      85
      84
      90
      92
      70
      88
     106
      85
      86
      78
     102
      79
      90
      75
      86
      84
     100
     101
      94
      89
      83
      94
     101
      85
      92
      90
      83
      89
      90
     102
     103
      78
      86
      91
      82
      95
      77
      82
      95
      93
      85
      85
      92
      83
      93
      90
      93
      97
      88
      84
     100
      84
      93
      81
      84
      73
      85
      89
      72
      87
     109
      89
     106
      78
      95
      99
      79
      86
      98
      99
     100
      98
      86
      95
     106
      89
      82
      71
      78
      87
     101
      79
      84
     100
      90
      97
      73
      76
      96
      95
      89
      87
      83
      87
      91
      80
     108
      81
      96
      97
      79
      65
     100
      84
      96
     103
      92
     105
      90
     102
      82
      89
      93
     102
      87
      94
      87
      90
      86
      77
      86
      88
      97
      93
      90
      87
      86
      96
      86
      85
      74
      84
     103
      76
      68
     109
      87
     110
      95
      93
      83
     105
      88
      94
      85
      78
      90
     100
      87
      95
      77
      90
      88
      91
      94
      90
      97
      91
      94
     106
      85
      99
      91
      75
      73
      92
      94
      84
      80
      78
      81
      90
      94
      96
      86
      82
      81
      73
      86
      93
     100
      73
      78
      90
      88
      85
      89
      74
      88
      83
      93
      82
      89
      90
     100
      75
      97
      93
      95
      97
      74
      75
      84
     100
      86
      83
      85
      82
      89
      70
     112
      82
      91
      66
      95
     100
      83
      82
      90
      96
      76
      96
      82
      97
      67
      68
      86
      95
      90
      82
     102
      90
      69
      90
      90
      88
      98
      96
      82
      69
      67
      86
      85
     100
     101
      86
      73
      78
      98
      84
      82
      88
      91
     106
      87
      83
      83
      87
      72
      75
     101
     101
      93
      81
      78
      99
      93
     104
      75
      77
      85
     104
      76
      93
      94
      65
      83
      81
      78
      83
      85
      90
      74
      97
      78
      93
      83
      84
      86
      82
      86
      84
      80
      77
      65
      74
      93
      92
      68
      92
      92
      86
      77
      83
      94
      83
      89
      80
      77
      90
      97
      93
     105
      91
      82
      81
      80
      82
      75
      86
      73
      83
      93
      91
      98
      83
      81
      74
      75
      77
      71
      76
      86
      85
      87
      71
      93
      97
      88
      78
      87
      87
      87
      90
      81
      86
      77
      95
      86
      72
      91
      72
      87
      75
      82
      91
      70
      96
      76
      80
     101
      93
     111
      79
      77
      88
      90
      85
      81
      97
      96
      82
      95
      81
      83
      88
      92
      98
      93
      89
      80
      76
      71
      81
      89
      98
      89
      81
      84
      95
      91
      72
      84
     104
      82
      90
      88
      87
      76
      72
      84
     100
      91
     105
      81
      84
      83
      86
      83
      70
      72
      98
      72
      90
      81
      86
      70
      76
      91
      87
      86
      90
      78
      79
      78
      91
      87
      83
      81
      61
      91
      89
      85
      86
      77
      81
      70
      89
      84
      83
      91
      80
     101
      78
      83
      79
      83
      90
      85
      95
      78
      65
     100
      79
      86
      77
      94
      89
      91
      84
      96
      83
      91
      83
      93
      95
      70
      85
      86
      95
      70
      75
      79
      71
      82
      78
      91
      82
      76
      81
      71
      84
      75
      90
      81
      84
      71
      85
      80
      75
      78
      90
      91
      85
      91
      91
      76
     104
      84
      82
      88
      95
      87
      88
      90
      87
      88
      89
      82
      69
      90
      87
     112
      91
      79
      77
      95
      92
      89
      86
      88
      89
      93
      74
     102
      71
      94
      80
      81
      87
      87
      96
      88
      77
      97
     103
      66
      92
     106
      93
      88
      75
      92
      65
      67
      84
      93
      78
      84
      95
      91
      68
      87
      98
      80
      88
      81
      95
      81
      89
      90
      81
      84
      92
      93
     101
      79
     100
      94
      83
      81
     105
      75
      72
      74
      63
      83
      91
      93
      87
      90
      91
     102
      91
      75
      85
      83
      80
      90
      96
      95
      89
      77
      83
      90
      94
      98
      95
      71
      99
     105
      86
      78
      76
      93
     102
      84
      90
      86
      86
      93
      69
      90
      83
      81
      78
      84
      79
      90
      80
      95
      96
      81
      83
     100
      81
      92
      83
      85
      86
      81
      75
      89
      97
      83
      72
      61
      87
      92
      89
      90
      83
      87
     108
      73
      91
      82
      94
      71
     101
      94
      90
      97
      73
      86
      96
      87
     102
     103
      76
      78
      78
      92
      94
      90
      91
      82
      89
      88
      90
      96
     107
     110
      95
      87
     105
      96
      95
      78
      83
      77
      90
      83
     116
      79
      85
      97
      95
      90
      83
      96
     108
      86
      97
      95
      93
      99
      89
      94
     103
      79
      86
      97
     100
      99
      93
     108
      93
     105
      91
      90
      81
     100
      87
     111
      87
      82
     108
     128
     104
     101
     104
      98
      97
     130
     103
      89
      99
     121
     105
     104
     109
      99
     127
     105
     104
      89
     124
     104
      91
     109
      95
     106
      95
     126
     104
      99
     109
     115
      98
      97
      98
     106
     106
     101
     102
     115
     109
     111
     107
     121
     116
     104
     109
     114
     108
     115
     117
     114
     121
     119
     114
     115
     105
     106
     109
      97
     103
     112
     118
     113
     122
     120
     118
     122
     109
     109
     134
     130
     109
     126
     122
     120
     112
     117
     126
     112
     103
     118
     125
     120
     114
     130
     134
     110
     122
     125
     117
     115
     113
     121
     126
     115
     125
     114
     123
     135
     121
     108
     152
     119
     134
     145
     111
     121
     133
     125
     134
     120
     122
     125
     142
     144
     143
     130
     127
     127
     126
     124
     135
     137
     142
     129
     124
     142
     136
     144
     143
     137
     134
     153
     133
     137
     135
     134
     120
     137
     146
     136
     142
     127
     140
     151
     149
     153
     134
     177
     113
     150
     146
     155
     160
     155
     146
     159
     149
     144
     153
     157
     151
     146
     181
     146
     156
     174
     151
     154
     155
     162
     156
     156
     156
     160
     165
     169
     163
     142
     168
     169
     154
     147
     157
     178
     181
     150
     171
     161
     147
     166
     165
     158
     167
     162
     160
     164
     151
     192
     161
     181
     177
     183
     180
     167
     190
     173
     166
     151
     194
     187
     186
     188
     190
     163
     168
     174
     185
     182
     187
     180
     170
     186
     188
     179
     186
     169
     193
     179
     199
     176
     195
     180
     200
     193
     183
     214
     202
     183
     194
     209
     207
     184
     213
     182
     168
     213
     189
     203
     206
     216
     225
     223
     206
     195
     229
     198
     183
     187
     211
     223
     198
     208
     207
     203
     185
     220
     196
     223
     212
     211
     237
     200
     210
     231
     217
     240
     197
     231
     175
     225
     232
     223
     221
     219
     248
     240
     204
     217
     228
     248
     235
     253
     237
     240
     236
     196
     249
     220
     239
     219
     249
     225
     192
     210
     252
     208
     242
     224
     235
     220
     233
     239
     215
     248
     229
     206
     227
     213
     270
     225
     255
     218
     260
     253
     244
     280
     268
     254
     255
     250
     249
     245
     248
     248
     290
     244
     277
     248
     300
     238
     245
     248
     256
     250
     268
     264
     250
     256
     264
     275
     284
     251
     254
     277
     240
     253
     268
     264
     243
     258
     254
     248
     250
     254
     241
     264
     310
     276
     248
     278
     232
     285
     256
     268
     322
     236
     263
     245
     276
     254
     260
     294
     255
     266
     239
     281
     275
     254
     284
     275
     292
     286
     286
     308
     260
     284
     299
     271
     288
     303
     269
     280
     306
     281
     289
     298
     269
     288
     260
     276
     286
     278
     283
     255
     293
     279
     265
     296
     313
     270
     313
     267
     282
     299
     300
     310
     310
     276
     293
     277
     294
     304
     271
     320
     290
     308
     302
     322
     276
     314
     285
     303
     292
     295
     269
     301
     300
     277
     304
     290
     295
     318
     324
     322
     282
     304
     320
     262
     280
     289
     292
     325
     319
     305
     281
     281
     278
     312
     322
     303
     300
     273
     298
     287
     309
     284
     288
     287
     289
     310
     275
     315
     291
     316
     330
     292
     307
     302
     282
     300
     305
     256
     305
     302
     309
     296
     299
     299
     324
     307
     262
     333
     316
     320
     306
     298
     304
     306
     290
     309
     297
     309
     284
     308
     326
     322
     332
     315
     324
     297
     312
     291
     323
     289
     311
     310
     300
     328
     311
     278
     342
     287
     318
     301
     335
     301
     326
     302
     304
     297
     314
     277
     288
     264
     323
     307
     301
     292
     290
     297
     312
     295
     322
     317
     286
     301
     277
     309
     290
     302
     314
     299
     323
     289
     298
     303
     307
     285
     292
     311
     293
     285
     287
     298
     312
     310
     261
     309
     299
     279
     279
     308
     303
     330
     309
     304
     280
     279
     290
     291
     274
     305
     260
     272
     319
     309
     294
     301
     275
     266
     302
     285
     295
     312
     285
     301
     305
     284
     270
     301
     285
     288
     238
     272
     291
     271
     306
     240
     288
     305
     304
     290
     295
     289
     289
     268
     305
     303
     291
     259
     304
     235
     279
     291
     268
     251
     277
     252
     285
     254
     264
     272
     252
     287
     235
     256
     296
     244
     241
     244
     255
     256
     252
     267
     245
     266
     250
     269
     242
     254
     263
     264
     280
     244
     280
     288
     250
     275
     251
     286
     254
     269
     238
     258
     234
     249
     250
     248
     249
     238
     240
     249
     246
     246
     251
     255
     251
     238
     245
     227
     211
     223
     252
     235
     222
     255
     241
     229
     230
     231
     220
     257
     224
     229
     228
     233
     251
     231
     230
     220
     257
     224
     227
     208
     226
     212
     222
     216
     217
     215
     226
     211
     212
     237
     229
     227
     257
     218
     210
     231
     214
     215
     235
     196
     214
     200
     235
     215
     219
     199
     242
     211
     211
     185
     176
     220
     206
     227
     216
     186
     197
     206
     193
     202
     244
     219
     200
     177
     217
     235
     208
     218
     206
     199
     210
     193
     202
     200
     203
     191
     193
     195
     186
     202
     177
     188
     190
     167
     195
     202
     193
     206
     220
     206
     190
     180
     191
     155
     194
     173
     174
     207
     176
     184
     187
     175
     172
     195
     179
     179
     174
     161
     187
     176
     178
     170
     160
     144
     170
     149
     151
     179
     175
     174
     159
     179
     141
     143
     160
     170
     129
     157
     157
     187
     139
     175
     158
     158
     172
     166
     152
     146
     153
     141
     164
     150
     163
     154
     147
     151
     138
     169
     143
     147
     158
     174
     149
     151
     172
     132
     132
     135
     123
     125
     176
     133
     144
     127
     134
     153
     143
     135
     143
     137
     146
     145
     141
     159
     154
     119
     133
     144
     125
     141
     139
     144
     135
     150
     132
     130
     129
     146
     140
     130
     124
     121
     143
     127
     125
     121
     136
     129
     129
     126
     117
     114
     122
     135
     122
     133
     130
     127
     141
     115
     111
     116
     116
     126
     134
     118
     126
      94
     115
     121
     115
     115
     101
     133
     121
     105
     117
     111
     136
     142
     128
     133
     128
     108
     117
      99
     106
     119
     126
     129
     111
     118
     125
     112
     108
     124
     118
     101
     125
     113
     114
     121
     133
      97
     102
     100
     104
     106
      82
     103
     102
      97
      97
     106
      90
     109
     104
     116
     106
      79
     103
      97
     103
     116
      90
     102
      99
     103
     105
      80
      83
      97
      98
     104
      95
      97
      93
      88
      93
      91
     120
     112
      93
      79
     103
     109
      95
     116
      98
      76
      76
      99
      87
      91
      97
     103
      81
     100
     102
      84
      83
      91
      91
     109
     101
      89
     109
     105
     109
     104
     109
      87
      80
     100
      99
     101
      98
      92
      95
      98
      84
      95
      90
     100
      79
      89
      73
      87
     101
     100
      86
      83
      97
      90
      93
      96
     102
      95
      88
      86
      91
     113
      80
     106
      76
      89
      80
     102
      81
      85
      95
     109
      90
      82
      80
      83
      84
      95
      94
      80
      89
     106
      89
      89
      97
      94
      84
      90
      77
     106
      88
      87
      93
      74
      92
      84
      94
      82
      87
      87
      88
      88
      91
      84
      93
      96
      77
      85
      83
      98
      82
      91
      78
      94
      65
      92
      93
      83
     112
     102
      86
     101
     108
      97
      90
      99
      87
      88
      98
      88
     110
      95
      89
      99
     100
     104
     100
      86
      91
      89
     100
      84
      99
      96
     109
      80
      87
     104
     106
      97
     110
      95
      98
      82
     100
      75
      99
     101
      88
     101
     102
      86
      93
     108
      94
     104
      81
      92
      85
     116
     129
     109
     101
      94
     110
      94
     118
      91
     109
     106
      90
     100
      96
      99
     105
     121
      88
     117
      96
     103
     115
     117
     114
      99
     107
     111
      98
     116
     123
     110
      95
     120
      91
     109
     118
     109
     127
     115
     101
     115
     110
     102
     117
      99
     117
     111
     116
     125
     106
     115
     116
     144
     106
     148
     125
     126
      99
     104
     115
     129
     121
     112
     122
     122
     113
     117
     112
     109
     113
     126
     126
     135
     123
     123
     125
     136
     126
     120
     133
     141
     110
     115
     133
     117
     125
     122
     111
     129
     125
     135
     122
     125
     142
     113
     150
     135
     135
     149
     153
     131
     124
     137
     128
     127
     127
     135
     119
     143
     134
     129
     142
     133
     138
     135
     135
     137
     138
     137
     145
     152
     147
     142
     146
     138
     149
     142
     146
     133
     129
     145
     128
     142
     145
     165
     151
     142
     147
     152
     170
     142
     156
     135
     146
     165
     145
     139
     162
     178
     166
     156
     138
     166
     155
     171
     161
     144
     185
     161
     168
     152
     151
     155
     169
     153
     164
     170
     183
     156
     182
     177
     161
     179
     169
     154
     187
     180
     186
     181
     177
     207
     190
     191
     182
     149
     169
     195
     178
     169
     184
     204
     186
     179
     192
     166
     202
     182
     176
     191
     185
     194
     168
     193
     192
     169
     200
     194
     197
     172
     190
     164
     208
     227
     191
     209
     232
     198
     183
     190
     221
     195
     193
     194
     195
     191
     195
     210
     193
     233
     211
     197
     208
     199
     207
     196
     218
     208
     222
     187
     197
     210
     216
     211
     196
     188
     205
     216
     210
     207
     211
     212
     218
     211
     218
     209
     238
     210
     214
     218
     209
     255
     236
     214
     230
     232
     217
     220
     196
     219
     256
     207
     223
     240
     230
     224
     219
     268
     225
     244
     221
     224
     233
     229
     221
     225
     249
     231
     216
     232
     236
     239
     227
     240
     243
     227
     213
     244
     277
     288
     224
     222
     233
     245
     259
     241
     268
     251
     254
     256
     268
     229
     252
     252
     246
     242
     265
     232
     241
     279
     260
     249
     237
     245
     276
     258
     294
     248
     236
     251
     273
     234
     233
     279
     280
     255
     242
     226
     257
     274
     274
     246
     249
     256
     222
     262
     273
     261
     256
     232
     292
     262
     270
     254
     245
     300
     290
     258
     251
     247
     272
     323
     281
     285
     242
     284
     280
     273
     263
     277
     276
     280
     261
     286
     268
     287
     294
     265
     256
     264
     266
     246
     261
     266
     276
     272
     264
     302
     278
     281
     289
     293
     290
     284
     254
     263
     303
     247
     290
     293
     274
     285
     268
     272
     265
     339
     287
     293
     268
     302
     278
     298
     258
     272
     276
     279
     279
     280
     279
     276
     274
     273
     276
     280
     248
     271
     273
     299
     278
     292
     274
     284
     268
     306
     322
     275
     267
     303
     277
     298
     268
     263
     272
     299
     292
     255
     255
     303
     296
     282
     274
     294
     296
     258
     288
     293
     256
     273
     283
     271
     267
     267
     327
     276
     273
     257
     277
     263
     296
     307
     265
     312
     295
     285
     274
     253
     277
     273
     266
     264
     277
     275
     254
     289
     270
     270
     274
     282
     295
     265
     321
     274
     270
     262
     259
     257
     289
     251
     292
     295
     256
     281
     262
     254
     280
     252
     242
     252
     276
     269
     272
     257
     268
     286
     263
     240
     286
     275
     260
     263
     251
     274
     285
     248
     242
     295
     285
     276
     263
     287
     274
     282
     251
     295
     239
     232
     277
     263
     238
     251
     255
     257
     253
     269
     256
     245
     220
     249
     235
     253
     269
     282
     262
     236
     266
     245
     267
     266
     233
     253
     235
     230
     219
     262
     230
     260
     265
     242
     232
     227
     238
     231
     236
     232
     223
     224
     244
     260
     255
     216
     220
     227
     257
     248
     213
     241
     234
     229
     202
     223
     233
     229
     219
     236
     229
     223
     212
     209
     234
     225
     191
     201
     211
     220
     223
     216
     221
     240
     195
     194
     215
     191
     222
     219
     191
     187
     210
     212
     180
     195
     185
     238
     212
     215
     214
     206
     232
     197
     207
     186
     199
     192
     192
     183
     194
     206
     163
     192
     214
     178
     197
     190
     205
     176
     201
     179
     185
     175
     159
     197
     174
     179
     179
     202
     165
     187
     190
     186
     163
     180
     164
     171
     174
     173
     181
     180
     160
     184
     187
     155
     176
     163
     153
     173
     183
     160
     172
     187
     186
     164
     164
     149
     168
     157
     171
     159
     181
     142
     155
     159
     159
     127
     152
     164
     168
     158
     136
     147
     128
     168
     150
     141
     166
     148
     155
     140
     160
     159
     146
     139
     167
     130
     148
     134
     129
     134
     138
     129
     133
     117
     132
     134
     124
     132
     141
     158
     130
     143
     124
     130
     146
     141
     128
     118
     137
     126
     102
     123
     110
     119
     144
     132
     122
     124
     134
     140
     148
     131
     133
      96
     114
     123
     127
     127
     137
     110
     126
      93
     118
     103
     113
     119
     139
      97
     113
     114
     107
     120
      97
     114
     129
      88
     106
     119
     104
     103
      94
     108
     100
     101
     109
     112
     101
      85
     107
      85
     109
      95
     103
      93
     109
      99
      92
      88
     116
      91
      87
     110
      97
     102
      87
      92
      91
      76
      80
      77
      92
      82
      82
      98
      90
      92
      93
     103
      76
      98
      67
      81
      83
      83
      82
      83
      88
      82
      76
      86
      72
      81
      82
      80
      91
      74
      86
      77
      83
      83
      62
      63
      79
     100
      63
      75
      72
      57
      75
      70
      68
      63
      77
      78
      72
      67
      66
      53
      59
      51
      73
      83
      76
      68
      73
      65
      68
      65
      59
      54
      79
      74
      69
      80
      51
      63
      71
      64
      67
      67
      64
      46
      52
      55
      60
      63
      63
      59
      53
      54
      62
      66
      50
      57
      56
      52
      58
      71
      66
      58
      67
      47
      60
      60
      53
      54
      56
      64
      50
      63
      58
      61
      41
      59
      51
      48
      37
      50
      46
      45
      46
      53
      53
      54
      38
      51
      54
      50
      52
      50
      43
      32
      51
      47
      41
      47
      53
      69
      55
      37
      54
      54
      39
      52
      46
      57
      44
      34
      40
      51
      47
      39
      52
      33
      42
      43
      37
      47
      53
      35
      54
      41
      38
      42
      45
      36
      46
      45
      40
      40
      39
      35
      41
      45
      43
      36
      25
      32
      34
      39
      46
      33
      44
      50
      38
      35
      43
      40
      37
      38
      37
      44
      45
      43
      33
      39
      27
      36
      50
      38
      33
      37
      37
      32
      36
      37
      30
      33
      39
      46
      38
      33
      37
      29
      24
      33
      40
      29
      42
      32
      35
      42
      36
      31
      30
      32
      35
      24
      35
      30
      31
      29
      32
      29
      28
      34
      30
      30
      35
      25
      42
      25
      36
      29
      26
      23
      30
      29
      43
      38
      32
      25
      28
      26
      25
      29
      27
      29
      39
      29
      36
      30
      38
      39
      34
      35
      24
      32
      35
      28
      26
      35
      27
      32
      25
      34
      34
      43
      29
      23
      24
      22
      23
      18
      24
      28
      24
      32
      21
      27
      26
      23
      29
      30
      26
      21
      29
      25
      20
      25
      26
      38
      30
      31
      25
      23
      27
      25
      32
      23
      36
      30
      29
      25
      31
      24
      34
      26
      22
      25
      22
      26
      19
      22
      16
      33
      34
      31
      30
      26
      26
      30
      23
      26
      27
      28
      27
      28
      31
      24
      24
      19
      28
      20
      27
      27
      33
      25
      31
      21
      24
      26
      27
      18
      22
      18
      33
      17
      20
      23
      25
      27
      27
      21
      31
      27
      20
      24
      23
      22
      15
      21
      27
      17
      20
      16
      31
      19
      26
      16
      20
      23
      20
      15
      20
      24
      20
      23
      14
      19
      26
      18
      20
      32
      25
      13
      22
      27
      29
      25
      11
      21
      22
      22
      28
      14
      18
      21
      19
      20
      15
      29
      21
      22
      21
      18
      18
      22
      17
      21
      17
      22
      21
      18
      29
      24
      19
      25
      16
      21
      20
      20
      24
      31
      22
      18
      21
      12
      21
      17
      23
      23
      16
      21
      23
      16
      24
      18
      16
      16
      17
      26
      25
      17
      25
      30
      21
      21
      19
      18
      18
      25
      18
      29
      15
      22
      22
      13
      22
      20
      19
      19
      14
      10
      19
      25
      19
      21
      18
      17
      18
      22
      25
      18
      14
      17
      21
      10
      21
      19
      25
      17
      17
      21
      27
      22
      20
      26
      18
      17
      17
      21
      20
      24
      15
      21
      16
      16
      18
      18
      18
      14
      15
      15
      16
      18
      22
      13
      22
      16
      21
      20
      19
      19
      26
      13
      19
      19
      22
      17
      14
      10
      20
      18
      17
      17
      10
      16
      18
      13
      20
      14
      24
      31
      13
      13
       4
      18
      14
      18
      14
      11
      14
      16
      16
      13
      18
      17
      20
      14
      13
      20
      22
       8
      17
      15
      11
      19
      12
      20
      20
      15
      23
      14
      12
      17
      16
      16
      15
      13
      17
      15
      27
      20
      21
      19
      24
      13
      17
      16
      19
      18
      11
      10
      14
      16
      16
      15
      16
      16
      17
      19
      12
      18
      21
      19
      17
      21
      18
      23
      19
      18
      16
      16
      16
      16
      14
      16
      13
      10
      11
      21
      12
      15
      12
      20
      11
      21
      19
      13
      20
      20
      23
      22
      25
       8
      17
      20
       8
      17
      17
       9
      20
      11
      17
      13
      16
       9
      12
      11
      18
      12
      17
      12
      14
      13
      14
       6
      17
      14
      11
      15
      10
      15
      16
      11
      15
      14
      14
      13
      11
       9
      12
      11
      20
      13
      16
      11
      16
      14
      13
       7
      24
      22
      19
      20
      20
      11
      11
      14
      11
      14
      13
       9
      14
      12
      12
      12
      13
      10
      16
      11
      15
      15
      12
      11
      17
      17
       9
      14
      21
       6
      13
      16
      21
      11
      17
      18
      17
      12
      11
      11
      13
      11
      14
      12
      12
      16
      17
      22
      14
      18
      14
      16
      13
      12
      12
      11
      16
      19
      11
      10
      22
       9
      20
      13
      15
      22
      11
      18
      15
      10
      17
      17
      12
      17
      20
      19
       6
      10
      14
      15
      10
      14
       9
      16
      15
      18
      11
       9
      11
      19
      15
      17
       9
      18
      14
      13
       8
       9
       9
      18
      14
      17
      17
      13
      17
       7
       9
      14
       5
      17
      14
      12
      13
      11
      18
      15
      13
      20
      14
      16
      15
      16
      14
      16
      10
      10
      12
       9
      10
       9
      14
       9
       7
      21
      11
      10
      11
      11
      11
       8
      12
      13
      17
      15
      16
      20
      14
      20
      17
      18
      17
      13
      15
      17
      11
       9
      15
      14
      11
       9
      15
      11
      17
      17
      15
       8
      14
      17
      18
      13
      14
      13
      16
      21
      16
      17
      16
      18
      15
      15
      20
      16
      10
      10
       8
      13
      11
       4
      22
      18
      10
      11
      14
      11
      17
      10
       8
      15
      15
      13
      18
      15
      11
      17
      12
      12
      12
      15
      12
       9
      11
       7
       6
      12
      20
      10
      16
      19
      20
       9
      14
      18
       5
      14
      18
      15
      13
       8
      13
      19
      11
      13
      14
      25
      10
      11
      10
      16
      19
      16
       7
      16
      22
      17
      16
      15
       7
      11
      13
      13
      10
       9
      15
      13
      24
      13
      15
      13
      15
      15
      15
      14
      12
      14
      18
      17
       8
      14
      10
      19
      13
      12
      13
      14
      12
       9
      10
      18
      14
      18
      13
      13
       7
      11
      17
      15
      10
      14
       9
      14
      17
      13
       7
       8
      15
      21
      16
      15
      12
      13
      21
      11
      15
      15
      15
      12
      11
      15
      20
      13
      10
      13
      19
      13
      15
      14
      19
      10
      17
      16
      13
      13
      14
      15
      13
      12
      13
      13
      15
      14
      12
      12
      12
      22
       7
      14
       9
      13
      18
       8
      10
      10
       7
      13
      15
       6
      13
       7
      22
      17
      22
      13
      13
      10
      14
      14
      15
      14
      10
      19
      17
      14
      12
       9
       7
      13
      13
      13
      15
      14
      15
      14
       6
      14
      12
      12
      15
      10
      11
      10
      13
      13
      10
      14
      16
      10
      11
      11
      12
      11
      18
      19
      16
      18
      14
      14
      15
      10
       7
      16
      14
      17
       9
       8
      12
      21
      20
      17
       9
       9
      15
      13
      14
       9
      10
      10
      13
       8
      14
      23
       7
      12
      14
      17
      18
      15
      14
      19
      13
       4
      11
      17
      13
      12
       9
      13
       7
      24
      17
       9
      14
       9
       8
       9
      17
      10
      14
       9
      17
      17
      14
       9
      17
       5
      15
       9
      15
      10
      14
      15
      12
      12
      14
       9
      12
      13
      12
       7
      17
      11
      11
      13
      15
       8
      16
       7
      16
      16
      11
      17
      12
      12
       6
      13
       7
      13
      13
      12
      11
      12
       8
      14
      13
      16
      17
      15
      16
      10
      16
      14
      10
      13
      13
      14
       8
      12
      17
       9
       8
      12
      10
      14
      12
      11
      15
      11
      13
      12
      14
      14
       7
      12
      12
      19
      16
       8
      13
      12
      14
      12
      13
      13
      10
      16
      11
       9
      13
      15
      11
      10
      15
       5
      13
      15
      12
      12
      13
      15
       7
      15
      12
      11
      15
      14
      13
      12
      10
      14
      15
      12
      12
      18
      18
       8
       9
      13
      12
      12
      13
      17
      10
      14
      10
      14
      15
      15
      15
       9
       9
      10
      14
      14
      21
      15
      13
      16
       8
       8
      14
      12
      11
      15
      13
      13
      13
       6
      14
       9
      13
      10
      15
      13
       9
      15
       8
      14
       6
      13
      11
      15
       8
      10
      16
      12
      13
      11
      16
      19
      16
      17
       9
      15
       9
      13
       9
      11
      19
      13
      16
      11
       7
      12
       7
      14
      14
      11
      11
      17
      11
       6
      12
       5
       8
      16
      15
      11
       9
      12
      13
       9
      14
      13
      14
      12
       6
      12
      14
      18
       9
      11
      12
      12
       9
      14
      15
      12
      10
      11
      14
      15
       9
      15
       9
      10
      10
      10
      23
      11
      17
      14
      16
      16
      19
      14
       6
      11
      18
      10
      15
      13
       8
      12
       9
       9
       9
      10
      14
      15
       8
      16
      17
       8
      15
      14
      14
      10
      14
      13
      14
      20
      12
      10
      20
      10
      18
      15
      12
      12
       8
      11
      15
      14
      12
      18
      19
      15
      13
      11
      11
       7
       7
      19
      10
      11
       8
      12
      10
      14
      13
      14
       6
       5
      12
       7
      10
      16
      16
       8
       9
      13
      16
      15
       8
       6
       6
      11
      10
      10
      14
      14
       7
       8
      14
       6
      14
      16
      10
      16
      16
      17
      10
      14
      11
       4
      10
       8
      15
      16
       8
      12
      13
      11
      18
      14
      10
      11
      13
      14
      16
      10
       8
       6
       9
      14
      16
      11
      13
      17
      11
      11
      15
      10
      12
       8
      16
      15
      15
      10
      10
      16
      12
      15
      18
       9
      15
      15
      14
      13
       4
      12
      11
      18
      14
      12
       9
      14
       8
      10
       8
      16
      18
      13
       8
      18
      14
      15
      17
      10
      14
      14
       7
      13
      12
      14
      12
      15
      17
      16
       8
      14
      10
      14
      14
      10
       7
      13
       8
      12
      17
      12
      18
      12
       9
      14
      16
      17
      12
      19
      18
      15
      14
      16
      11
      17
      11
       4
      12
      10
      14
      11
      13
       9
      13
      15
      11
       5
      17
      10
      11
      15
      10
       9
       9
      11
      10
      16
      19
      14
      10
      12
      10
      10
      16
      10
       7
      13
      16
      16
       8
       9
      12
      16
      10
      14
       7
       6
      12
      11
       9
      16
      12
       9
      12
       8
      14
      12
      11
      13
      16
       9
       7
      13
       9
      21
      10
      10
      19
      18
      11
      16
       6
       9
      14
       9
      13
      10
      12
      12
      10
      13
      16
      13
      15
      14
      11
      16
      15
      12
      15
      12
      13
      11
       8
      14
      11
      13
       8
      11
      15
      11
      19
      14
      11
      17
      13
      14
       6
      11
      10
       9
      10
      13
      16
      17
      14
       5
      14
      13
      14
      19
      19
      14
      12
      10
      13
      13
      12
      12
      14
      12
      12
      12
      14
      15
      12
      17
      12
       6
      13
      13
       4
      15
      11
       9
      11
       6
      15
      17
      17
      13
       7
      15
      12
       8
      15
      15
      17
      16
      10
      14
      12
      12
      11
      13
      10
      14
       9
      13
      13
       9
      15
      18
       9
      18
       9
       7
       9
       9
       7
       7
      11
       3
      16
       9
       8
       7
      14
      14
       9
      12
       9
      15
       4
       7
       8
       7
      13
      11
      13
      16
      13
       9
      11
      15
       7
      12
      17
       8
      10
      13
       7
       9
      12
      14
      13
      16
      13
       8
      12
      11
       5
      11
       8
      13
       4
       9
      11
      13
      10
      11
      15
      16
      10
      14
      11
      10
       7
      11
      10
      11
      13
       8
      12
      10
      10
      16
      15
      16
      18
      16
      15
      15
      14
      15
       6
      14
      13
      14
       8
      11
       6
      21
      11
      11
      16
      11
      14
      10
      17
      18
       3
      11
       6
      16
      14
      16
      13
      13
      12
      12
      13
       8
      12
      13
      12
       8
      13
      14
       5
      12
      16
      13
      12
      18
      15
      13
       8
       9
       9
      13
      14
      10
      10
      14
      15
      14
      13
      14
      13
      15
      14
      13
       7
      10
      13
      15
      13
       7
      10
      14
      10
      13
      15
       6
      10
      12
      16
       9
      15
      15
      20
       6
      12
      16
      12
      10
       8
      11
       7
      10
      13
       9
      10
       7
      10
       7
       8
      16
       7
       9
      12
      13
      12
      11
       8
      10
      15
      16
      15
      12
      16
      14
      15
       9
      12
      13
       5
      19
      15
      13
      13
      15
      15
      11
      15
      19
       8
      16
      13
       6
      12
       9
      12
       8
       9
      11
      11
      10
      11
      11
      10
       9
      16
      12
      10
      15
      14
      14
       9
       8
       9
      11
      13
      13
      18
      17
      13
      15
      14
       9
      15
      10
      13
      12
       5
      16
      16
       9
      15
      10
      11
      12
      14
      11
      13
      12
      16
       8
      14
      10
       4
      16
      13
      12
      14
      14
       8
      18
      12
      13
      12
      13
      10
      19
      13
       9
      19
       9
      10
      12
      13
       6
       9
      15
      15
      11
      10
       9
      10
      10
      15
      13
       7
       6
      11
      12
       9
       7
      15
       9
      13
      19
      22
      15
       7
      11
      10
      15
      10
       9
       9
      12
      14
       8
      10
      13
      15
      13
      13
       8
      24
      19
      10
      11
      11
      19
      12
      13
      18
      21
      13
      10
      13
      14
      12
      14
      17
      13
      21
      18
      11
      15
      13
      10
      19
      12
      12
       7
      13
       5
      10
      13
      11
      11
      10
      11
       8
      12
       4
      12
      14
      11
      13
      10
      16
      12
      15
      20
      12
      15
       9
      18
       9
       9
      13
      15
      12
      18
      15
      11
      12
      10
      15
      15
      13
       8
      13
      13
      16
      16
      18
      22
      11
      14
      10
      16
      10
      12
      11
      13
       8
      18
      14
      17
      11
       9
      15
       8
       9
      12
      15
      13
       9
      12
       9
      15
      10
      11
       8
      12
      14
      12
      15
      12
      14
      13
       9
      10
      18
      17
       8
      14
      13
       7
      15
      11
      24
      21
      14
      18
      12
      10
      13
      17
      20
      18
       8
      12
      14
      17
       9
      14
       8
      16
      13
      13
      11
      10
      12
      17
      20
      11
      10
      15
      14
      14
      11
      10
      11
      16
      11
      10
      13
      12
      19
      11
      10
      11
      16
      10
       7
       8
       9
      13
      16
      15
      20
      19
      12
      11
      14
      15
      13
      12
      13
       6
      12
       8
      13
      16
      10
      13
      17
      14
      14
      11
      17
       7
       5
      13
      15
      16
       4
      10
      18
      10
       7
      21
      16
      10
      10
      13
      13
      15
      14
      22
       8
      22
      11
       9
      20
       9
      10
       7
       9
      16
      12
       8
      10
      10
      11
      12
      12
      12
      17
       9
      13
      15
      10
      12
       8
      13
       9
      24
      17
      17
      23
      12
      10
      15
      11
      13
      20
       7
      17
      13
       9
       7
      15
      12
      10
      14
       6
      14
      10
      18
      16
      12
       9
      11
      12
      17
      17
      14
      15
      14
      13
      16
      16
      10
      15
      14
      12
      20
       7
       6
       8
      13
      11
       5
       8
      13
      14
       9
      11
      12
      11
      14
      19
      21
      14
      16
      12
      16
      13
      11
      10
      11
      14
      11
      10
       8
      12
      13
      22
      14
       8
      15
       9
      14
      11
      15
      11
      21
      15
      18
       6
       9
      18
      14
      12
      12
      11
      11
      14
      15
      10
      13
      11
       8
      13
      22
      15
      12
      11
      10
      17
      20
      21
      13
      10
      14
      13
      20
      13
      11
      18
      14
      14
      12
       6
      13
      15
      11
      14
      13
      11
      14
      19
      12
      16
      15
      11
      14
       6
      15
      16
      14
      14
      16
      10
       9
      12
       5
       2
      15
      13
      14
      11
       9
      11
      12
      16
      22
       7
      11
      12
      12
      11
       8
      17
       9
      11
      11
      15
      17
      18
       7
      15
      13
      14
      18
      21
      18
      18
      12
      17
       9
       7
      13
      10
      11
       6
      19
       7
      23
      15
      11
      10
      13
      10
      12
      17
      14
      17
      15
      14
      13
      10
      15
       9
      17
      18
      11
      10
       7
      21
      12
       9
      15
      10
      14
      16
      21
      16
      21
      20
      14
      16
      18
      16
      15
      10
      11
      22
      17
      12
      10
      16
      15
      24
      14
      10
       9
       8
      11
      19
      15
      17
      11
      11
      12
      12
      14
       7
      17
      12
      13
      11
      16
      15
       9
       9
      15
      19
      15
      13
      14
      20
      11
      16
      14
      19
      12
      17
      13
      14
      17
      17
       9
      17
      12
      18
      10
      14
      15
      12
      16
      16
      26
      10
      12
      13
      13
      14
      18
      15
       6
      20
      14
      17
      12
      21
      11
      20
      14
      12
      15
      12
      12
      12
       9
      11
      16
      22
      15
      18
      18
      13
      13
      12
      12
      19
      11
      25
      12
      16
      18
      21
      15
      12
      11
      20
       7
      14
      20
      17
      17
      14
      20
      11
      18
      19
      14
      14
      17
      15
      18
      22
      15
      10
      11
      13
      20
      15
      12
      13
      10
      12
      14
      15
      13
      12
      15
      11
      11
      20
      11
      16
      13
      14
      22
      17
      10
      12
      17
      18
      15
      15
      19
      16
      10
      23
      12
      18
      13
      12
      13
       5
      14
      11
      18
      10
      20
      15
      15
      11
      19
      17
      14
      20
      13
      16
      23
      14
      21
      16
      17
      13
       9
      16
      17
      14
      20
      11
      18
      13
      19
      15
      11
      12
      20
      13
      17
      19
      17
      17
      14
      11
      12
      20
      14
      10
      18
      15
      24
      21
      12
       8
      10
      13
      15
      10
      21
      19
      17
      18
      15
      18
      26
      15
      18
      14
      15
      15
      14
      23
      24
      25
      12
      19
      12
      18
      14
      14
      18
      16
       9
      21
      16
      16
      18
      15
      15
      11
      17
       9
      16
       7
      14
      16
      23
      11
      16
      15
      22
      15
      19
      17
      20
      25
      14
      15
      20
      20
      14
      12
      19
      16
      11
      23
      13
      26
      16
       7
      20
      19
      19
      18
      16
      14
      12
      14
      10
      15
      16
      11
      13
      13
      14
      14
      19
      27
      11
      19
      15
      14
      23
      13
      11
       8
      11
      12
      31
      14
      21
      11
      13
      13
      24
      12
      15
      16
      12
      19
      13
      13
      16
      16
       8
      16
      13
      14
      11
      14
      15
      13
      13
      14
      20
      13
      15
      13
      20
      17
      11
      14
      12
      13
      12
      11
      11
      15
      14
      16
      15
      15
      17
      18
      13
      12
      15
      14
      12
      13
      19
      17
      15
      16
      13
      16
       8
      14
      16
      19
      16
      18
      11
      15
      19
      10
      16
      14
      16
      15
      15
      14
      12
      14
      16
      15
      10
      15
      23
      12
      20
      17
      13
      24
      10
      17
      14
      14
      15
      13
      16
      16
       7
      17
      12
      17
      12
       6
      15
      16
       5
      12
      14
      18
      12
      14
      11
      12
      13
      16
      15
      15
      14
      16
      19
      12
      19
      12
      11
      13
       7
      17
      12
      19
      15
      14
      17
      11
      14
      12
       8
      12
       9
       8
       8
       9
       8
      13
      19
       8
      20
       9
      11
      15
      13
      14
      14
      13
      14
      15
      13
      13
       9
      18
       9
       8
      12
       9
      11
      14
      12
      14
      14
      17
       8
      16
      13
      12
      15
      10
      14
       8
      13
      11
      13
      10
       8
      15
      12
       9
       4
      20
      14
      10
      13
       5
      10
      11
      12
       9
      13
      15
       9
      13
       6
      16
      13
       8
      11
      15
      13
      10
       9
      13
      10
       7
       8
       8
       9
       9
       6
       9
      12
       9
       6
      10
       8
      14
      15
       5
       7
      16
       8
       8
      13
      14
      13
      14
       4
       6
      13
      14
       7
      11
      11
       8
      10
       6
      11
      11
       9
      14
      15
      12
      10
       8
       5
       7
      13
      12
      11
      14
       6
       6
      14
      15
       8
       9
       9
       8
      16
      15
       4
      13
      11
       4
       8
      18
      15
      11
      10
      16
       9
       6
       9
       9
      12
       8
      13
       5
      11
       6
      10
       8
      10
      10
      10
      13
       7
      11
      16
      10
      15
      15
       9
      14
      12
      21
       9
      13
      18
      18
       5
       9
      12
      11
      17
      13
      15
      16
      17
      15
      13
      11
      16
       7
      11
      13
      12
       8
       5
       9
      12
      11
      16
      11
       9
      12
      15
      12
      17
      15
      21
      17
      10
      15
      11
       9
      15
      10
       8
      12
      19
      13
       7
      17
      13
      14
      17
       8
      17
      20
      12
      20
      19
      26
      18
      20
      15
      17
      14
      21
      14
      14
      11
      19
      16
      23
      22
      15
      19
      20
      17
      15
      18
       7
      18
      12
      11
      20
      13
      14
      22
      16
      14
      15
      15
      22
      18
      15
      14
      15
      22
      17
      15
      15
      15
      19
      13
      19
      19
      20
      23
      21
      21
      16
      17
      14
      15
      14
      20
      17
      18
      19
      14
      15
      18
      17
      25
      18
      18
      21
      20
      22
      14
      27
      18
      13
      14
      19
      25
      20
      20
      14
      19
      18
      24
      20
      14
      18
      24
      20
      22
      23
      18
      17
      22
      31
      24
      22
      19
      17
      26
      15
      27
      15
      19
      16
      32
      23
      25
      16
      23
      15
      19
      24
      30
      27
      28
      26
      25
      16
      17
      28
      20
      10
      17
      14
      23
      17
      25
      24
      22
      20
      20
      13
      22
      26
      22
      18
      18
      11
      29
      22
      25
      28
      18
      25
      20
      25
      21
      25
      23
      27
      16
      28
      16
      23
      19
      30
      21
      12
      17
      22
      19
      18
      26
      25
      21
      24
      22
      22
      28
      15
      17
      19
      31
      27
      20
      21
      20
      19
      19
      20
      18
      27
       8
      18
      22
      19
      17
      17
      13
      26
      13
      14
      22
      13
      11
      17
      18
      16
      12
      21
      17
      28
      18
      17
      18
      14
      14
      14
      17
      19
      11
      19
      17
      20
      21
      15
       9
      11
      12
      18
      17
      15
      20
       2
      13
      16
       9
      15
      15
       9
      13
      14
      12
      13
       8
      19
      20
      15
      11
      14
       9
      12
      14
      11
       8
      11
       9
       8
       7
      15
      13
      11
      10
      11
      13
       7
      10
      15
       9
      10
       7
       9
      12
      16
      13
      13
      12
      14
       8
       6
       9
      11
      12
      11
       5
       9
      10
      11
       6
       9
       6
      14
       8
       8
       7
       4
      11
       9
       8
       5
      11
       6
       9
      10
       7
       4
       9
      10
      10
       7
       6
       4
       4
       7
       6
       8
       6
      12
       5
       9
       5
       6
       3
       6
       5
       5
       5
       2
       5
       3
       3
       3
       3
       2
       6
       2
       6
       3
       3
       8
       5
       4
       1
       1
       0
       6
       5
       5
       5
       5
       5
       4
       2
       3
       4
       5
       3
       2
       3
       3
       5
       1
       1
       4
       3
       1
       7
       3
       3
       4
       3
       1
       1
       3
       6
       1
       3
       1
       5
       1
       2
       5
       6
       4
       1
       2
       1
       1
       2
       4
       2
       2
       1
       4
       1
       0
       3
       8
       2
       2
       1
       1
       2
       0
       2
       3
       2
       1
       0
       0
       1
       1
       1
       1
       0
       1
       1
       0
       1
       0
       1
       0
       0
       0
       0
       1
       1
       0
       0
       2
       1
       0
       0
       2
       1
       0
       0
       0
       0
       1
       3
       1
       0
       0
       0
       0
       0
       0
       0
       1
       0
       0
       0
       0
       1
       0
       2
       1
       0
       0
       0
       0
       1
       0
       1
       1
       0
       0
       0
       0
       0
       1
       0
       0
       0
       0
       0
       1
       1
       0
       1
       0
       0
       0
       0
       0
       2
       1
       0
       0
       0
       1
       0
       1
       0
       0
       0
       0
       3
       0
       0
       0
       0
       0
       0
       1
       0
       0
       0
       0
       0
       0
       0
       0
       0
       0
       0
       1
       0
       0
       1
       1
       0
       0
       0
       0
       2
       0
       0
       0
       0
       0
       0
       0
       1
       0
       0
       0
       0
       0
       0
       0
       1
       0
       0
       0
       0
       3
       0
       0
       0
       0
       1
       0
       0
       0
       0
       0
       0
       0
       0
       0
       0
       0
       0
       0
       0
       1
       1
       0
       0
       0
       0
       0
       0
       0
       0
       0
       0
       0
       0
       1
       0
       0
       1
       0
       0
       0
       2
       0
       0
       0
       0
       0
       0
       0
       0
       0
       0
       0
       0
       0
       0
       0
       0
       1
       0
       0
       0
       0
       1
       0
       0
       0
       0
       0
       0
       0
       0
       0
       1
       0
       0
       0
       0
       0
       0
       0
       0
       0
       0
       0
       0
       1
       0
       1
       0
       0
       0
       0
       0
       0
       0
       0
       0
       0
       0
       0
       0
       0
       0
       0
       0
       0
       0
       0
       0
       1
       0
       0
       0
       0
       0
       0
       0
       0
       0
       0
       0
       0
       0
       0
       0
       0
       0
       0
       0
       0
       0
       1
       0
       0
       0
       0
       0
       0
       0
       0
       0
       0
       0
       0
       0
       0
       0
       0
       0
       0
       1
       0
       0
       0
       0
       0
       0
       0
       0
       0
       0
       2
       0
       0
       0
       0
       0
       0
       0
       0
       0
       0
       0
       0
       0
       0
       0
       0
       0
       0
       0
       0
       0
       0
       0
       0
       0
       1
       0
       0
       0
       0
       0
       0
       0
       0
       0
       0
       0
       0
       0
       0
       0
       0
       0
       0
       0
       0
       0
       0
       0
       0
       0
       0
       0
       0
       0
       0
       0
       0
       0
       0
       0
       0
       0
       1
       0
       0
       0
       1
       0
       0
       0
       0
       0
       0
       0
       0
       0
       0
       0
       0
       0
       0
       0
       0
       0
       0
       0
       0
       0
       0
       0
       0
       0
       0
       0
       0
       0
       0
       0
       0
       0
       0
       0
       0
       0
       0
       0
       0
       0
       0
       0
       0
       0
       0
       0
       0
       0
       0
       0
       0
       0
       0
       0
       0
       0
       0
       0
       0
       0
       0
       0
       0
       0
       0
       0
       0
       0
       0
       0
       0
       0
       0
       0
       0
       0
       0
       0
       0
       0
       0
       0
       0
       0
       0
       0
       0
       0
       0
       0
       0
       0
       0
       0
       0
       0
       0
       0
       0
       0
       0
       0
       0
       0
       0
       0
       0
       0
       0
       0
       0
       0
       0
       0
       0
       0
       0
       0
       0
       0
       0
       0
       0
       0
       0
       0
       0
       0
       0
       0
       0
       0
       0
       0
       0
       0
       0
       0
       0
       0
       0
       0
       0
       0
       0
       0
       0
       0
       0
       0
       0
       0
       0
       0
       0
       0
       0
       0
       0
       1
       0
       0
       0
       0
       0
       0
       0
       0
       0
       0
       0
       0
       0
       0
       0
       0
       0
       0
       0
       0
       0
       0
       0
       0
       0
       0
       0
       0
       0
       0
       0
       0
       0
       0
       0
       0
       0
       0
       0
       0
       0
       0
       0
       0
       0
       0
       0
       0
       0
       0
       0
       0
       0
       0
       0
       0
       0
       0
       0
       0
       0
       0
       0
       0
       0
       0
       0
       0
       0
       0
       0
       0
       0
       0
       0
       0
       0
       0
       0
       0
       0
       0
       0
       0
       0
       0
       0
       0
       0
       0
       0
       0
       0
       0
       0
       0
       0
       0
       0
       0
       0
       0
       0
       0
       0
       0
       0
       0
       0
       0
       0
       0
       0
       0
       0
       0
       0
       0
       0
       0
       0
       0
       0
       0
       0
       0
       0
       0
       0
       0
       0
       0
       0
       0
       0
       0
       0
       0
       0
       0
       0
       0
       0
       0
       0
       0
       0
       0
       0
       0
       0
       0
       0
       0
       0
       0
       0
       0
       0
       0
       0
       0
       0
       0
       0
       0
       0
       0
       0
       0
       0
       0
       0
       0
       0
       0
       0
       0
       0
       0
       0
       0
       0
       0
       0
       0
       0
       0
       0
       0
       0
       0
       0
       0
       0
       0
       0
       0
       0
       0
       0
       0
       0
       0
       0
       0
       0
       0
       0
       0
       0
       0
       0
       0
       0
       0
       0
       0
       0
       0
       0
       0
       0
       0
       0
       0
       0
       0
       0
       0
       0
       0
       0
       0
       0
       0
       0
       0
       0
       0
       0
       0
       0
       0
       0
       0
       0
       0
       0
       0
       0
       0
       0
       0
       0
       0
       0
       0
       0
       0
       0
       0
       0
       0
       0
       0
       0
       0
       0
       0
       0
       0
       0
       0
       0
       0
       0
       0
       0
       0
       0
       0
       0
       0
       0
       0
       0
       0
       0
       0
       0
       0
       0
       0
       0
       0
       0
       0
       0
       0
       0
       0
       0
       0
       0
       0
       0
       0
       0
       0
       0
       0
       0
       0
       0
       0
       0
       0
       0
       0
       0
       0
       0
       0
       0
       0
       0
       0
       0
       0
       0
       0
       0
       0
       0
       0
       0
       0
       0
       0
       0
       0
       0
       0
       0
       0
       0
       0
       0
       0
       0
       0
       0
       0
       0
       0
       0
       0
       0
       0
       0
       0
       0
       0
       0
       0
       0
       0
       0
       0
       0
       0
       0
       0
       0
       0
       0
       0
       0
       0
       0
       0
       0
       0
       0
       0
       0
       0
       0
       0
       0
       0
       0
       0
       0
       0
       0
       0
       0
       0
       0
       0
       0
       0
       0
       0
       0
       0
       0
       0
       0
       0
       0
       0
       0
       0
       0
       0
       0
       0
       0
       0
       0
       0
       0
       0
       0
       0
       0
       0
       0
       0
       0
       0
       0
       0
       0
       0
       0
       0
       0
       0
       0
       0
       0
       0
       0
       0
       0
       0
       0
       0
       0
       0
       0
       0
       0
       0
       0
       0
       0
       0
       0
       0
       0
       0
       0
       0
       0
       0
       0
       0
       0
       0
       0
       0
       0
       0
       0
       0
       0
       0
       0
       0
       0
       0
       0
       0
       0
       0
       0
       0
       0
       0
       0
       0
       0
       0
       0
       0
       0
       0
       0
       0
       0
       0
       0
       0
       0
       0
       0
       0
       0
       0
       0
       0
       0
       0
       0
       0
       0
       0
       0
       0
       0
       0
       0
       0
       0
       0
       0
       0
       0
       0
       0
       0
       0
       0
       0
       0
       0
       0
       0
       0
       0
       0
       0
       0
       0
       0
       0
       0
       0
       0
       0
       0
       0
       0
       0
       0
       0
       0
       0
       0
       0
       0
       0
       0
       0
       0
       0
       0
       0
       0
       0
       0
       0
       0
       0
       0
       0
       0
       0
       0
       0
       0
       0
       0
       0
       0
       0
       0
       0
       0
       0
       0
       0
       0
       0
       0
       0
       0
       0
       0
       0
       0
       0
       0
       0
       0
       0
       0
       0
       0
       0
       0
       0
       0
       0
       0
       0
       0
       0
       0
       0
       0
       0
       0
       0
       0
       0
       0
       0
       0
       0
       0
       0
       0
       0
       0
       0
       0
       0
       0
       0
       0
       0
       0
       0
       0
       0
       0
       0
       0
       0
       0
       0
       0
       0
       0
       0
       0
       0
       0
       0
       0
       0
       0
       0
       0
       0
       0
       0
       0
       0
       0
       0
       0
       0
       0
       0
       0
       0
       0
       0
       0
       0
       0
       0
       0
       0
       0
       0
       0
       0
       0
       0
       0
       0
       0
       0
       0
       0
       0
       0
       0
       0
       0
       0
       0
       0
       0
       0
       0
       0
       0
       0
       0
       0
       0
       0
       0
       0
       0
       0
       0
       0
       0
       0
       0
       0
       0
       0
       0
       0
       0
       0
       0
       0
       0
       0
       0
       0
       0
       0
       0
       0
       0
       0
       0
       0
       0
       0
       0
       0
       0
       0
       0
       0
       0
       0
       0
       0
       0
       0
       0
       0
       0
       0
       0
       0
       0
       0
       0
       0
       0
       0
       0
       0
       0
       0
       0
       0
       0
       0
       0
       0
       0
       0
       0
       0
       0
       0
       0
       0
       0
       0
       0
       0
       0
       0
       0
       0
       0
       0
       0
       0
       0
       0
       0
       0
       0
       0
       0
       0
       0
       0
       0
       0
       0
       0
       0
       0
       0
       0
       0
       0
       0
       0
       0
       0
       0
       0
       0
       0
       0
       0
       0
       0
       0
       0
       0
       0
       0
       0
       0
       0
       0
       0
       0
       0
       0
       0
       0
       0
       0
       0
       0
       0
       0
       0
       0
       0
       0
       0
       0
       0
       0
       0
       0
       0
       0
       0
       0
       0
       0
       0
       0
       0
       0
       0
       0
       0
       0
       0
       0
       0
       0
       0
       0
       0
       0
       0
       0
       0
       0
       0
       0
       0
       0
       0
       0
       0
       0
       0
       0
       0
       0
       0
       0
       0
       0
       0
       0
       0
       0
       0
       0
       0
       0
       0
       0
       0
       0
       0
       0
       0
       0
       0
       0
       0
       0
       0
       0
       0
       0
       0
       0
       0
       0
       0
       0
       0
       0
       0
       0
       0
       0
       0
       0
       0
       0
       0
       0
       0
       0
       0
       0
       0
       0
       0
       0
       0
       0
       0
       0
       0
       0
       0
       0
       0
       0
       0
       0
       0
       0
       0
       0
       0
       0
       0
       0
       0
       0
       0
       0
       0
       0
       0
       0
       0
$ROI:
0
$PRESETS:
None
0
0
$ENER_FIT:
3.253255 0.105896
$MCA_CAL:
3
3.253255E+000 1.058962E-001 1.354739E-006 keV
$SHAPE_CAL:
3
0.000000E+000 0.000000E+000 0.000000E+000
