$SPEC_ID:
No sample description was entered.
$SPEC_REM:
DET# 1
DETDESC# DESKTOP-TH6PAN1 Model 927 SN 14191488 Input 1
AP# Maestro Version 7.01
$DATE_MEA:
11/05/2025 19:14:27
$MEAS_TIM:
139 149
$DATA:
0 16383
       0
       0
       0
       0
       0
       0
       0
       0
       0
       0
       0
       0
       0
       0
       0
       0
       0
       0
       0
       0
       0
       0
       0
       0
       0
       0
       0
       0
       0
       0
       0
       0
       0
       0
       0
       0
       0
       0
       0
       0
       0
       0
       0
       0
       0
       0
       0
       0
       0
       0
       0
       0
       0
       0
       0
       0
       0
       0
       0
       0
       0
       0
       0
       0
       0
       0
       0
       0
       0
       0
       0
       0
       0
       0
       0
       0
       0
       0
       0
       0
       0
       0
       0
       0
       0
       0
       0
       0
       0
       0
       0
       0
       0
       0
       0
       0
       0
       0
       0
       0
       0
       0
       0
       0
       0
       0
       0
       0
       0
       0
       0
       0
       0
       0
       0
       0
       0
       0
       0
       0
       0
       0
       0
       0
       0
       0
       0
       0
       0
       0
       0
       0
       0
       0
       0
       0
       0
       0
       0
       0
       0
       0
       0
       0
       0
       0
       0
       0
       0
       0
       0
       0
       0
       0
       0
       0
       0
       0
       0
       0
       0
       0
       0
       0
       0
       0
       0
       0
       0
       0
       0
       0
       0
       0
       0
       0
       0
       0
       0
       0
       0
       0
       0
       0
       0
       0
       0
       0
       0
       0
       0
       0
       0
       0
       0
       0
       0
       0
       0
       0
       0
       0
       0
       0
       0
       0
       0
       0
       0
       0
       0
       0
       0
       0
       0
       0
       0
       0
       0
       0
       0
       0
       0
       0
       0
       0
       0
       0
       0
       0
       0
       0
       0
       0
       0
       0
       0
       0
       0
       0
       0
       0
       0
       0
       0
       0
       0
       0
       0
       0
       0
       0
       0
       0
       0
       0
       0
       0
       0
       0
       0
       0
       0
       0
       0
       0
       0
       0
       0
       0
       0
       0
       0
       0
       0
       0
       0
       0
       0
       0
       0
       0
       0
       0
       0
       0
       0
       0
       0
       0
       0
       0
       0
       0
       0
       0
       0
       0
       0
       0
       0
       0
       0
       0
       0
       0
       0
       0
       0
       0
       0
       0
       0
       0
       0
       0
       0
       0
       0
       0
       0
       0
       0
       0
       0
       0
       0
       0
       0
       0
       0
       0
       0
       0
       0
       0
       0
       0
       0
       0
       0
       0
       0
       0
       0
       0
       0
       0
       0
       0
       0
       0
       0
       0
       0
       0
       0
       0
       0
       0
       0
       0
       0
       0
       0
       0
       0
       0
       0
       0
       0
       0
       0
       0
       0
       0
       0
       0
       0
       0
       0
       0
       0
       0
       0
       0
       0
       0
       0
       0
       0
       0
       0
       0
       0
       0
       0
       0
       0
       0
       0
       0
       0
       0
       0
       0
       0
       0
       0
       0
       0
       0
       0
       0
       0
       0
       0
       0
       0
       0
       0
       0
       0
       0
       0
       0
       0
       0
       0
       0
       0
       0
       0
       0
       0
       0
       0
       0
       0
       0
       0
       0
       0
       0
       0
       0
       0
       0
       0
       0
       0
       0
       0
       0
       0
       0
       0
       0
       0
       0
       0
       0
       0
       0
       0
       0
       0
       0
       0
       0
       0
       0
       0
       0
       0
       0
       0
       0
       0
       0
       0
       0
       0
       0
       0
       0
       0
       0
       0
       0
       0
       0
       0
       0
       0
       0
       0
       0
       0
       0
       0
       0
       0
       0
       0
       0
       0
       0
       0
       0
       0
       0
       0
       0
       0
       0
       0
       0
       0
       0
       0
       0
       0
       0
       0
       0
       0
       0
       0
       0
       0
       0
       0
       0
       0
       0
       0
       0
       0
       0
       0
       0
       0
       0
       0
       0
       0
       0
       0
       0
       0
       0
       0
       0
       0
       0
       0
       0
       0
       0
       0
       0
       0
       0
       0
       0
       0
       0
       0
       0
       0
       0
       0
       0
       0
       0
       0
       0
       0
       0
       0
       0
       0
       0
       0
       0
       0
       0
       0
       0
       0
       0
       0
       0
       0
       0
       0
       0
       0
       0
       0
       0
       0
       0
       0
       0
       0
       0
       0
       0
       0
       0
       0
       0
       0
       0
       0
       0
       0
       0
       0
       0
       0
       0
       0
       0
       0
       0
       0
       0
       0
       0
       0
       0
       0
       0
       0
       0
       0
       0
       0
       0
       0
       0
       0
       0
       0
       0
       0
       0
       0
       0
       0
       0
       0
       0
       0
       0
       0
       0
       0
       0
       0
       0
       0
       0
       0
       0
       0
       0
       0
       0
       0
       0
       0
       0
       0
       0
       0
       0
       0
       0
       0
       0
       0
       0
       0
       0
       0
       0
       0
       0
       0
       0
       0
       0
       0
       0
       0
       0
       0
       0
       0
       0
       0
       0
       0
       0
       0
       0
       0
       0
       0
       0
       0
       0
       0
       0
       0
       0
       0
       0
       0
       0
       0
       0
       0
       0
       0
       0
       0
       0
       0
       0
       0
       0
       0
       0
       0
       0
       0
       0
       0
       0
       0
       0
       0
       0
       0
       0
       0
       0
       0
       0
       0
       0
       0
       0
       0
       0
       0
       0
       0
       0
       0
       0
       0
       0
       0
       0
       0
       0
       0
       0
       0
       0
       0
       0
       0
       0
       0
       0
       0
       0
       0
       0
       0
       0
       0
       0
       0
       0
       0
       0
       0
       0
       0
       0
       0
       0
       0
       0
       0
       0
       0
       0
       0
       0
       0
       0
       0
       0
       0
       0
       0
       0
       0
       0
       0
       0
       0
       0
       0
       0
       0
       0
       0
       0
       0
       0
       0
       0
       0
       0
       0
       0
       0
       0
       0
       0
       0
       0
       0
       0
       0
       0
       0
       0
       0
       0
       0
       0
       0
       0
       0
       0
       0
       0
       0
       0
       0
       0
       0
       0
       0
       0
       0
       0
       0
       0
       0
       0
       0
       0
       0
       0
       0
       0
       0
       0
       0
       0
       0
       0
       0
       0
       0
       0
       0
       0
       0
       0
       0
       0
       0
       0
       0
       0
       0
       0
       0
       0
       0
       0
       0
       0
       0
       0
       0
       0
       0
       0
       0
       0
       0
       0
       0
       0
       0
       0
       0
       0
       0
       0
       0
       0
       0
       0
       0
       0
       0
       0
       0
       0
       0
       0
       0
       0
       0
       0
       0
       0
       0
       0
       0
       0
       0
       0
       0
       0
       0
       0
       0
       0
       0
       0
       0
       0
       0
       0
       0
       0
       0
       0
       0
       0
       0
       0
       0
       0
       0
       0
       0
       0
       0
       0
       0
       0
       0
       0
       0
       0
       0
       0
       0
       0
       0
       0
       0
       0
       0
       0
       0
       1
       0
       0
       0
       0
       0
       0
       0
       0
       0
       0
       0
       1
       0
       0
       1
       0
       0
       0
       1
       0
       0
       0
       0
       0
       0
       0
       0
       0
       0
       1
       0
       0
       0
       0
       0
       0
       1
       0
       0
       0
       0
       0
       0
       0
       0
       0
       0
       0
       0
       0
       0
       0
       0
       0
       0
       0
       0
       0
       0
       1
       0
       0
       0
       0
       0
       0
       1
       1
       0
       0
       0
       1
       0
       0
       0
       0
       0
       0
       0
       1
       0
       1
       0
       0
       0
       0
       0
       0
       0
       0
       0
       0
       0
       0
       0
       0
       0
       1
       1
       0
       0
       0
       0
       0
       0
       0
       0
       0
       0
       0
       0
       0
       0
       0
       0
       0
       0
       0
       0
       0
       0
       0
       0
       0
       0
       2
       0
       1
       0
       1
       2
       0
       0
       1
       0
       0
       0
       2
       0
       0
       1
       1
       0
       0
       0
       0
       0
       0
       0
       1
       0
       2
       0
       1
       1
       1
       2
       0
       2
       0
       0
       0
       0
       3
       0
       0
       0
       1
       0
       2
       1
       2
       0
       1
       3
       3
       4
       2
       0
       1
       1
       1
       2
       0
       1
       0
       3
       0
       2
       0
       0
       0
       2
       1
       1
       1
       2
       1
       0
       1
       2
       3
       3
       2
       1
       3
       1
       2
       1
       1
       2
       1
       2
       3
       3
       2
       0
       4
       5
       9
       9
      12
       9
       3
      12
      19
      19
      38
      49
      55
      77
      89
      96
     110
     143
     164
     164
     177
     177
     196
     186
     208
     204
     185
     214
     193
     210
     197
     183
     188
     210
     192
     202
     189
     183
     209
     192
     179
     215
     187
     195
     196
     182
     183
     176
     188
     172
     192
     158
     202
     172
     183
     174
     188
     184
     179
     146
     186
     187
     175
     196
     190
     189
     178
     159
     158
     175
     177
     175
     144
     159
     162
     175
     196
     164
     189
     185
     152
     169
     185
     165
     178
     164
     151
     173
     170
     196
     142
     196
     163
     160
     176
     169
     162
     182
     165
     147
     147
     164
     185
     163
     175
     155
     150
     147
     143
     137
     154
     181
     147
     153
     172
     150
     169
     161
     192
     164
     157
     175
     146
     165
     160
     141
     158
     152
     157
     159
     169
     159
     138
     188
     174
     153
     183
     155
     154
     169
     165
     166
     146
     159
     171
     155
     184
     164
     187
     171
     131
     165
     159
     148
     159
     181
     161
     169
     168
     158
     155
     168
     161
     171
     169
     180
     136
     149
     147
     150
     156
     150
     148
     143
     165
     136
     160
     154
     147
     140
     153
     170
     154
     157
     167
     171
     164
     158
     153
     150
     160
     175
     164
     145
     170
     153
     138
     134
     176
     154
     148
     161
     164
     134
     163
     156
     159
     157
     163
     159
     161
     152
     164
     170
     152
     164
     157
     162
     186
     163
     167
     152
     153
     155
     149
     168
     163
     160
     150
     140
     173
     156
     147
     188
     156
     156
     178
     183
     148
     154
     157
     148
     159
     155
     156
     151
     165
     148
     183
     154
     162
     167
     165
     146
     161
     153
     153
     148
     161
     160
     167
     146
     141
     141
     176
     157
     163
     168
     153
     123
     167
     154
     158
     174
     139
     182
     160
     139
     163
     164
     153
     169
     139
     144
     170
     155
     150
     160
     163
     173
     168
     154
     156
     177
     160
     195
     175
     193
     152
     164
     175
     169
     163
     162
     169
     158
     167
     162
     170
     161
     145
     147
     153
     141
     154
     156
     159
     177
     139
     182
     159
     183
     150
     153
     143
     140
     162
     156
     164
     176
     149
     170
     167
     160
     143
     159
     166
     158
     187
     174
     172
     177
     174
     179
     164
     167
     145
     176
     162
     161
     168
     186
     188
     182
     174
     168
     179
     182
     173
     143
     176
     175
     151
     152
     155
     165
     161
     159
     175
     174
     160
     162
     168
     139
     184
     195
     167
     158
     155
     168
     160
     166
     164
     169
     155
     180
     180
     169
     186
     176
     169
     167
     180
     150
     170
     162
     182
     158
     156
     176
     190
     164
     175
     185
     185
     171
     184
     173
     177
     180
     189
     173
     170
     180
     170
     174
     156
     169
     182
     158
     159
     200
     175
     168
     164
     167
     166
     169
     176
     174
     202
     154
     165
     169
     168
     181
     174
     179
     179
     169
     175
     183
     176
     182
     186
     172
     174
     188
     167
     174
     174
     160
     156
     169
     178
     189
     180
     174
     158
     180
     181
     170
     183
     188
     181
     172
     143
     168
     200
     177
     191
     198
     171
     160
     181
     181
     174
     179
     157
     175
     186
     173
     173
     178
     169
     180
     188
     175
     182
     171
     171
     178
     165
     180
     202
     187
     160
     185
     183
     172
     201
     161
     177
     157
     181
     172
     169
     178
     155
     169
     169
     173
     183
     157
     192
     184
     190
     178
     175
     183
     152
     177
     174
     184
     176
     180
     195
     161
     184
     203
     167
     187
     176
     199
     181
     174
     167
     169
     190
     186
     204
     172
     171
     172
     179
     187
     186
     157
     194
     180
     184
     169
     210
     193
     197
     173
     175
     205
     196
     181
     181
     176
     162
     185
     195
     182
     172
     209
     194
     189
     159
     158
     157
     210
     189
     187
     215
     190
     169
     199
     175
     190
     167
     211
     182
     157
     190
     182
     181
     186
     187
     164
     172
     172
     192
     210
     214
     184
     199
     185
     185
     175
     168
     191
     181
     204
     194
     180
     186
     184
     168
     183
     212
     200
     190
     169
     201
     180
     179
     191
     161
     191
     176
     186
     184
     192
     209
     179
     167
     181
     200
     195
     212
     170
     184
     180
     195
     168
     189
     185
     166
     179
     167
     210
     181
     179
     181
     194
     209
     199
     195
     190
     194
     161
     197
     202
     179
     187
     206
     173
     191
     195
     178
     199
     173
     194
     166
     176
     159
     177
     186
     163
     206
     182
     171
     200
     193
     180
     186
     185
     170
     183
     199
     196
     170
     191
     175
     200
     192
     185
     183
     190
     174
     170
     181
     201
     187
     199
     214
     170
     181
     178
     198
     171
     194
     182
     210
     184
     183
     208
     176
     156
     190
     195
     169
     191
     208
     188
     186
     185
     175
     175
     189
     182
     185
     174
     183
     202
     226
     197
     195
     186
     183
     169
     209
     190
     192
     176
     203
     190
     208
     197
     193
     201
     189
     194
     204
     157
     207
     184
     193
     187
     179
     199
     178
     174
     200
     190
     190
     192
     195
     195
     183
     193
     195
     177
     201
     199
     188
     178
     198
     175
     187
     197
     172
     193
     169
     186
     186
     184
     182
     182
     197
     179
     178
     174
     201
     184
     193
     168
     217
     184
     194
     182
     177
     175
     183
     167
     192
     174
     200
     198
     158
     194
     191
     207
     179
     183
     174
     181
     184
     187
     197
     197
     174
     214
     187
     197
     181
     167
     193
     205
     181
     183
     204
     182
     210
     180
     184
     183
     188
     197
     189
     194
     173
     172
     210
     200
     189
     198
     209
     209
     206
     194
     172
     175
     206
     194
     204
     210
     196
     195
     162
     208
     180
     196
     199
     171
     176
     192
     194
     188
     184
     202
     208
     196
     197
     203
     166
     201
     175
     189
     209
     180
     179
     199
     179
     145
     205
     176
     194
     195
     208
     179
     215
     201
     202
     194
     190
     214
     175
     203
     212
     196
     218
     172
     202
     203
     208
     201
     173
     169
     169
     195
     206
     199
     189
     201
     189
     175
     214
     193
     227
     198
     194
     209
     160
     193
     198
     181
     200
     182
     198
     175
     165
     193
     178
     189
     190
     195
     203
     211
     188
     212
     191
     215
     200
     237
     179
     192
     209
     195
     184
     205
     184
     195
     206
     188
     215
     205
     199
     203
     209
     212
     198
     222
     196
     194
     172
     230
     224
     211
     221
     193
     182
     195
     195
     213
     203
     205
     202
     216
     189
     207
     225
     205
     213
     229
     182
     202
     186
     207
     196
     200
     162
     179
     210
     217
     200
     210
     212
     188
     206
     218
     211
     211
     203
     200
     198
     213
     197
     201
     202
     227
     232
     211
     207
     226
     213
     222
     189
     194
     211
     198
     210
     217
     227
     209
     198
     213
     234
     229
     214
     207
     203
     217
     240
     214
     226
     203
     206
     213
     213
     209
     210
     203
     211
     197
     200
     207
     214
     214
     230
     213
     243
     219
     214
     220
     204
     230
     208
     210
     227
     207
     229
     214
     214
     232
     243
     239
     218
     221
     214
     230
     209
     226
     234
     232
     234
     219
     221
     244
     227
     251
     199
     225
     242
     222
     220
     231
     207
     248
     197
     247
     244
     227
     241
     228
     233
     233
     225
     233
     221
     224
     264
     236
     254
     232
     249
     247
     234
     237
     238
     201
     249
     232
     222
     216
     244
     225
     255
     236
     222
     248
     253
     229
     258
     244
     226
     229
     230
     235
     237
     249
     245
     219
     242
     228
     253
     238
     271
     251
     225
     229
     239
     220
     246
     255
     252
     240
     260
     262
     278
     235
     240
     250
     253
     251
     247
     270
     245
     245
     282
     286
     238
     247
     258
     270
     255
     243
     262
     277
     240
     287
     242
     242
     265
     247
     279
     248
     259
     266
     268
     246
     243
     268
     274
     245
     253
     289
     277
     295
     245
     255
     286
     277
     281
     286
     270
     260
     266
     266
     242
     294
     299
     274
     291
     279
     267
     270
     267
     302
     274
     276
     264
     290
     275
     262
     283
     258
     287
     272
     258
     274
     278
     303
     283
     243
     302
     285
     280
     272
     273
     291
     275
     275
     275
     243
     252
     275
     273
     272
     283
     254
     266
     294
     316
     316
     277
     295
     290
     271
     274
     270
     294
     300
     288
     274
     310
     285
     291
     298
     294
     296
     298
     298
     278
     302
     282
     299
     306
     303
     291
     290
     294
     279
     299
     304
     317
     296
     289
     314
     274
     290
     324
     312
     311
     286
     315
     292
     246
     287
     342
     323
     315
     289
     310
     273
     303
     310
     300
     301
     298
     274
     307
     278
     325
     325
     303
     278
     323
     294
     304
     319
     306
     321
     324
     299
     282
     319
     316
     342
     289
     320
     322
     299
     343
     320
     299
     335
     318
     348
     305
     312
     294
     322
     330
     334
     298
     318
     327
     325
     287
     313
     320
     310
     334
     320
     323
     294
     360
     321
     285
     295
     303
     295
     290
     314
     325
     328
     319
     269
     326
     326
     321
     300
     319
     307
     326
     268
     312
     284
     297
     331
     278
     313
     296
     322
     325
     357
     333
     341
     316
     318
     305
     310
     326
     301
     344
     273
     310
     330
     339
     299
     326
     306
     339
     338
     303
     327
     349
     316
     300
     306
     334
     332
     314
     313
     318
     342
     325
     276
     300
     304
     305
     302
     297
     321
     319
     331
     319
     314
     304
     296
     312
     294
     318
     301
     322
     329
     324
     315
     308
     345
     309
     333
     304
     318
     314
     313
     354
     312
     329
     321
     351
     281
     317
     297
     348
     320
     325
     333
     302
     320
     335
     311
     337
     282
     293
     287
     301
     325
     333
     313
     323
     323
     315
     300
     337
     327
     268
     353
     303
     339
     336
     321
     311
     330
     344
     293
     341
     303
     322
     292
     300
     314
     331
     335
     310
     303
     318
     294
     328
     287
     270
     314
     303
     311
     308
     313
     320
     332
     336
     318
     312
     322
     317
     325
     296
     348
     306
     298
     312
     292
     301
     331
     326
     302
     297
     325
     335
     261
     300
     312
     327
     285
     324
     294
     295
     314
     282
     295
     308
     319
     321
     322
     301
     315
     287
     347
     337
     319
     321
     325
     335
     288
     311
     312
     314
     314
     331
     328
     334
     303
     309
     306
     300
     300
     310
     312
     304
     299
     268
     303
     319
     294
     289
     282
     347
     324
     324
     295
     289
     362
     329
     326
     327
     297
     299
     290
     298
     279
     309
     321
     285
     296
     306
     317
     296
     297
     295
     305
     319
     302
     279
     297
     316
     289
     310
     308
     311
     289
     342
     292
     302
     301
     286
     294
     349
     291
     306
     274
     300
     304
     281
     333
     287
     283
     303
     311
     290
     299
     274
     264
     274
     300
     315
     310
     299
     272
     299
     295
     324
     299
     286
     264
     313
     284
     286
     307
     265
     273
     305
     323
     302
     292
     271
     307
     303
     308
     298
     286
     292
     242
     294
     294
     311
     290
     238
     314
     287
     310
     277
     298
     272
     274
     316
     273
     275
     300
     295
     272
     289
     276
     293
     315
     296
     269
     292
     281
     316
     301
     293
     302
     302
     328
     304
     293
     274
     314
     277
     287
     242
     290
     313
     294
     257
     316
     285
     278
     290
     271
     315
     279
     301
     284
     270
     238
     274
     299
     287
     273
     270
     268
     268
     308
     284
     263
     281
     287
     277
     273
     274
     271
     298
     266
     290
     267
     309
     287
     311
     258
     254
     276
     269
     280
     269
     295
     270
     270
     336
     297
     275
     250
     273
     273
     280
     282
     278
     290
     285
     258
     271
     269
     286
     268
     257
     282
     252
     316
     296
     243
     272
     270
     305
     310
     277
     240
     257
     293
     308
     262
     290
     317
     252
     283
     286
     242
     287
     270
     267
     264
     279
     282
     252
     265
     257
     292
     260
     305
     285
     275
     276
     286
     293
     249
     265
     270
     293
     256
     288
     252
     261
     269
     265
     298
     295
     301
     267
     269
     276
     260
     262
     274
     296
     285
     261
     259
     280
     252
     293
     267
     260
     309
     255
     287
     248
     259
     268
     259
     294
     298
     248
     246
     256
     241
     260
     275
     296
     274
     259
     306
     251
     295
     276
     265
     266
     294
     262
     283
     273
     275
     250
     241
     283
     269
     270
     268
     271
     269
     244
     286
     272
     263
     267
     259
     274
     235
     258
     263
     243
     261
     256
     269
     278
     265
     302
     247
     272
     278
     281
     288
     265
     247
     277
     256
     242
     248
     269
     238
     271
     258
     251
     265
     280
     239
     272
     260
     274
     267
     251
     255
     282
     273
     270
     243
     263
     250
     271
     258
     273
     251
     266
     253
     252
     263
     255
     250
     224
     242
     250
     249
     266
     284
     259
     257
     270
     261
     252
     254
     264
     285
     251
     303
     246
     268
     257
     262
     257
     244
     216
     261
     237
     257
     258
     265
     234
     243
     237
     261
     220
     281
     256
     255
     250
     284
     237
     268
     274
     233
     266
     226
     237
     239
     249
     271
     271
     270
     244
     244
     238
     254
     242
     247
     235
     249
     261
     244
     225
     241
     257
     241
     248
     263
     259
     248
     252
     257
     261
     255
     252
     283
     239
     257
     265
     244
     258
     250
     221
     256
     236
     272
     259
     240
     230
     243
     237
     227
     253
     255
     223
     269
     277
     245
     218
     224
     227
     218
     221
     246
     226
     246
     220
     230
     244
     208
     261
     237
     274
     255
     263
     257
     220
     260
     228
     254
     228
     242
     234
     261
     271
     285
     276
     259
     304
     253
     264
     249
     234
     262
     251
     234
     219
     240
     258
     248
     226
     240
     234
     234
     246
     233
     223
     254
     227
     262
     229
     240
     236
     187
     240
     234
     242
     219
     234
     251
     232
     235
     238
     249
     227
     254
     228
     235
     263
     275
     231
     195
     212
     219
     208
     230
     227
     226
     243
     227
     242
     233
     274
     243
     240
     240
     250
     233
     237
     253
     218
     215
     237
     228
     219
     239
     239
     250
     243
     224
     243
     214
     256
     229
     236
     230
     214
     210
     211
     240
     238
     201
     242
     234
     237
     230
     245
     264
     231
     222
     249
     281
     220
     209
     233
     220
     236
     251
     251
     224
     223
     224
     221
     227
     218
     229
     220
     235
     243
     231
     274
     246
     238
     226
     241
     225
     248
     228
     225
     212
     231
     209
     212
     226
     243
     232
     218
     223
     217
     237
     246
     242
     250
     264
     229
     227
     212
     238
     235
     239
     213
     198
     221
     207
     232
     227
     223
     222
     229
     210
     221
     230
     211
     248
     251
     242
     210
     240
     230
     246
     235
     258
     211
     204
     224
     186
     241
     220
     198
     224
     218
     243
     216
     239
     239
     217
     212
     224
     217
     231
     217
     201
     210
     174
     219
     206
     222
     225
     206
     223
     232
     235
     200
     233
     226
     236
     218
     210
     212
     221
     231
     220
     205
     230
     227
     235
     243
     222
     227
     231
     210
     251
     212
     201
     211
     225
     210
     243
     209
     210
     234
     211
     203
     228
     205
     213
     197
     203
     220
     189
     218
     224
     202
     223
     231
     209
     212
     195
     207
     232
     206
     191
     230
     219
     214
     223
     207
     185
     216
     207
     223
     225
     215
     202
     192
     245
     204
     208
     208
     212
     221
     249
     214
     206
     216
     223
     193
     235
     182
     228
     239
     215
     217
     204
     238
     247
     202
     204
     196
     223
     202
     222
     206
     198
     196
     223
     216
     214
     224
     253
     224
     196
     220
     235
     227
     214
     241
     221
     210
     191
     217
     213
     218
     204
     222
     229
     213
     226
     192
     186
     210
     210
     203
     213
     239
     204
     213
     204
     209
     210
     192
     214
     202
     220
     191
     200
     213
     204
     206
     211
     195
     202
     212
     177
     203
     195
     216
     249
     198
     192
     200
     206
     207
     219
     179
     187
     221
     207
     216
     211
     226
     200
     200
     236
     212
     216
     176
     186
     210
     199
     176
     194
     179
     177
     205
     168
     208
     227
     215
     203
     221
     218
     177
     224
     195
     186
     207
     192
     186
     195
     204
     200
     201
     205
     197
     221
     211
     186
     213
     185
     212
     216
     217
     211
     200
     208
     208
     191
     239
     201
     213
     209
     212
     215
     207
     193
     213
     225
     212
     186
     208
     229
     208
     187
     195
     187
     177
     189
     202
     197
     200
     187
     209
     183
     200
     206
     200
     195
     202
     225
     199
     218
     204
     220
     177
     201
     202
     194
     210
     208
     197
     202
     193
     201
     192
     200
     191
     207
     204
     210
     174
     191
     186
     202
     192
     233
     225
     201
     217
     181
     194
     179
     176
     224
     198
     202
     184
     199
     187
     180
     216
     184
     215
     193
     200
     193
     183
     218
     208
     219
     185
     212
     202
     182
     217
     192
     204
     202
     183
     198
     218
     212
     182
     192
     225
     204
     192
     199
     183
     184
     196
     210
     193
     218
     192
     193
     182
     183
     205
     196
     214
     198
     208
     174
     194
     175
     187
     191
     176
     198
     175
     190
     185
     181
     212
     204
     197
     205
     174
     181
     198
     188
     186
     176
     210
     204
     188
     176
     182
     185
     195
     205
     204
     191
     204
     188
     187
     198
     166
     185
     192
     194
     170
     202
     198
     168
     201
     202
     173
     192
     195
     179
     201
     189
     169
     194
     170
     196
     169
     179
     187
     178
     186
     202
     164
     166
     178
     180
     189
     193
     209
     206
     189
     200
     192
     196
     200
     192
     205
     212
     205
     197
     210
     174
     199
     184
     206
     194
     195
     171
     199
     184
     194
     180
     194
     196
     182
     209
     189
     183
     195
     178
     206
     167
     191
     194
     190
     176
     198
     194
     179
     195
     188
     183
     200
     206
     199
     192
     182
     170
     193
     179
     187
     209
     197
     179
     212
     184
     184
     186
     203
     180
     193
     187
     184
     179
     195
     188
     169
     203
     205
     183
     194
     184
     159
     196
     192
     195
     171
     204
     209
     161
     204
     184
     200
     214
     206
     175
     191
     193
     202
     194
     187
     176
     180
     165
     168
     188
     221
     174
     174
     160
     200
     175
     180
     168
     186
     193
     192
     171
     196
     159
     152
     183
     174
     147
     185
     185
     175
     174
     166
     171
     179
     181
     175
     166
     165
     181
     170
     181
     167
     180
     183
     193
     186
     170
     170
     199
     196
     172
     187
     189
     183
     193
     186
     182
     198
     193
     182
     187
     194
     187
     153
     167
     199
     194
     175
     175
     186
     167
     184
     194
     198
     173
     199
     175
     197
     169
     170
     172
     168
     166
     161
     168
     191
     166
     165
     178
     164
     197
     195
     178
     201
     202
     188
     185
     175
     182
     185
     185
     171
     199
     162
     180
     180
     196
     182
     175
     205
     182
     180
     184
     170
     176
     169
     197
     170
     187
     195
     177
     153
     172
     194
     175
     189
     169
     174
     211
     171
     174
     178
     162
     186
     172
     197
     173
     185
     175
     179
     172
     146
     176
     182
     195
     174
     173
     178
     167
     181
     198
     182
     174
     174
     178
     179
     169
     181
     163
     174
     164
     163
     168
     178
     181
     167
     178
     187
     177
     180
     157
     170
     172
     194
     175
     164
     180
     157
     194
     178
     178
     179
     155
     181
     179
     180
     187
     186
     167
     185
     179
     170
     184
     208
     187
     191
     193
     177
     173
     167
     168
     173
     174
     192
     181
     165
     171
     166
     165
     190
     177
     177
     155
     172
     188
     162
     168
     169
     173
     199
     165
     185
     170
     183
     167
     159
     171
     189
     175
     168
     187
     184
     177
     162
     177
     198
     171
     180
     185
     190
     167
     174
     169
     188
     164
     177
     176
     158
     167
     180
     168
     178
     148
     173
     186
     158
     173
     163
     170
     177
     166
     177
     169
     165
     181
     176
     175
     200
     180
     186
     179
     199
     174
     157
     188
     178
     166
     172
     163
     169
     190
     184
     177
     173
     168
     157
     175
     171
     156
     162
     163
     171
     159
     175
     183
     178
     170
     189
     190
     192
     180
     157
     168
     174
     176
     175
     164
     167
     175
     155
     174
     182
     174
     177
     178
     157
     162
     201
     165
     157
     183
     152
     149
     173
     163
     183
     170
     177
     191
     181
     171
     169
     167
     171
     157
     194
     161
     176
     177
     152
     191
     182
     183
     158
     161
     173
     187
     171
     173
     163
     159
     191
     168
     178
     160
     176
     157
     163
     174
     148
     186
     180
     198
     172
     162
     185
     161
     160
     160
     167
     185
     172
     147
     161
     163
     151
     178
     183
     175
     151
     175
     182
     185
     167
     160
     161
     190
     173
     174
     205
     165
     171
     153
     191
     176
     179
     161
     177
     158
     154
     175
     165
     155
     166
     167
     187
     171
     156
     180
     161
     152
     182
     164
     157
     182
     173
     165
     180
     171
     172
     166
     171
     188
     173
     172
     167
     163
     190
     160
     157
     165
     184
     198
     167
     151
     175
     196
     181
     185
     153
     179
     150
     152
     183
     181
     158
     186
     160
     163
     175
     185
     181
     157
     176
     143
     154
     169
     171
     167
     163
     175
     188
     176
     138
     193
     172
     153
     166
     174
     166
     172
     147
     155
     151
     172
     177
     159
     170
     168
     162
     164
     141
     166
     176
     152
     171
     166
     168
     197
     164
     161
     158
     166
     158
     146
     167
     160
     167
     161
     159
     161
     138
     155
     176
     183
     172
     171
     181
     162
     160
     161
     152
     180
     152
     157
     183
     193
     159
     162
     166
     154
     157
     173
     157
     165
     191
     179
     178
     154
     175
     175
     173
     153
     184
     165
     171
     164
     165
     162
     191
     161
     167
     177
     130
     143
     174
     165
     193
     164
     161
     158
     169
     184
     166
     171
     181
     176
     172
     174
     168
     159
     149
     162
     146
     162
     147
     199
     152
     171
     168
     157
     171
     163
     167
     141
     175
     163
     160
     161
     175
     156
     157
     166
     171
     153
     172
     141
     185
     180
     161
     159
     150
     179
     160
     155
     158
     166
     180
     184
     176
     164
     179
     172
     162
     205
     159
     180
     161
     170
     180
     163
     158
     150
     148
     173
     163
     154
     182
     153
     187
     138
     180
     161
     190
     166
     147
     139
     172
     179
     139
     200
     196
     166
     167
     175
     159
     170
     164
     160
     159
     167
     182
     168
     168
     150
     172
     164
     162
     173
     133
     190
     155
     189
     170
     163
     165
     158
     176
     174
     167
     155
     156
     160
     162
     168
     180
     149
     186
     172
     153
     193
     162
     166
     169
     150
     150
     138
     151
     167
     160
     144
     158
     149
     156
     150
     192
     164
     159
     153
     141
     150
     196
     168
     164
     166
     166
     149
     148
     138
     175
     151
     144
     141
     175
     174
     158
     180
     153
     193
     186
     169
     156
     182
     155
     182
     144
     162
     162
     159
     159
     159
     173
     168
     146
     154
     157
     187
     166
     145
     151
     161
     162
     148
     151
     158
     156
     177
     167
     172
     177
     157
     156
     172
     162
     146
     150
     183
     168
     175
     180
     169
     174
     162
     160
     134
     160
     180
     161
     154
     164
     170
     135
     174
     142
     166
     164
     197
     187
     180
     149
     181
     163
     159
     160
     174
     169
     160
     184
     166
     181
     168
     176
     161
     161
     178
     160
     172
     164
     169
     153
     176
     182
     155
     172
     175
     145
     172
     159
     160
     161
     152
     161
     174
     149
     163
     143
     168
     160
     162
     145
     168
     162
     143
     155
     167
     151
     200
     167
     164
     175
     163
     181
     159
     174
     163
     174
     171
     156
     174
     179
     166
     161
     148
     176
     164
     154
     167
     159
     161
     179
     173
     167
     161
     180
     151
     155
     172
     160
     181
     161
     147
     143
     164
     144
     179
     166
     158
     159
     149
     161
     155
     159
     193
     185
     166
     169
     176
     174
     145
     174
     145
     170
     148
     176
     172
     153
     148
     180
     150
     148
     153
     182
     140
     161
     165
     139
     154
     157
     161
     158
     168
     145
     174
     158
     179
     198
     164
     176
     159
     168
     190
     177
     174
     153
     138
     164
     171
     152
     164
     158
     168
     177
     157
     182
     172
     179
     144
     147
     169
     120
     165
     146
     150
     176
     144
     170
     165
     152
     142
     159
     147
     160
     150
     139
     166
     157
     180
     140
     161
     159
     176
     184
     169
     166
     155
     150
     183
     159
     162
     160
     198
     167
     205
     155
     174
     152
     171
     164
     162
     162
     170
     161
     138
     179
     176
     156
     182
     168
     127
     178
     172
     173
     192
     158
     160
     144
     155
     163
     156
     153
     165
     198
     165
     159
     153
     146
     155
     173
     168
     152
     181
     173
     161
     170
     146
     159
     174
     165
     163
     165
     170
     169
     158
     161
     177
     173
     188
     149
     157
     186
     163
     156
     157
     162
     152
     145
     154
     168
     160
     164
     182
     150
     158
     177
     175
     143
     171
     175
     152
     168
     176
     167
     168
     169
     148
     136
     144
     168
     175
     151
     145
     174
     174
     163
     169
     180
     189
     184
     176
     145
     141
     165
     168
     144
     163
     149
     164
     183
     168
     176
     154
     183
     175
     156
     150
     164
     161
     150
     144
     175
     186
     152
     151
     186
     153
     185
     162
     165
     179
     149
     183
     150
     175
     144
     173
     173
     175
     156
     157
     173
     166
     180
     178
     161
     168
     159
     154
     181
     160
     184
     155
     177
     165
     173
     151
     191
     166
     154
     168
     163
     181
     160
     161
     153
     173
     161
     171
     156
     168
     144
     152
     162
     132
     154
     175
     161
     125
     152
     156
     148
     167
     179
     161
     188
     174
     158
     166
     162
     165
     165
     144
     154
     152
     189
     160
     153
     165
     158
     158
     164
     179
     160
     169
     173
     178
     161
     160
     159
     189
     170
     164
     165
     178
     181
     180
     167
     162
     150
     179
     162
     191
     159
     145
     178
     173
     159
     154
     159
     165
     156
     125
     179
     163
     172
     167
     178
     158
     164
     170
     153
     183
     155
     148
     150
     155
     175
     156
     176
     173
     164
     180
     165
     151
     180
     141
     169
     158
     172
     151
     169
     163
     173
     153
     168
     152
     178
     149
     155
     163
     181
     168
     160
     161
     151
     189
     155
     176
     154
     164
     179
     161
     182
     169
     156
     140
     162
     156
     166
     185
     172
     179
     147
     172
     146
     161
     166
     144
     147
     169
     170
     173
     144
     173
     165
     168
     143
     172
     174
     157
     165
     161
     153
     167
     140
     185
     144
     143
     175
     171
     156
     159
     162
     137
     145
     158
     168
     159
     154
     175
     171
     147
     144
     151
     139
     176
     141
     163
     153
     128
     154
     155
     150
     156
     159
     184
     159
     161
     189
     146
     149
     172
     170
     161
     161
     145
     163
     160
     168
     170
     153
     164
     153
     157
     159
     169
     153
     133
     181
     165
     172
     165
     176
     174
     155
     162
     156
     168
     176
     153
     174
     165
     167
     163
     145
     159
     161
     150
     155
     173
     168
     154
     151
     150
     151
     181
     162
     150
     147
     158
     137
     155
     139
     167
     167
     175
     171
     162
     179
     167
     150
     157
     171
     187
     170
     162
     147
     137
     165
     137
     159
     152
     139
     143
     174
     163
     155
     156
     164
     158
     153
     183
     156
     155
     173
     139
     159
     154
     153
     150
     166
     138
     152
     145
     157
     168
     169
     170
     157
     146
     155
     145
     168
     138
     178
     160
     142
     163
     167
     158
     166
     158
     143
     151
     158
     170
     153
     154
     159
     141
     164
     151
     179
     155
     171
     129
     153
     150
     164
     159
     153
     142
     138
     166
     162
     155
     163
     179
     160
     175
     146
     146
     135
     160
     156
     136
     151
     153
     153
     154
     150
     163
     158
     156
     160
     181
     160
     166
     174
     157
     148
     159
     154
     148
     151
     151
     137
     149
     150
     186
     155
     153
     146
     157
     154
     178
     173
     150
     179
     174
     173
     169
     165
     168
     161
     143
     165
     151
     144
     156
     183
     151
     147
     164
     154
     144
     143
     139
     187
     160
     143
     149
     143
     152
     149
     151
     164
     146
     142
     153
     160
     135
     153
     141
     161
     130
     145
     141
     128
     130
     153
     143
     152
     146
     157
     157
     149
     163
     159
     153
     151
     167
     147
     166
     161
     148
     172
     160
     144
     163
     157
     149
     150
     150
     156
     165
     161
     162
     152
     152
     157
     156
     168
     158
     152
     151
     164
     141
     153
     148
     148
     177
     140
     146
     139
     157
     136
     135
     172
     144
     157
     159
     153
     145
     158
     156
     137
     136
     124
     171
     167
     153
     145
     163
     158
     172
     165
     170
     143
     159
     135
     172
     174
     164
     162
     156
     161
     161
     160
     148
     153
     154
     161
     141
     131
     150
     129
     147
     158
     159
     160
     135
     163
     159
     147
     157
     169
     149
     138
     163
     173
     144
     146
     150
     158
     134
     141
     141
     164
     138
     176
     185
     165
     149
     165
     156
     146
     164
     167
     140
     169
     156
     156
     141
     144
     153
     152
     147
     144
     160
     156
     144
     158
     150
     155
     129
     147
     145
     163
     146
     168
     153
     171
     174
     140
     166
     171
     155
     172
     163
     129
     174
     169
     181
     148
     150
     167
     152
     148
     187
     172
     147
     136
     166
     175
     140
     149
     154
     143
     155
     142
     169
     144
     148
     168
     158
     163
     152
     141
     143
     133
     134
     160
     147
     148
     156
     157
     146
     136
     175
     140
     144
     160
     146
     138
     163
     153
     179
     158
     152
     154
     127
     141
     141
     154
     163
     151
     171
     155
     156
     146
     137
     182
     138
     161
     171
     177
     158
     151
     178
     154
     155
     156
     137
     142
     159
     160
     148
     122
     157
     159
     153
     163
     144
     167
     145
     141
     143
     142
     139
     153
     170
     156
     144
     164
     170
     134
     149
     155
     126
     160
     148
     162
     164
     146
     155
     165
     167
     149
     135
     170
     144
     137
     183
     161
     154
     160
     158
     141
     143
     166
     168
     130
     137
     165
     154
     134
     147
     147
     172
     148
     158
     162
     149
     167
     165
     141
     168
     159
     157
     160
     170
     148
     159
     168
     169
     135
     151
     159
     143
     152
     158
     151
     158
     155
     174
     138
     152
     143
     142
     155
     141
     146
     151
     141
     165
     140
     147
     162
     149
     162
     158
     137
     158
     141
     139
     163
     151
     146
     143
     167
     150
     162
     149
     150
     147
     131
     153
     150
     156
     153
     170
     153
     174
     145
     172
     143
     141
     131
     156
     160
     165
     166
     157
     151
     149
     160
     169
     151
     153
     169
     120
     161
     147
     167
     152
     161
     150
     157
     129
     148
     169
     170
     177
     143
     154
     159
     141
     185
     160
     159
     137
     137
     148
     163
     143
     143
     158
     156
     147
     156
     174
     149
     166
     148
     158
     151
     151
     140
     162
     191
     167
     129
     132
     157
     164
     118
     151
     165
     157
     168
     157
     141
     163
     150
     174
     138
     138
     135
     153
     165
     162
     157
     149
     132
     165
     146
     154
     152
     169
     148
     148
     142
     151
     156
     142
     157
     162
     164
     160
     138
     179
     153
     156
     158
     147
     154
     168
     154
     145
     166
     169
     164
     168
     150
     125
     150
     163
     154
     166
     153
     159
     154
     147
     147
     145
     148
     171
     133
     154
     162
     145
     154
     141
     143
     153
     149
     155
     170
     156
     160
     159
     167
     139
     166
     152
     158
     159
     147
     165
     164
     140
     156
     135
     143
     171
     147
     146
     168
     153
     149
     174
     166
     148
     177
     170
     136
     163
     162
     156
     175
     153
     150
     154
     186
     148
     148
     137
     148
     164
     156
     140
     178
     154
     124
     143
     133
     148
     156
     127
     173
     161
     171
     143
     146
     159
     150
     165
     150
     154
     162
     173
     145
     130
     153
     163
     147
     146
     163
     158
     140
     172
     130
     130
     145
     172
     163
     174
     150
     149
     161
     151
     169
     148
     158
     155
     138
     138
     137
     155
     167
     181
     150
     144
     155
     141
     154
     158
     157
     154
     161
     149
     127
     175
     150
     163
     126
     117
     161
     167
     157
     139
     146
     164
     184
     140
     140
     175
     157
     154
     160
     146
     167
     152
     162
     176
     156
     143
     152
     161
     150
     148
     157
     144
     158
     134
     155
     163
     160
     173
     166
     157
     132
     153
     150
     124
     169
     146
     153
     162
     156
     162
     152
     147
     157
     143
     172
     136
     128
     147
     155
     147
     165
     158
     140
     177
     150
     156
     147
     169
     137
     157
     145
     141
     157
     154
     149
     146
     157
     145
     159
     155
     183
     159
     163
     156
     144
     163
     168
     149
     142
     167
     167
     183
     145
     137
     168
     153
     157
     151
     142
     159
     156
     165
     145
     152
     164
     164
     182
     148
     148
     160
     154
     149
     144
     148
     157
     170
     148
     149
     158
     157
     140
     165
     164
     165
     144
     154
     149
     157
     167
     175
     138
     166
     141
     174
     152
     144
     159
     163
     147
     163
     130
     163
     157
     163
     162
     186
     153
     149
     168
     176
     136
     155
     141
     143
     152
     130
     142
     141
     128
     168
     153
     134
     153
     143
     171
     170
     139
     180
     124
     138
     162
     164
     149
     156
     187
     170
     147
     155
     152
     157
     159
     155
     169
     153
     159
     170
     150
     162
     149
     134
     146
     134
     145
     134
     148
     125
     144
     156
     157
     141
     155
     156
     155
     160
     161
     153
     143
     173
     142
     164
     171
     167
     155
     156
     165
     148
     162
     154
     144
     138
     134
     169
     172
     179
     155
     168
     154
     180
     166
     137
     158
     142
     135
     156
     150
     144
     176
     150
     161
     153
     146
     152
     161
     147
     172
     157
     158
     152
     141
     146
     140
     172
     144
     169
     144
     153
     154
     167
     146
     181
     172
     141
     173
     157
     177
     157
     162
     180
     156
     136
     138
     160
     121
     176
     151
     167
     159
     170
     168
     128
     185
     135
     154
     153
     147
     156
     158
     171
     192
     121
     162
     163
     159
     138
     150
     151
     130
     177
     150
     162
     142
     162
     159
     169
     143
     144
     162
     144
     167
     159
     163
     142
     165
     160
     168
     163
     167
     171
     159
     145
     158
     162
     152
     180
     142
     149
     165
     159
     145
     170
     158
     174
     136
     152
     141
     171
     164
     151
     150
     162
     153
     156
     156
     162
     170
     174
     130
     141
     162
     156
     151
     143
     152
     149
     161
     156
     146
     150
     163
     177
     164
     157
     155
     146
     141
     155
     130
     172
     141
     163
     169
     163
     167
     147
     155
     168
     176
     142
     145
     170
     141
     158
     145
     168
     117
     176
     166
     162
     155
     148
     159
     171
     142
     168
     149
     153
     143
     178
     141
     155
     152
     131
     136
     169
     159
     159
     144
     162
     161
     153
     132
     168
     167
     158
     160
     168
     139
     140
     150
     166
     128
     142
     167
     169
     141
     146
     157
     161
     127
     166
     123
     142
     160
     139
     158
     154
     181
     171
     169
     175
     155
     160
     178
     158
     140
     169
     169
     148
     169
     143
     166
     166
     172
     140
     162
     154
     137
     167
     161
     129
     168
     164
     146
     148
     144
     159
     164
     173
     156
     155
     166
     176
     157
     146
     139
     148
     152
     150
     158
     175
     144
     175
     162
     149
     173
     159
     162
     155
     150
     148
     163
     137
     145
     159
     167
     172
     154
     152
     149
     143
     169
     165
     164
     182
     164
     155
     144
     146
     166
     170
     159
     142
     149
     169
     175
     136
     141
     154
     151
     160
     152
     155
     167
     163
     148
     156
     154
     141
     174
     177
     142
     171
     159
     161
     161
     163
     150
     153
     176
     138
     156
     162
     163
     169
     172
     153
     159
     176
     144
     141
     146
     145
     177
     166
     162
     164
     161
     148
     157
     176
     183
     165
     162
     162
     172
     153
     143
     150
     141
     166
     140
     173
     150
     148
     170
     149
     139
     138
     150
     161
     158
     155
     151
     158
     173
     149
     153
     168
     149
     169
     170
     167
     152
     158
     179
     156
     168
     127
     167
     156
     170
     181
     146
     139
     184
     133
     158
     158
     150
     185
     179
     167
     155
     167
     182
     166
     151
     149
     165
     162
     143
     145
     174
     164
     164
     151
     156
     138
     166
     153
     150
     162
     160
     180
     171
     136
     162
     146
     157
     164
     175
     146
     174
     159
     184
     130
     165
     177
     178
     193
     143
     160
     158
     176
     175
     173
     158
     164
     168
     162
     161
     165
     166
     164
     172
     175
     154
     159
     164
     164
     157
     154
     151
     153
     158
     149
     171
     147
     165
     150
     168
     170
     167
     167
     175
     168
     168
     157
     173
     171
     171
     169
     158
     156
     170
     150
     156
     144
     154
     186
     163
     145
     147
     149
     140
     139
     156
     140
     163
     166
     136
     169
     154
     139
     172
     139
     162
     164
     162
     164
     179
     136
     157
     143
     174
     180
     163
     170
     148
     155
     148
     176
     154
     171
     175
     154
     142
     151
     167
     152
     144
     157
     157
     148
     175
     140
     176
     149
     155
     159
     169
     141
     171
     162
     187
     177
     177
     163
     149
     153
     154
     164
     189
     147
     167
     163
     176
     171
     154
     159
     156
     167
     196
     153
     156
     154
     147
     148
     151
     169
     157
     158
     153
     133
     135
     160
     163
     161
     181
     195
     164
     158
     141
     152
     165
     158
     143
     156
     163
     179
     160
     168
     147
     149
     170
     176
     153
     170
     148
     154
     156
     165
     149
     167
     157
     168
     172
     142
     170
     173
     168
     167
     169
     154
     189
     158
     183
     155
     157
     183
     156
     172
     174
     163
     185
     135
     149
     151
     150
     178
     147
     165
     173
     177
     174
     148
     161
     138
     154
     162
     160
     132
     198
     157
     167
     170
     163
     167
     169
     165
     168
     163
     181
     164
     142
     152
     171
     170
     173
     163
     144
     162
     156
     157
     157
     149
     178
     153
     144
     137
     149
     175
     156
     186
     154
     181
     165
     160
     162
     184
     169
     182
     152
     152
     154
     178
     172
     176
     153
     154
     157
     160
     171
     155
     144
     160
     164
     159
     153
     165
     160
     169
     168
     166
     178
     144
     162
     158
     156
     156
     145
     170
     145
     143
     150
     164
     153
     166
     157
     180
     153
     183
     182
     164
     165
     159
     144
     156
     154
     166
     168
     148
     174
     156
     159
     162
     164
     149
     159
     166
     175
     159
     150
     152
     177
     159
     172
     158
     177
     142
     152
     178
     152
     188
     158
     169
     153
     159
     175
     175
     147
     156
     171
     151
     182
     158
     177
     177
     173
     164
     169
     168
     156
     160
     143
     164
     157
     166
     174
     163
     176
     163
     156
     182
     160
     164
     161
     155
     145
     140
     145
     172
     157
     147
     168
     152
     177
     140
     155
     164
     147
     132
     188
     170
     157
     158
     166
     175
     154
     155
     163
     151
     158
     173
     169
     149
     142
     157
     161
     154
     176
     168
     168
     171
     150
     186
     169
     195
     161
     150
     141
     169
     148
     164
     175
     176
     173
     168
     139
     168
     163
     174
     172
     151
     160
     156
     162
     170
     185
     179
     179
     183
     174
     165
     154
     157
     162
     164
     163
     169
     154
     154
     155
     152
     159
     173
     172
     156
     149
     186
     156
     155
     159
     142
     158
     153
     161
     154
     179
     155
     141
     177
     154
     155
     153
     146
     159
     156
     160
     170
     137
     159
     162
     163
     177
     181
     149
     166
     170
     167
     170
     137
     174
     173
     186
     159
     176
     187
     168
     169
     176
     164
     173
     145
     162
     156
     169
     163
     172
     162
     160
     160
     157
     141
     178
     179
     166
     170
     178
     158
     176
     144
     175
     161
     171
     164
     175
     157
     157
     185
     162
     176
     162
     156
     144
     169
     149
     180
     169
     175
     161
     181
     153
     144
     154
     154
     184
     189
     165
     150
     160
     161
     166
     173
     161
     170
     176
     154
     166
     173
     158
     182
     169
     174
     164
     183
     191
     162
     161
     174
     168
     151
     174
     173
     193
     139
     157
     159
     175
     171
     156
     165
     172
     185
     179
     148
     139
     186
     177
     178
     167
     162
     145
     172
     168
     137
     177
     182
     185
     161
     157
     148
     164
     143
     167
     184
     167
     171
     182
     151
     144
     173
     170
     155
     158
     175
     191
     165
     162
     159
     164
     142
     182
     146
     168
     175
     157
     180
     166
     163
     167
     167
     172
     157
     173
     141
     155
     186
     179
     178
     184
     148
     181
     179
     173
     158
     182
     182
     184
     179
     152
     182
     196
     174
     175
     179
     174
     183
     187
     166
     185
     179
     159
     172
     168
     155
     154
     168
     148
     169
     170
     169
     176
     164
     187
     157
     178
     152
     154
     160
     157
     180
     162
     154
     153
     146
     180
     201
     162
     177
     167
     165
     169
     158
     169
     169
     177
     193
     188
     182
     144
     147
     179
     155
     162
     170
     163
     176
     147
     155
     186
     196
     183
     155
     162
     161
     161
     160
     204
     167
     169
     163
     168
     165
     168
     180
     163
     135
     175
     182
     162
     208
     171
     179
     158
     164
     176
     159
     169
     155
     189
     187
     169
     172
     156
     173
     145
     164
     180
     172
     167
     183
     178
     157
     181
     159
     167
     190
     171
     173
     186
     184
     182
     166
     167
     159
     158
     186
     167
     186
     190
     161
     154
     177
     159
     178
     162
     194
     172
     158
     161
     181
     182
     148
     166
     182
     182
     207
     166
     172
     152
     177
     166
     199
     205
     177
     183
     175
     183
     201
     176
     180
     161
     170
     177
     163
     177
     194
     178
     174
     176
     178
     166
     162
     170
     175
     172
     150
     174
     175
     178
     163
     157
     176
     152
     183
     170
     162
     136
     167
     190
     140
     179
     183
     191
     167
     168
     163
     195
     156
     168
     183
     163
     174
     212
     180
     168
     186
     185
     178
     184
     184
     162
     179
     163
     179
     185
     164
     177
     178
     191
     181
     173
     174
     181
     165
     177
     181
     194
     175
     173
     200
     173
     185
     184
     181
     191
     196
     148
     190
     184
     194
     162
     170
     174
     189
     179
     196
     178
     180
     160
     192
     151
     171
     167
     167
     179
     180
     176
     178
     163
     160
     163
     196
     177
     174
     166
     162
     175
     171
     163
     180
     174
     191
     178
     186
     167
     182
     166
     181
     165
     189
     186
     205
     158
     168
     169
     184
     209
     184
     185
     173
     145
     167
     183
     180
     154
     167
     165
     183
     209
     203
     186
     168
     198
     177
     165
     201
     178
     176
     186
     181
     154
     169
     193
     163
     179
     202
     184
     181
     162
     189
     139
     170
     189
     177
     169
     177
     168
     154
     176
     180
     166
     161
     195
     189
     171
     182
     162
     183
     197
     188
     184
     153
     188
     190
     180
     172
     180
     177
     162
     206
     174
     194
     198
     147
     163
     175
     198
     186
     178
     194
     175
     165
     175
     172
     168
     185
     172
     145
     173
     169
     193
     183
     193
     174
     193
     192
     193
     184
     158
     185
     185
     206
     178
     178
     184
     157
     181
     191
     200
     155
     193
     175
     202
     170
     173
     161
     186
     188
     163
     185
     199
     169
     157
     191
     210
     182
     175
     204
     182
     183
     170
     185
     212
     167
     183
     185
     175
     136
     185
     173
     171
     193
     187
     180
     177
     200
     181
     180
     158
     184
     163
     179
     159
     207
     187
     180
     196
     184
     163
     175
     200
     200
     189
     174
     176
     196
     180
     201
     177
     196
     200
     194
     167
     171
     173
     191
     194
     179
     163
     164
     178
     168
     162
     185
     186
     195
     161
     191
     185
     184
     214
     175
     171
     182
     203
     195
     164
     169
     177
     173
     198
     161
     171
     175
     188
     166
     176
     171
     172
     186
     209
     177
     167
     179
     202
     198
     182
     179
     198
     190
     148
     177
     163
     177
     193
     186
     187
     177
     168
     191
     196
     163
     199
     184
     185
     188
     166
     180
     190
     174
     163
     180
     168
     197
     178
     191
     198
     212
     195
     163
     190
     172
     203
     157
     184
     177
     180
     190
     186
     159
     172
     157
     190
     198
     182
     174
     206
     214
     197
     168
     176
     161
     181
     181
     190
     160
     184
     173
     189
     183
     177
     198
     182
     180
     193
     186
     198
     158
     179
     191
     189
     209
     204
     177
     162
     161
     160
     170
     202
     177
     173
     194
     177
     187
     181
     183
     215
     207
     191
     195
     191
     176
     199
     174
     164
     192
     158
     197
     215
     205
     165
     183
     192
     172
     179
     166
     212
     156
     172
     228
     209
     172
     199
     183
     174
     203
     195
     193
     181
     168
     193
     169
     174
     188
     213
     191
     216
     185
     199
     198
     194
     203
     193
     167
     206
     184
     169
     181
     178
     195
     161
     178
     175
     194
     204
     196
     171
     207
     204
     180
     192
     155
     173
     190
     189
     181
     167
     194
     160
     179
     178
     186
     198
     189
     195
     202
     176
     184
     201
     192
     171
     193
     185
     190
     182
     195
     190
     211
     173
     195
     162
     195
     168
     205
     204
     189
     199
     198
     207
     181
     176
     190
     194
     191
     180
     187
     180
     192
     202
     206
     159
     175
     173
     189
     194
     189
     176
     198
     198
     179
     171
     183
     187
     191
     180
     181
     208
     169
     217
     204
     186
     185
     176
     191
     193
     208
     167
     186
     190
     176
     185
     171
     189
     195
     175
     207
     179
     201
     186
     186
     192
     162
     207
     215
     168
     183
     198
     194
     186
     172
     199
     177
     183
     192
     171
     194
     190
     186
     162
     183
     171
     183
     197
     196
     183
     171
     190
     195
     182
     168
     209
     172
     166
     193
     194
     181
     186
     185
     186
     179
     185
     191
     164
     187
     174
     188
     183
     207
     199
     211
     185
     180
     207
     179
     188
     193
     194
     189
     174
     176
     175
     214
     185
     197
     167
     164
     178
     200
     192
     227
     177
     180
     160
     200
     178
     205
     213
     161
     182
     197
     198
     178
     191
     207
     193
     161
     187
     191
     180
     165
     190
     179
     193
     185
     170
     187
     180
     203
     181
     175
     188
     179
     179
     164
     186
     167
     209
     183
     161
     193
     203
     188
     164
     182
     151
     200
     187
     168
     192
     176
     180
     179
     214
     190
     181
     198
     180
     155
     172
     191
     189
     199
     163
     181
     190
     175
     194
     182
     190
     197
     195
     172
     182
     187
     188
     210
     177
     192
     197
     177
     171
     192
     171
     206
     172
     187
     151
     175
     182
     209
     174
     197
     180
     176
     182
     191
     192
     167
     181
     171
     179
     181
     187
     188
     202
     196
     196
     222
     202
     152
     198
     186
     201
     174
     190
     162
     190
     168
     194
     186
     195
     188
     168
     207
     184
     218
     199
     206
     185
     217
     219
     185
     207
     197
     182
     193
     177
     178
     202
     223
     170
     184
     184
     157
     160
     190
     178
     177
     176
     184
     197
     192
     184
     183
     205
     163
     192
     184
     165
     186
     181
     187
     183
     180
     165
     196
     174
     214
     181
     182
     162
     182
     192
     178
     205
     180
     193
     183
     170
     211
     201
     160
     161
     200
     201
     179
     212
     174
     187
     161
     185
     188
     187
     181
     167
     203
     195
     173
     184
     220
     216
     194
     181
     212
     191
     206
     165
     181
     181
     183
     188
     189
     171
     184
     184
     210
     178
     172
     174
     179
     181
     188
     181
     176
     200
     185
     167
     172
     186
     197
     179
     164
     149
     165
     176
     201
     185
     180
     174
     207
     184
     198
     198
     166
     191
     193
     190
     187
     180
     182
     198
     193
     192
     200
     188
     151
     181
     192
     171
     174
     182
     172
     173
     182
     203
     193
     190
     174
     166
     190
     194
     192
     160
     195
     161
     159
     184
     163
     171
     184
     172
     173
     176
     200
     197
     174
     187
     179
     183
     187
     217
     204
     185
     187
     191
     163
     170
     175
     169
     174
     162
     169
     165
     185
     206
     185
     177
     193
     189
     192
     202
     193
     194
     173
     179
     191
     177
     166
     188
     184
     177
     167
     180
     177
     183
     193
     177
     170
     186
     186
     166
     203
     175
     168
     217
     184
     170
     189
     182
     192
     175
     192
     198
     213
     205
     199
     172
     207
     193
     217
     190
     185
     168
     186
     199
     167
     190
     188
     171
     188
     156
     167
     179
     187
     187
     175
     162
     178
     184
     184
     169
     175
     183
     175
     175
     165
     184
     177
     179
     176
     183
     170
     175
     183
     170
     172
     218
     179
     156
     175
     173
     165
     174
     185
     163
     168
     172
     193
     189
     179
     190
     167
     160
     162
     190
     180
     208
     162
     169
     193
     167
     167
     158
     152
     180
     186
     179
     136
     159
     159
     156
     158
     151
     169
     174
     179
     179
     193
     166
     184
     162
     197
     178
     174
     157
     176
     184
     198
     171
     189
     181
     162
     189
     180
     179
     167
     189
     150
     173
     153
     156
     165
     172
     149
     169
     172
     159
     154
     189
     177
     165
     179
     182
     147
     167
     163
     173
     159
     167
     172
     162
     184
     162
     167
     159
     168
     160
     194
     173
     155
     174
     169
     182
     175
     161
     175
     166
     200
     170
     165
     157
     162
     179
     183
     173
     156
     192
     166
     171
     149
     160
     154
     172
     175
     165
     149
     176
     176
     157
     159
     153
     167
     175
     167
     174
     161
     166
     179
     180
     167
     167
     170
     164
     178
     164
     183
     146
     185
     171
     164
     178
     173
     171
     162
     161
     158
     182
     176
     179
     160
     158
     163
     164
     163
     160
     159
     160
     137
     167
     166
     174
     160
     170
     152
     174
     159
     174
     154
     163
     151
     148
     144
     148
     137
     161
     155
     163
     159
     170
     140
     152
     172
     186
     150
     179
     176
     161
     155
     170
     150
     158
     164
     179
     150
     161
     151
     163
     143
     149
     158
     175
     170
     157
     181
     149
     143
     157
     117
     184
     138
     147
     163
     179
     154
     163
     167
     153
     155
     181
     164
     148
     170
     155
     158
     169
     179
     162
     155
     160
     145
     160
     189
     181
     136
     160
     157
     149
     158
     146
     161
     154
     146
     156
     168
     165
     150
     136
     158
     150
     157
     164
     149
     160
     172
     157
     161
     159
     132
     140
     148
     153
     163
     151
     161
     146
     159
     144
     149
     151
     157
     157
     178
     162
     149
     151
     142
     143
     162
     159
     178
     134
     150
     158
     158
     151
     160
     149
     133
     155
     145
     169
     149
     148
     159
     184
     156
     160
     151
     149
     141
     141
     148
     159
     151
     157
     161
     152
     140
     157
     144
     157
     147
     139
     142
     141
     154
     141
     156
     139
     163
     147
     144
     135
     141
     162
     138
     149
     155
     163
     163
     136
     149
     161
     144
     164
     128
     142
     137
     178
     148
     148
     138
     131
     147
     147
     147
     164
     129
     151
     137
     151
     157
     129
     141
     143
     125
     147
     144
     180
     145
     142
     130
     131
     155
     140
     138
     162
     150
     159
     149
     131
     143
     144
     122
     140
     126
     160
     151
     160
     150
     129
     155
     152
     151
     139
     136
     134
     134
     144
     138
     152
     147
     148
     139
     142
     155
     152
     142
     149
     131
     157
     126
     151
     151
     148
     141
     133
     134
     177
     145
     139
     131
     140
     140
     121
     156
     157
     127
     132
     142
     119
     135
     150
     148
     149
     116
     149
     140
     148
     138
     142
     154
     152
     131
     127
     134
     124
     167
     131
     154
     137
     144
     146
     142
     149
     149
     146
     142
     143
     171
     132
     137
     143
     144
     117
     172
     162
     138
     137
     146
     138
     123
     130
     136
     142
     131
     132
     154
     140
     148
     140
     131
     143
     151
     116
     139
     143
     142
     148
     118
     140
     128
     151
     128
     140
     154
     140
     120
     130
     137
     159
     141
     145
     135
     142
     147
     144
     128
     130
     142
     131
     153
     142
     124
     144
     125
     135
     148
     140
     137
     134
     143
     140
     134
     155
     120
     120
     152
     151
     146
     135
     128
     141
     132
     141
     132
     127
     155
     133
     144
     137
     113
     140
     153
     134
     149
     134
     144
     151
     152
     145
     135
     133
     139
     147
     133
     145
     141
     136
     140
     124
     111
     153
     142
     146
     133
     147
     139
     144
     155
     162
     157
     137
     124
     126
     105
     136
     128
     138
     127
     117
     136
     146
     122
     140
     152
     138
     134
     131
     129
     135
     150
     146
     140
     137
     139
     112
     148
     153
     130
     134
     122
     149
     135
     130
     116
     128
     146
     126
     128
     137
     125
     129
     145
     154
     132
     133
     144
     137
     130
     150
     132
     134
     153
     147
     122
     122
     130
     139
     144
     140
     124
     150
     122
     131
     138
     135
     145
     137
     143
     118
     131
     137
     153
     126
     135
     119
     149
     146
     133
     126
     145
     120
     124
     149
     143
     133
     115
     124
     134
     126
     130
     121
     122
     132
     159
     134
     137
     128
     125
     122
     124
     147
     140
     136
     150
     125
     119
     143
     100
     150
     163
     153
     131
     135
     128
     138
     127
     138
     141
     144
     137
     156
     122
     125
     128
     131
     125
     145
     107
     125
     139
     137
     119
     148
     144
     130
     138
     145
     123
     140
     135
     132
     119
     147
     137
     125
     112
     140
     122
     106
     155
     135
      97
     113
     133
     127
     130
     139
     142
     140
     147
     153
     134
     130
     126
     127
     122
     108
     145
     134
     139
     140
     133
     122
     109
     130
     136
     144
     152
     128
     129
     124
     143
     146
     112
     127
     142
     130
     118
     130
     140
     139
     139
     104
     120
     141
     128
     159
     117
     125
     133
     121
     150
     119
     120
     132
     143
     120
     131
     121
     116
     148
     130
     141
     134
     143
     134
     145
     130
     131
     132
     143
     154
     137
     118
     125
     114
     122
     133
     123
     149
     124
     123
     138
     121
     170
     139
     137
     120
     120
     120
     139
     142
     126
     131
     125
     137
     156
     127
     129
     134
     139
     145
     118
     148
     152
     118
     129
     124
     151
     134
     125
     148
     157
     126
     139
     125
     117
     122
     133
     117
     132
     114
     138
     132
     127
     131
     143
     119
     147
     144
     142
     143
     102
     132
     140
     128
     135
     127
     138
     129
     137
     132
     129
     110
     119
     122
     124
     113
     122
     134
     134
     131
     123
     125
     118
     119
     136
     124
     154
     123
      96
     144
     130
     137
     137
     124
     167
     129
     126
     128
     119
     137
     118
     137
     130
     123
     120
     142
     148
     122
     121
     135
     125
     141
     136
     138
     158
     125
     134
     133
     123
     125
     147
     122
     136
     124
     149
     143
     137
     133
     129
     119
     113
     129
     127
     141
     139
     149
     110
     110
     125
     130
     129
     137
     132
     154
     133
     140
     137
     125
     134
     128
     167
     140
     121
     138
     120
     131
     146
     138
     120
     125
     121
     119
     125
     114
     143
     144
     116
     156
     132
     172
     158
     138
     154
     131
     144
     107
     145
     100
     132
     114
     125
     143
     151
     114
     136
     134
     122
     139
     121
     113
     146
     147
     138
     138
     115
     119
     121
     123
     135
     120
     139
     152
     131
     133
     139
     129
     136
     145
     138
     139
     134
     124
     141
     143
     142
     116
     131
     137
     155
     115
     150
     132
     134
     157
     136
     127
     141
     135
     112
     156
     132
     144
     143
     143
     133
     133
     154
     140
     119
     120
     135
     124
     135
     133
     126
     130
     120
     135
     137
     125
     141
     132
     152
     157
     149
     104
     113
     131
     133
     145
     142
     136
     135
     112
     133
     123
     126
     122
     151
     132
     150
     132
     106
     126
     129
     132
     127
     122
     136
     118
     125
     133
     133
     130
     133
     147
     142
     110
     142
     122
     129
     128
     132
     123
     146
     109
     140
     131
     120
     137
     141
     129
     132
     140
     140
     137
     135
     126
     136
     115
     129
     115
     128
     148
     126
     143
     129
     157
     151
     153
     117
     130
     132
     132
     149
     130
     129
     148
     142
     127
     141
     153
     140
     148
     141
     133
     119
     155
     142
     140
     132
     140
     131
     158
     154
     150
     126
     125
     136
     137
     142
     131
     126
     136
     149
     133
     150
     148
     139
     132
     147
     129
     144
     127
     143
     136
     149
     140
     117
     143
     150
     136
     137
     135
     125
     144
     150
     129
     164
     154
     128
     145
     145
     155
     128
     141
     162
     151
     158
     128
     143
     161
     150
     111
     154
     134
     156
     154
     143
     152
     140
     145
     142
     155
     135
     150
     156
     134
     156
     156
     135
     143
     150
     149
     139
     130
     108
     148
     160
     146
     141
     141
     153
     136
     145
     152
     152
     131
     133
     133
     158
     163
     182
     153
     129
     154
     147
     140
     132
     150
     152
     138
     156
     137
     154
     176
     167
     153
     139
     187
     139
     157
     140
     152
     142
     134
     139
     163
     142
     158
     167
     153
     141
     156
     133
     161
     140
     154
     142
     168
     150
     176
     152
     152
     159
     150
     152
     153
     184
     165
     155
     170
     137
     148
     149
     142
     172
     178
     157
     152
     198
     171
     154
     141
     158
     182
     170
     165
     158
     168
     163
     139
     184
     165
     151
     159
     165
     148
     176
     185
     162
     169
     142
     160
     177
     157
     179
     185
     178
     151
     156
     193
     175
     150
     183
     167
     164
     167
     196
     161
     150
     188
     180
     171
     164
     171
     162
     172
     185
     208
     173
     150
     161
     189
     163
     171
     175
     170
     192
     180
     180
     170
     194
     151
     161
     192
     165
     162
     181
     169
     171
     177
     194
     181
     211
     191
     162
     188
     148
     181
     176
     210
     179
     216
     200
     201
     187
     184
     169
     187
     195
     186
     190
     194
     204
     211
     210
     197
     175
     219
     203
     209
     219
     223
     177
     192
     195
     212
     188
     225
     203
     204
     181
     204
     204
     207
     198
     214
     207
     220
     202
     215
     210
     218
     197
     211
     201
     213
     192
     228
     201
     183
     243
     229
     204
     222
     222
     189
     235
     224
     232
     219
     203
     234
     219
     241
     215
     229
     236
     232
     231
     225
     214
     198
     243
     211
     226
     205
     221
     225
     224
     243
     223
     228
     223
     253
     233
     230
     243
     221
     259
     236
     230
     241
     227
     258
     242
     219
     261
     240
     237
     259
     249
     238
     255
     241
     242
     243
     274
     248
     241
     240
     261
     257
     253
     249
     251
     266
     240
     238
     254
     265
     266
     254
     238
     276
     286
     281
     280
     250
     275
     278
     269
     284
     286
     251
     286
     272
     274
     293
     247
     282
     278
     288
     280
     295
     289
     269
     276
     256
     243
     289
     276
     283
     291
     312
     298
     272
     290
     296
     314
     277
     304
     320
     320
     296
     315
     286
     308
     292
     296
     308
     290
     344
     277
     325
     307
     299
     312
     304
     315
     308
     265
     297
     306
     299
     337
     313
     315
     326
     324
     317
     310
     314
     315
     349
     303
     342
     332
     348
     329
     314
     325
     301
     344
     345
     326
     372
     348
     327
     331
     301
     291
     330
     361
     319
     276
     388
     314
     348
     345
     349
     380
     314
     369
     366
     374
     365
     343
     375
     355
     371
     399
     394
     412
     346
     389
     346
     380
     407
     380
     401
     367
     357
     378
     388
     358
     368
     409
     394
     413
     389
     414
     394
     437
     361
     388
     393
     401
     393
     384
     389
     366
     402
     447
     405
     397
     410
     419
     381
     421
     406
     398
     398
     428
     422
     414
     398
     437
     426
     392
     424
     432
     412
     432
     429
     411
     430
     437
     432
     396
     427
     445
     431
     381
     453
     425
     439
     415
     444
     411
     468
     436
     398
     455
     450
     443
     448
     436
     449
     453
     423
     466
     455
     417
     491
     472
     465
     474
     433
     465
     421
     462
     493
     448
     474
     422
     435
     505
     472
     461
     466
     445
     484
     472
     471
     472
     474
     467
     448
     505
     457
     454
     483
     492
     493
     472
     455
     439
     475
     502
     463
     512
     467
     476
     460
     474
     471
     510
     454
     483
     481
     461
     447
     522
     502
     516
     504
     479
     486
     502
     503
     491
     513
     496
     506
     489
     509
     510
     501
     488
     488
     528
     519
     539
     499
     481
     500
     503
     522
     485
     503
     532
     533
     506
     534
     473
     489
     521
     548
     488
     506
     531
     501
     500
     532
     504
     556
     498
     536
     549
     470
     496
     536
     512
     494
     509
     479
     552
     526
     510
     480
     522
     533
     543
     528
     521
     529
     509
     512
     530
     568
     489
     531
     507
     524
     536
     555
     554
     491
     557
     554
     555
     558
     523
     525
     538
     562
     579
     538
     520
     563
     516
     529
     557
     574
     512
     483
     528
     534
     544
     537
     565
     546
     520
     506
     502
     521
     543
     549
     515
     548
     490
     530
     565
     526
     588
     536
     557
     540
     559
     563
     512
     542
     551
     524
     569
     534
     544
     559
     550
     564
     521
     491
     553
     515
     513
     540
     492
     519
     541
     522
     528
     525
     554
     542
     507
     539
     494
     519
     568
     559
     538
     548
     513
     501
     552
     565
     531
     500
     473
     578
     554
     504
     532
     548
     573
     540
     570
     557
     554
     567
     531
     519
     545
     550
     525
     570
     524
     561
     545
     553
     566
     518
     565
     510
     520
     486
     548
     526
     544
     580
     512
     502
     545
     540
     509
     488
     555
     522
     524
     560
     512
     585
     468
     581
     496
     503
     529
     510
     553
     480
     503
     521
     564
     501
     486
     514
     494
     504
     523
     490
     475
     515
     504
     476
     499
     555
     510
     487
     502
     482
     501
     516
     513
     530
     474
     470
     499
     525
     488
     482
     517
     535
     477
     477
     534
     507
     461
     502
     484
     487
     481
     493
     512
     491
     467
     508
     438
     495
     490
     474
     486
     443
     462
     442
     449
     511
     468
     478
     496
     467
     464
     433
     486
     477
     495
     445
     470
     475
     457
     473
     431
     452
     445
     466
     473
     433
     453
     465
     416
     503
     439
     457
     448
     453
     435
     425
     423
     465
     484
     456
     466
     463
     460
     437
     445
     455
     413
     440
     460
     385
     453
     441
     401
     391
     432
     450
     422
     414
     421
     445
     442
     430
     411
     422
     417
     391
     387
     406
     410
     378
     383
     457
     399
     385
     411
     395
     419
     416
     371
     384
     411
     360
     391
     396
     382
     428
     396
     380
     386
     409
     409
     376
     374
     386
     371
     397
     401
     364
     386
     393
     351
     375
     357
     367
     374
     373
     396
     351
     357
     396
     377
     366
     370
     370
     360
     339
     363
     390
     364
     350
     336
     348
     401
     348
     330
     317
     376
     367
     375
     361
     356
     329
     336
     327
     325
     315
     325
     317
     345
     348
     327
     348
     336
     311
     354
     307
     319
     323
     330
     334
     308
     359
     318
     283
     319
     343
     323
     336
     307
     331
     328
     328
     304
     296
     300
     308
     307
     275
     312
     331
     315
     296
     274
     280
     273
     322
     317
     291
     320
     281
     283
     302
     298
     286
     293
     285
     278
     265
     273
     284
     268
     280
     257
     271
     277
     271
     280
     273
     283
     263
     297
     263
     260
     263
     247
     265
     259
     251
     270
     229
     273
     251
     257
     242
     299
     252
     237
     243
     269
     257
     239
     227
     240
     222
     252
     271
     202
     222
     237
     229
     248
     264
     227
     238
     224
     244
     236
     254
     244
     252
     239
     233
     240
     253
     216
     226
     208
     227
     238
     240
     231
     220
     222
     217
     209
     216
     227
     216
     232
     223
     253
     210
     240
     201
     233
     225
     220
     224
     194
     211
     189
     225
     227
     211
     236
     217
     197
     214
     209
     210
     207
     206
     195
     209
     205
     190
     207
     202
     190
     200
     218
     190
     196
     188
     194
     201
     203
     208
     206
     183
     187
     206
     199
     214
     213
     169
     188
     165
     214
     192
     184
     187
     191
     173
     177
     168
     184
     186
     194
     181
     210
     184
     163
     182
     179
     193
     164
     206
     181
     195
     175
     184
     171
     172
     165
     186
     179
     200
     186
     183
     194
     184
     185
     187
     197
     172
     210
     170
     183
     185
     150
     170
     195
     180
     199
     177
     165
     180
     200
     189
     179
     184
     166
     169
     168
     159
     179
     155
     146
     174
     153
     156
     164
     171
     153
     175
     173
     187
     154
     190
     170
     178
     170
     153
     156
     178
     168
     153
     145
     170
     159
     173
     145
     166
     189
     151
     176
     175
     170
     172
     160
     171
     143
     190
     190
     153
     175
     127
     181
     157
     181
     159
     169
     163
     152
     168
     177
     166
     170
     161
     191
     163
     151
     154
     169
     164
     158
     167
     160
     152
     163
     152
     174
     177
     157
     185
     193
     195
     164
     167
     183
     177
     170
     150
     175
     176
     161
     185
     171
     172
     160
     185
     172
     188
     186
     171
     170
     170
     167
     165
     188
     164
     175
     169
     173
     184
     189
     199
     181
     155
     189
     185
     187
     181
     204
     209
     160
     178
     187
     165
     176
     184
     176
     183
     190
     191
     188
     176
     162
     186
     203
     176
     169
     170
     168
     196
     180
     185
     179
     179
     209
     216
     209
     203
     189
     185
     191
     190
     200
     193
     170
     182
     187
     182
     185
     210
     191
     192
     205
     189
     202
     207
     184
     201
     207
     207
     194
     193
     224
     197
     209
     208
     202
     213
     182
     204
     228
     210
     202
     196
     238
     217
     241
     235
     199
     186
     232
     232
     214
     211
     201
     210
     223
     226
     218
     210
     209
     204
     193
     188
     224
     228
     211
     211
     248
     221
     261
     233
     217
     254
     232
     235
     228
     209
     235
     261
     235
     228
     222
     234
     210
     238
     227
     235
     238
     267
     267
     237
     260
     263
     260
     255
     256
     237
     266
     243
     223
     279
     260
     253
     273
     276
     280
     272
     262
     252
     297
     258
     272
     286
     259
     277
     266
     283
     239
     311
     284
     268
     270
     267
     273
     283
     306
     276
     302
     284
     273
     270
     288
     292
     300
     274
     283
     283
     266
     267
     266
     299
     286
     286
     285
     301
     311
     320
     279
     296
     312
     274
     300
     296
     322
     300
     300
     301
     312
     330
     331
     313
     334
     305
     364
     313
     318
     354
     349
     319
     314
     331
     323
     288
     341
     360
     338
     328
     357
     325
     329
     336
     332
     314
     342
     337
     318
     337
     362
     359
     333
     356
     359
     348
     329
     361
     376
     359
     348
     358
     367
     391
     369
     364
     392
     359
     381
     348
     388
     370
     367
     378
     385
     328
     367
     369
     413
     386
     411
     398
     398
     395
     398
     388
     344
     404
     391
     387
     366
     398
     357
     371
     423
     398
     396
     411
     400
     398
     440
     390
     411
     413
     462
     387
     435
     411
     415
     389
     431
     424
     421
     444
     422
     399
     455
     427
     421
     409
     480
     455
     445
     440
     414
     464
     423
     448
     473
     433
     451
     435
     457
     432
     449
     457
     459
     441
     448
     430
     448
     455
     459
     429
     439
     441
     439
     466
     457
     422
     484
     469
     473
     471
     502
     455
     500
     469
     486
     513
     473
     464
     484
     443
     464
     481
     486
     482
     493
     473
     486
     486
     493
     450
     457
     502
     503
     510
     518
     497
     454
     512
     465
     472
     499
     442
     496
     529
     491
     508
     536
     494
     507
     492
     462
     504
     494
     488
     528
     484
     503
     513
     507
     538
     510
     497
     497
     500
     513
     520
     524
     508
     476
     485
     519
     541
     496
     510
     502
     532
     522
     513
     519
     488
     545
     528
     512
     539
     546
     552
     531
     517
     528
     514
     543
     534
     501
     488
     515
     562
     549
     537
     489
     531
     521
     562
     511
     535
     515
     570
     499
     574
     571
     485
     542
     441
     531
     499
     509
     513
     562
     504
     556
     536
     517
     519
     513
     547
     530
     514
     535
     554
     577
     540
     529
     552
     552
     523
     507
     546
     548
     510
     515
     532
     533
     520
     509
     553
     520
     496
     529
     547
     534
     578
     543
     515
     528
     531
     520
     596
     543
     512
     512
     528
     540
     539
     484
     496
     568
     535
     479
     516
     512
     487
     525
     513
     550
     524
     541
     511
     499
     547
     508
     530
     532
     521
     515
     496
     536
     505
     529
     510
     523
     508
     540
     545
     524
     494
     523
     450
     507
     485
     573
     524
     512
     486
     499
     520
     539
     477
     531
     544
     475
     493
     527
     466
     501
     502
     502
     470
     477
     495
     529
     469
     482
     487
     483
     533
     443
     513
     510
     484
     459
     464
     466
     484
     502
     498
     468
     493
     474
     483
     470
     500
     467
     492
     458
     464
     489
     512
     465
     479
     467
     460
     513
     489
     457
     479
     445
     453
     472
     480
     448
     473
     466
     450
     449
     441
     437
     466
     448
     442
     421
     457
     420
     419
     457
     456
     455
     464
     468
     390
     450
     417
     427
     412
     420
     415
     441
     409
     468
     448
     423
     435
     418
     425
     384
     418
     415
     380
     411
     387
     418
     423
     441
     417
     417
     420
     424
     378
     454
     375
     422
     407
     420
     393
     403
     402
     390
     380
     411
     351
     381
     364
     372
     382
     368
     400
     391
     368
     380
     350
     374
     376
     393
     379
     345
     354
     376
     355
     375
     373
     356
     372
     386
     352
     355
     351
     379
     332
     331
     337
     361
     328
     363
     338
     354
     339
     331
     319
     319
     338
     327
     347
     326
     349
     339
     332
     322
     305
     332
     338
     319
     302
     344
     327
     294
     334
     331
     292
     297
     287
     295
     295
     335
     305
     262
     297
     297
     298
     296
     291
     292
     307
     254
     310
     268
     300
     273
     300
     280
     280
     300
     286
     253
     262
     265
     257
     299
     302
     283
     286
     249
     272
     267
     293
     238
     276
     249
     275
     226
     280
     260
     245
     243
     257
     244
     220
     247
     244
     270
     242
     236
     267
     230
     253
     241
     253
     230
     231
     238
     243
     225
     218
     237
     254
     218
     227
     242
     204
     205
     246
     209
     181
     229
     232
     206
     253
     231
     207
     205
     209
     208
     195
     221
     217
     228
     197
     214
     186
     197
     201
     206
     198
     206
     198
     197
     190
     209
     189
     197
     209
     195
     185
     188
     179
     188
     186
     176
     180
     160
     176
     166
     184
     162
     190
     184
     176
     190
     187
     181
     199
     160
     161
     149
     149
     157
     164
     169
     167
     174
     151
     167
     156
     165
     154
     131
     153
     145
     162
     151
     147
     172
     154
     135
     167
     129
     157
     137
     169
     165
     147
     146
     133
     158
     127
     158
     150
     147
     139
     129
     125
     128
     145
     140
     148
     134
     137
     144
     130
     137
     151
     135
     139
     131
     147
     124
     148
     105
     133
     124
     120
     110
     126
     113
     133
     120
     126
     122
     116
     114
     115
     128
     125
     119
     100
     110
     125
     127
     119
     112
     116
     125
     108
     101
     113
     128
      98
      83
     117
     129
     109
     116
     101
     119
     105
     109
     109
     111
     104
     111
     113
     118
      95
     103
      97
      98
      92
      92
     113
     111
      82
      95
     101
      88
      98
      97
      91
     101
      98
      94
      97
      85
      97
     100
     107
      89
      88
      86
      96
      94
     101
      91
      92
     105
      75
      90
     108
     105
      88
      80
      98
      77
      92
     104
      86
      81
     102
      78
      93
      86
      97
      94
     101
      94
      83
      78
      85
      89
      90
      97
      98
      88
      78
      96
      86
      79
      89
      81
      75
      89
     104
      77
      85
      68
      80
      75
      78
      77
      77
      79
      76
      67
      84
      75
      83
     102
      78
      78
      66
      67
      77
      58
      76
      82
      93
      85
      67
      72
      68
      71
      63
      57
      64
      66
      70
      72
      77
      80
      79
      66
      83
      70
      59
      78
      52
      73
      66
      55
      55
      80
      72
      77
      63
      81
      70
      70
      72
      64
      69
      65
      60
      64
      77
      61
      67
      70
      49
      75
      58
      66
      57
      53
      59
      66
      61
      60
      54
      77
      59
      54
      59
      81
      72
      65
      66
      44
      73
      57
      66
      57
      54
      54
      62
      69
      49
      55
      71
      45
      76
      56
      64
      56
      65
      62
      47
      57
      53
      75
      57
      56
      60
      65
      55
      57
      48
      54
      59
      47
      65
      55
      67
      58
      69
      52
      57
      62
      61
      59
      61
      40
      65
      58
      67
      57
      64
      59
      67
      54
      52
      60
      54
      56
      56
      52
      52
      42
      70
      55
      66
      63
      69
      60
      46
      51
      67
      58
      50
      45
      57
      44
      51
      60
      60
      55
      46
      55
      39
      68
      43
      60
      60
      46
      50
      46
      55
      53
      66
      60
      49
      42
      60
      71
      61
      50
      48
      51
      64
      54
      57
      50
      46
      50
      56
      57
      42
      47
      52
      44
      54
      53
      47
      42
      50
      47
      47
      62
      56
      56
      53
      45
      54
      45
      53
      48
      51
      49
      45
      56
      58
      43
      53
      43
      51
      56
      53
      46
      49
      47
      61
      51
      53
      55
      39
      47
      49
      51
      46
      54
      41
      50
      49
      54
      41
      46
      46
      54
      66
      72
      51
      44
      50
      45
      32
      50
      42
      45
      38
      41
      46
      53
      42
      48
      47
      44
      49
      38
      36
      37
      65
      44
      42
      43
      42
      51
      50
      41
      56
      39
      40
      48
      51
      42
      48
      50
      47
      44
      44
      53
      39
      51
      50
      43
      40
      46
      40
      51
      48
      50
      39
      52
      55
      44
      41
      37
      45
      53
      50
      46
      38
      53
      31
      39
      47
      47
      45
      43
      28
      39
      43
      39
      55
      52
      45
      50
      46
      41
      41
      42
      34
      52
      45
      51
      45
      35
      52
      51
      46
      60
      41
      48
      38
      42
      50
      50
      41
      51
      50
      34
      47
      45
      50
      45
      57
      46
      51
      46
      35
      44
      39
      45
      60
      44
      41
      50
      42
      45
      51
      47
      44
      37
      39
      38
      45
      36
      47
      42
      35
      49
      22
      52
      48
      50
      41
      40
      49
      48
      37
      41
      33
      53
      52
      42
      46
      46
      52
      38
      57
      39
      37
      46
      44
      51
      52
      37
      33
      38
      37
      47
      36
      42
      35
      44
      43
      39
      39
      40
      42
      47
      42
      38
      63
      30
      42
      42
      54
      41
      40
      43
      33
      42
      49
      47
      40
      41
      36
      40
      35
      45
      51
      46
      38
      40
      39
      40
      41
      44
      51
      46
      44
      44
      51
      35
      51
      46
      41
      38
      38
      37
      51
      48
      30
      45
      43
      28
      49
      50
      54
      37
      57
      34
      40
      47
      53
      37
      44
      36
      39
      40
      46
      48
      36
      36
      37
      46
      27
      46
      48
      46
      45
      39
      39
      43
      53
      51
      41
      36
      44
      46
      42
      50
      51
      28
      45
      41
      43
      41
      37
      43
      57
      42
      52
      39
      41
      37
      39
      39
      39
      44
      46
      37
      38
      48
      60
      50
      40
      39
      39
      36
      52
      37
      51
      49
      33
      58
      51
      50
      40
      42
      38
      40
      48
      39
      38
      46
      58
      39
      43
      42
      42
      41
      56
      45
      35
      40
      48
      43
      39
      40
      35
      38
      45
      32
      45
      41
      47
      37
      39
      49
      38
      48
      46
      45
      45
      37
      49
      55
      33
      47
      37
      46
      42
      46
      43
      49
      55
      49
      44
      42
      39
      39
      44
      39
      39
      44
      46
      34
      52
      52
      37
      51
      35
      33
      37
      35
      49
      56
      45
      52
      42
      54
      46
      47
      39
      45
      28
      37
      36
      40
      48
      33
      35
      45
      39
      47
      49
      46
      41
      40
      40
      44
      40
      46
      50
      40
      41
      41
      50
      48
      42
      34
      38
      38
      43
      40
      46
      43
      45
      42
      43
      52
      36
      36
      36
      37
      45
      43
      45
      50
      41
      46
      37
      43
      43
      45
      47
      37
      39
      42
      43
      43
      47
      36
      51
      46
      41
      44
      33
      42
      32
      31
      45
      44
      45
      62
      34
      55
      45
      50
      47
      51
      46
      51
      42
      42
      53
      49
      63
      45
      48
      47
      35
      60
      52
      35
      43
      45
      44
      50
      51
      51
      41
      46
      42
      43
      45
      42
      39
      40
      41
      41
      45
      35
      45
      54
      48
      47
      37
      62
      46
      43
      42
      47
      33
      42
      54
      32
      34
      53
      41
      44
      37
      47
      48
      37
      44
      52
      31
      50
      44
      34
      40
      46
      52
      55
      36
      42
      38
      42
      49
      47
      46
      47
      48
      40
      36
      47
      41
      51
      50
      41
      37
      42
      36
      50
      54
      46
      38
      46
      50
      38
      44
      33
      35
      45
      44
      53
      49
      38
      40
      35
      39
      47
      36
      46
      49
      54
      64
      43
      40
      49
      41
      49
      42
      54
      45
      46
      45
      45
      46
      44
      49
      49
      53
      43
      36
      39
      64
      49
      35
      47
      41
      40
      35
      41
      41
      39
      45
      45
      40
      63
      45
      56
      36
      48
      34
      37
      34
      47
      48
      55
      53
      53
      41
      43
      36
      37
      43
      36
      48
      40
      45
      52
      40
      49
      33
      38
      37
      41
      46
      46
      51
      44
      55
      42
      53
      40
      44
      46
      37
      46
      38
      49
      43
      36
      38
      47
      39
      42
      46
      49
      39
      51
      30
      35
      37
      37
      38
      41
      51
      44
      36
      48
      30
      52
      33
      38
      49
      35
      39
      36
      39
      56
      45
      43
      46
      41
      46
      43
      34
      31
      40
      38
      33
      44
      48
      53
      43
      45
      57
      45
      48
      47
      52
      43
      40
      33
      30
      31
      40
      34
      40
      37
      53
      38
      48
      42
      45
      44
      35
      33
      37
      55
      46
      47
      36
      40
      48
      38
      51
      49
      45
      45
      40
      51
      47
      29
      42
      32
      53
      47
      38
      25
      65
      38
      46
      33
      58
      43
      34
      46
      53
      43
      37
      47
      48
      46
      41
      40
      34
      55
      39
      26
      43
      47
      45
      35
      38
      43
      50
      34
      31
      48
      40
      41
      35
      24
      53
      31
      46
      39
      47
      38
      44
      39
      33
      39
      40
      37
      29
      51
      39
      28
      51
      52
      35
      38
      28
      38
      51
      30
      59
      42
      36
      30
      56
      47
      50
      37
      42
      30
      38
      46
      43
      40
      50
      46
      36
      44
      38
      43
      41
      46
      42
      40
      48
      47
      47
      40
      41
      36
      42
      45
      31
      47
      31
      49
      36
      36
      40
      33
      45
      37
      26
      40
      40
      32
      42
      43
      45
      40
      46
      36
      48
      39
      29
      38
      48
      40
      41
      58
      46
      30
      41
      36
      46
      45
      33
      37
      35
      39
      44
      32
      52
      41
      51
      41
      45
      39
      51
      36
      40
      35
      45
      41
      30
      43
      32
      49
      34
      43
      28
      45
      43
      32
      31
      34
      30
      30
      33
      34
      32
      42
      45
      56
      41
      28
      41
      30
      48
      32
      41
      33
      45
      43
      36
      43
      48
      53
      43
      43
      42
      34
      37
      42
      47
      43
      48
      43
      38
      40
      33
      37
      36
      47
      37
      45
      43
      36
      38
      37
      40
      31
      42
      50
      37
      52
      42
      42
      53
      51
      29
      41
      49
      40
      45
      44
      40
      29
      36
      42
      38
      40
      47
      45
      45
      36
      53
      33
      50
      47
      37
      35
      45
      42
      46
      38
      38
      43
      38
      47
      29
      37
      42
      35
      51
      44
      33
      25
      33
      29
      33
      41
      36
      48
      40
      30
      30
      45
      35
      36
      39
      41
      54
      32
      39
      39
      44
      26
      37
      39
      45
      34
      36
      37
      25
      47
      43
      40
      32
      34
      41
      48
      30
      41
      26
      40
      38
      43
      42
      27
      32
      42
      53
      44
      51
      39
      38
      48
      33
      46
      40
      45
      40
      38
      47
      46
      43
      42
      45
      37
      55
      37
      37
      35
      33
      43
      43
      41
      42
      33
      34
      38
      43
      48
      39
      40
      48
      48
      47
      29
      44
      33
      35
      47
      36
      40
      37
      47
      39
      29
      35
      50
      34
      29
      33
      41
      39
      33
      24
      37
      38
      34
      41
      27
      38
      51
      43
      40
      43
      48
      38
      51
      34
      47
      40
      35
      36
      37
      39
      37
      35
      60
      42
      46
      33
      51
      38
      35
      41
      37
      45
      32
      39
      48
      42
      25
      43
      52
      40
      51
      41
      38
      48
      33
      48
      38
      44
      43
      41
      41
      44
      35
      38
      36
      39
      48
      49
      32
      43
      38
      42
      39
      40
      29
      38
      36
      30
      34
      34
      48
      40
      38
      43
      35
      45
      40
      46
      38
      37
      31
      27
      39
      28
      33
      38
      33
      38
      45
      43
      36
      51
      46
      34
      42
      26
      30
      40
      52
      41
      33
      47
      37
      33
      35
      36
      48
      38
      43
      33
      36
      35
      45
      41
      39
      44
      36
      42
      33
      38
      36
      32
      40
      33
      50
      36
      47
      35
      41
      46
      34
      32
      42
      37
      39
      36
      35
      32
      44
      46
      27
      49
      35
      34
      31
      41
      40
      35
      42
      41
      39
      37
      38
      42
      35
      42
      41
      43
      35
      39
      35
      41
      44
      54
      36
      30
      35
      38
      26
      37
      45
      37
      35
      32
      32
      31
      37
      34
      42
      40
      29
      44
      34
      34
      31
      46
      43
      38
      40
      39
      45
      40
      38
      35
      33
      28
      36
      29
      41
      34
      33
      42
      45
      41
      39
      37
      36
      29
      54
      36
      41
      38
      22
      37
      52
      53
      33
      53
      38
      29
      36
      39
      26
      43
      31
      37
      35
      39
      41
      36
      48
      40
      30
      28
      38
      40
      36
      41
      25
      39
      44
      41
      44
      46
      31
      38
      41
      46
      38
      32
      45
      33
      35
      30
      50
      35
      42
      43
      45
      36
      36
      37
      32
      36
      36
      33
      50
      34
      43
      36
      52
      41
      48
      31
      48
      38
      35
      38
      38
      39
      42
      36
      44
      45
      43
      24
      52
      39
      31
      39
      37
      37
      46
      30
      41
      38
      33
      34
      33
      36
      35
      32
      38
      34
      30
      46
      41
      39
      45
      33
      37
      38
      43
      27
      47
      37
      40
      38
      38
      32
      38
      37
      39
      45
      48
      37
      32
      39
      38
      47
      41
      32
      51
      55
      37
      35
      46
      34
      38
      39
      35
      38
      41
      31
      35
      43
      27
      40
      48
      38
      46
      30
      45
      43
      49
      37
      44
      37
      42
      34
      36
      37
      41
      52
      31
      36
      33
      31
      32
      38
      30
      28
      35
      39
      46
      39
      41
      23
      37
      43
      42
      31
      31
      43
      42
      49
      43
      38
      34
      43
      25
      43
      37
      53
      36
      44
      40
      37
      36
      40
      44
      35
      41
      35
      41
      32
      47
      30
      47
      37
      36
      31
      42
      27
      36
      42
      32
      50
      28
      29
      31
      31
      41
      45
      39
      39
      36
      40
      42
      28
      46
      33
      42
      49
      38
      48
      37
      32
      44
      36
      31
      49
      38
      40
      46
      34
      40
      40
      33
      42
      28
      39
      33
      25
      32
      38
      37
      35
      37
      56
      53
      39
      33
      45
      41
      39
      45
      38
      39
      40
      42
      45
      40
      43
      39
      36
      35
      45
      44
      34
      33
      38
      35
      31
      41
      40
      46
      32
      24
      38
      35
      53
      35
      41
      44
      34
      49
      34
      43
      34
      38
      35
      37
      39
      30
      42
      32
      29
      38
      31
      40
      50
      45
      41
      49
      44
      37
      28
      48
      46
      40
      44
      44
      34
      37
      43
      40
      34
      40
      33
      35
      32
      44
      43
      40
      43
      38
      37
      32
      51
      47
      37
      36
      41
      48
      41
      38
      42
      36
      32
      37
      39
      39
      42
      39
      39
      45
      31
      44
      34
      44
      62
      36
      44
      32
      33
      44
      41
      47
      27
      40
      24
      25
      38
      45
      38
      36
      28
      30
      39
      44
      36
      37
      39
      50
      35
      46
      46
      43
      48
      50
      42
      48
      40
      52
      40
      40
      29
      53
      34
      36
      40
      48
      52
      40
      47
      35
      50
      29
      48
      35
      27
      35
      40
      43
      38
      54
      42
      47
      36
      45
      57
      37
      49
      50
      31
      28
      40
      55
      45
      34
      38
      39
      38
      30
      49
      42
      42
      49
      35
      42
      52
      43
      45
      31
      47
      35
      34
      38
      46
      37
      44
      32
      31
      40
      41
      41
      35
      34
      54
      41
      44
      38
      43
      47
      49
      33
      42
      39
      43
      32
      36
      43
      47
      51
      46
      38
      54
      38
      46
      39
      42
      29
      38
      44
      40
      38
      45
      52
      39
      36
      59
      33
      46
      45
      39
      35
      41
      35
      36
      33
      46
      28
      43
      33
      47
      43
      38
      37
      41
      34
      48
      40
      39
      39
      42
      41
      35
      43
      44
      41
      43
      44
      41
      32
      32
      48
      41
      55
      52
      35
      44
      52
      36
      47
      42
      53
      50
      34
      33
      47
      34
      42
      35
      43
      39
      37
      61
      48
      48
      59
      40
      38
      49
      63
      36
      42
      34
      42
      37
      44
      41
      40
      48
      58
      48
      35
      47
      46
      45
      42
      41
      33
      41
      46
      44
      44
      39
      58
      42
      47
      50
      50
      48
      37
      37
      47
      34
      43
      43
      51
      36
      53
      40
      41
      42
      43
      58
      50
      38
      38
      30
      49
      32
      41
      47
      43
      45
      47
      32
      39
      45
      48
      33
      54
      38
      51
      51
      46
      27
      58
      42
      43
      48
      61
      53
      41
      42
      49
      59
      53
      54
      33
      47
      49
      56
      42
      48
      42
      42
      45
      30
      45
      50
      41
      46
      40
      28
      45
      47
      45
      34
      40
      35
      38
      45
      66
      45
      38
      37
      31
      42
      31
      42
      44
      46
      48
      45
      49
      40
      41
      50
      45
      33
      51
      39
      38
      47
      45
      28
      56
      44
      47
      51
      35
      37
      53
      44
      43
      54
      37
      55
      50
      52
      44
      52
      51
      46
      46
      48
      37
      49
      50
      46
      45
      60
      38
      55
      42
      53
      28
      43
      44
      49
      49
      40
      46
      39
      48
      64
      42
      44
      45
      47
      47
      44
      46
      46
      43
      37
      50
      37
      37
      35
      52
      48
      55
      39
      42
      37
      53
      37
      45
      45
      52
      48
      57
      54
      48
      48
      38
      49
      44
      51
      49
      46
      37
      39
      47
      46
      38
      40
      50
      49
      47
      42
      47
      39
      47
      45
      39
      60
      49
      51
      43
      40
      50
      47
      49
      57
      50
      43
      54
      52
      47
      57
      44
      45
      63
      44
      49
      43
      37
      40
      40
      50
      59
      45
      41
      48
      49
      63
      32
      38
      38
      47
      54
      49
      41
      41
      47
      33
      35
      37
      43
      59
      41
      40
      52
      50
      51
      51
      37
      38
      42
      43
      49
      47
      40
      35
      44
      41
      44
      43
      51
      44
      48
      42
      46
      50
      44
      46
      56
      52
      49
      45
      55
      50
      45
      51
      57
      47
      46
      43
      44
      51
      50
      57
      51
      61
      51
      40
      46
      39
      36
      39
      57
      34
      45
      54
      47
      67
      33
      42
      40
      47
      38
      43
      57
      53
      54
      48
      58
      31
      51
      49
      44
      52
      46
      52
      55
      53
      41
      48
      46
      47
      45
      38
      45
      35
      38
      55
      53
      56
      54
      47
      45
      41
      46
      49
      52
      55
      42
      47
      52
      53
      42
      46
      43
      44
      51
      43
      47
      50
      55
      48
      39
      44
      45
      46
      44
      45
      43
      42
      37
      48
      46
      38
      42
      38
      58
      46
      43
      35
      48
      31
      39
      35
      50
      52
      43
      47
      49
      50
      51
      40
      45
      37
      49
      44
      42
      48
      49
      47
      38
      48
      40
      45
      66
      44
      50
      40
      47
      38
      38
      35
      44
      49
      41
      40
      45
      50
      44
      58
      41
      57
      53
      38
      31
      34
      41
      46
      51
      44
      38
      45
      32
      45
      44
      35
      50
      50
      47
      42
      36
      37
      27
      39
      44
      36
      38
      43
      41
      45
      39
      32
      33
      49
      34
      43
      45
      55
      49
      30
      37
      53
      32
      38
      27
      44
      53
      36
      29
      43
      35
      35
      26
      36
      39
      43
      35
      30
      32
      28
      27
      38
      44
      40
      32
      36
      35
      45
      36
      36
      54
      33
      43
      36
      39
      32
      32
      48
      33
      38
      28
      45
      44
      41
      42
      27
      27
      43
      37
      37
      31
      29
      33
      34
      30
      47
      30
      26
      35
      36
      34
      37
      44
      49
      47
      21
      27
      39
      39
      37
      43
      41
      33
      34
      32
      37
      40
      40
      41
      42
      24
      25
      44
      31
      37
      38
      26
      40
      28
      41
      25
      27
      28
      34
      35
      24
      43
      39
      37
      28
      32
      39
      30
      34
      38
      38
      31
      41
      36
      43
      36
      26
      41
      40
      36
      34
      22
      35
      25
      27
      36
      23
      26
      22
      33
      30
      37
      27
      26
      43
      38
      29
      27
      38
      36
      24
      22
      42
      48
      29
      42
      41
      29
      30
      37
      38
      35
      31
      29
      32
      46
      42
      39
      39
      43
      40
      41
      40
      40
      36
      38
      42
      20
      44
      33
      49
      32
      45
      39
      48
      41
      40
      48
      39
      38
      44
      36
      41
      39
      41
      36
      34
      42
      50
      37
      33
      45
      43
      44
      51
      34
      46
      41
      41
      52
      47
      51
      54
      39
      33
      58
      44
      51
      48
      56
      38
      44
      50
      45
      57
      65
      45
      65
      56
      48
      51
      42
      59
      48
      65
      47
      39
      61
      61
      52
      52
      52
      64
      64
      49
      53
      70
      46
      67
      54
      56
      50
      58
      53
      52
      52
      54
      64
      58
      62
      53
      59
      59
      57
      61
      54
      54
      70
      63
      58
      59
      77
      64
      56
      60
      73
      64
      70
      80
      72
      63
      58
      58
      61
      82
      71
      71
      65
      68
      76
      80
      62
      51
      65
      70
      67
      71
      61
      67
      60
      94
      71
      87
      89
      85
      58
      70
      80
      83
      80
      58
      84
      72
      65
      65
      70
      63
      79
      67
      74
      63
      69
      74
      76
      68
      77
      75
      65
      71
      77
      62
      78
      79
      68
      69
      71
      55
      64
      72
      72
      78
      63
      71
      80
      75
      71
      71
      63
      77
      63
      70
      72
      80
      66
      78
      74
      66
      62
      76
      73
      88
      61
      67
      72
      66
      68
      63
      78
      62
      84
      66
      70
      61
      59
      61
      64
      63
      82
      68
      77
      91
      59
      51
      59
      66
      68
      71
      75
      72
      54
      75
      58
      76
      59
      75
      62
      69
      56
      67
      56
      41
      52
      66
      59
      79
      54
      66
      56
      63
      47
      60
      62
      53
      57
      54
      46
      54
      54
      44
      34
      36
      51
      32
      20
      22
      23
      26
      25
      15
      14
       9
       4
      20
      10
      10
      10
       8
      11
       6
      11
       3
       5
       5
       3
       7
       2
       4
       2
       2
       1
       0
       2
       1
       1
       3
       1
       1
       2
       4
       1
       3
       3
       1
       3
       5
       2
       1
       0
       2
       3
       1
       0
       3
       1
       1
       2
       0
       3
       1
       2
       1
       3
       3
       2
       0
       1
       1
       2
       1
       0
       2
       0
       1
       2
       0
       3
       1
       1
       2
       0
       0
       1
       1
       1
       1
       0
       2
       1
       1
       1
       0
       0
       3
       1
       1
       0
       1
       0
       0
       1
       2
       0
       2
       1
       1
       3
       1
       0
       0
       1
       1
       0
       2
       0
       0
       2
       2
       1
       0
       0
       0
       1
       1
       0
       1
       1
       0
       1
       1
       0
       1
       1
       1
       1
       0
       3
       2
       0
       1
       0
       2
       2
       2
       0
       0
       1
       1
       0
       0
       0
       1
       0
       1
       0
       2
       1
       2
       3
       0
       1
       0
       0
       0
       0
       0
       0
       0
       0
       2
       3
       1
       0
       0
       0
       0
       0
       2
       0
       1
       0
       1
       0
       1
       0
       0
       2
       0
       3
       0
       1
       1
       1
       0
       0
       0
       0
       0
       0
       0
       0
       1
       0
       0
       0
       1
       0
       0
       1
       0
       0
       1
       0
       0
       0
       0
       0
       2
       1
       2
       0
       1
       1
       3
       0
       1
       0
       1
       0
       0
       1
       0
       1
       2
       1
       0
       0
       0
       1
       1
       2
       0
       0
       1
       2
       1
       0
       0
       0
       2
       2
       2
       0
       0
       1
       0
       1
       0
       1
       0
       0
       0
       0
       0
       0
       2
       0
       0
       0
       0
       1
       1
       0
       0
       1
       0
       0
       1
       1
       0
       0
       4
       1
       1
       1
       0
       0
       1
       0
       1
       0
       0
       0
       0
       0
       0
       0
       1
       1
       0
       1
       1
       0
       0
       0
       1
       1
       0
       0
       0
       0
       1
       1
       1
       0
       0
       0
       0
       0
       0
       1
       3
       1
       0
       0
       0
       0
       1
       1
       0
       1
       1
       0
       0
       0
       0
       1
       0
       0
       0
       0
       0
       0
       0
       0
       0
       1
       0
       1
       0
       0
       0
       0
       0
       0
       0
       0
       0
       1
       1
       0
       0
       0
       0
       0
       0
       0
       0
       1
       0
       0
       0
       1
       0
       1
       0
       1
       0
       1
       0
       0
       0
       0
       0
       0
       0
       0
       1
       0
       0
       0
       0
       0
       0
       0
       0
       0
       0
       0
       0
       0
       0
       0
       0
       0
       0
       0
       0
       1
       0
       0
       1
       0
       0
       0
       1
       0
       0
       0
       0
       0
       0
       0
       1
       0
       0
       1
       0
       0
       0
       0
       0
       1
       0
       0
       0
       0
       2
       0
       0
       0
       0
       0
       0
       1
       1
       0
       0
       0
       0
       0
       0
       0
       0
       0
       0
       0
       0
       0
       0
       0
       3
       0
       0
       1
       0
       0
       0
       0
       0
       0
       0
       0
       0
       0
       0
       0
       0
       0
       0
       1
       0
       0
       0
       0
       0
       0
       0
       0
       1
       0
       0
       0
       0
       0
       0
       0
       0
       0
       0
       0
       0
       1
       0
       0
       0
       0
       0
       0
       0
       0
       0
       0
       0
       0
       0
       0
       0
       0
       0
       0
       0
       0
       0
       0
       0
       1
       0
       0
       0
       0
       0
       1
       1
       0
       0
       0
       1
       0
       0
       0
       0
       0
       0
       0
       0
       0
       0
       0
       0
       1
       0
       0
       0
       1
       0
       0
       0
       0
       0
       0
       1
       0
       0
       0
       0
       0
       0
       0
       0
       0
       0
       0
       0
       0
       0
       0
       0
       0
       0
       0
       0
       0
       0
       0
       0
       0
       0
       0
       0
       0
       0
       0
       0
       0
       0
       0
       0
       0
       0
       0
       0
       0
       0
       0
       0
       0
       0
       0
       0
       0
       0
       0
       0
       0
       0
       0
       0
       0
       0
       0
       0
       0
       0
       0
       0
       0
       0
       0
       0
       0
       0
       0
       0
       0
       0
       0
       0
       0
       0
       0
       0
       0
       0
       0
       0
       0
       0
       0
       0
       0
       0
       1
       0
       0
       0
       0
       0
       0
       0
       0
       0
       0
       0
       0
       0
       0
       0
       0
       0
       0
       0
       0
       0
       0
       0
       0
       1
       0
       0
       0
       0
       0
       0
       0
       0
       0
       0
       0
       0
       0
       0
       0
       0
       0
       0
       0
       0
       0
       0
       0
       0
       0
       0
       1
       0
       0
       0
       0
       0
       0
       0
       0
       0
       0
       0
       1
       0
       0
       0
       0
       0
       0
       0
       0
       0
       0
       0
       0
       0
       0
       0
       0
       0
       0
       0
       0
       0
       0
       0
       0
       0
       0
       0
       0
       0
       0
       0
       0
       0
       0
       0
       0
       0
       0
       0
       0
       0
       0
       0
       0
       0
       0
       0
       0
       0
       0
       0
       0
       0
       0
       0
       0
       0
       0
       0
       0
       0
       0
       0
       0
       0
       0
       0
       0
       0
       0
       0
       0
       0
       0
       0
       0
       0
       0
       0
       0
       0
       0
       0
       0
       0
       0
       0
       0
       0
       0
       0
       0
       0
       0
       0
       0
       0
       0
       0
       0
       0
       0
       0
       0
       0
       0
       0
       0
       0
       0
       0
       0
       0
       0
       0
       0
       0
       0
       0
       0
       0
       0
       0
       0
       0
       0
       0
       0
       0
       0
       0
       0
       0
       0
       0
       0
       0
       0
       0
       0
       0
       0
       0
       0
       0
       0
       0
       0
       0
       0
       0
       0
       0
       0
       0
       0
       0
       0
       0
       0
       0
       0
       0
       0
       0
       0
       0
       0
       0
       0
       0
       0
       0
       0
       0
       0
       0
       0
       0
       0
       0
       0
       0
       0
       0
       0
       0
       0
       0
       0
       0
       0
       0
       0
       0
       0
       0
       0
       0
       0
       0
       0
       0
       0
       0
       0
       0
       0
       0
       0
       0
       0
       0
       0
       0
       0
       0
       0
       0
       0
       0
       0
       0
       0
       0
       0
       0
       0
       0
       0
       0
       0
       0
       0
       0
       0
       0
       0
       0
       0
       0
       0
       0
       0
       0
       0
       0
       0
       0
       0
       0
       0
       0
       0
       0
       0
       0
       0
       0
       0
       0
       0
       0
       0
       0
       0
       0
       0
       0
       0
       0
       0
       0
       0
       0
       0
       0
       0
       0
       0
       0
       0
       0
       0
       0
       0
       0
       0
       0
       0
       0
       0
       0
       0
       0
       0
       0
       0
       0
       0
       0
       0
       0
       0
       0
       0
       0
       0
       0
       0
       0
       0
       0
       0
       0
       0
       0
       0
       0
       0
       0
       0
       0
       0
       0
       0
       0
       0
       0
       0
       0
       0
       0
       0
       0
       0
       0
       0
       0
       0
       0
       0
       0
       0
       0
       0
       0
       0
       0
       0
       0
       0
       0
       0
       0
       0
       0
       0
       0
       0
       0
       0
       0
       0
       0
       0
       0
       0
       0
       0
       0
       0
       0
       0
       0
       0
       0
       0
       0
       0
       0
       0
       0
       0
       0
       0
       0
       0
       0
       0
       0
       0
       0
       0
       0
       0
       0
       0
       0
       0
       0
       0
       0
       0
       0
       0
       0
       0
       0
       0
       0
       0
       0
       0
       0
       0
       0
       0
       0
       0
       0
       0
       0
       0
       0
       0
       0
       0
       0
       0
       0
       0
       0
       0
       0
       0
       0
       0
       0
       0
       0
       0
       0
       0
       0
       0
       0
       0
       0
       0
       0
       0
       0
       0
       0
       0
       0
       0
       0
       0
       0
       0
       0
       0
       0
       0
       0
       0
       0
       0
       0
       0
       0
       0
       0
       0
       0
       0
       0
       0
       0
       0
       0
       0
       0
       0
       0
       0
       0
       0
       0
       0
       0
       0
       0
       0
       0
       0
       0
       0
       0
       0
       1
       0
       0
       0
       0
       0
       0
       0
       0
       0
       0
       0
       0
       0
       0
       0
       0
       0
       0
       0
       0
       0
       0
       0
       0
       0
       0
       0
       0
       0
       0
       0
       0
       0
       0
       0
       0
       0
       0
       0
       0
       0
       0
       0
       0
       0
       0
       0
       0
       0
       0
       0
       0
       0
       0
       0
       0
       0
       0
       0
       0
       0
       0
       0
       0
       0
       0
       0
       0
       0
       0
       0
       0
       0
       0
       0
       0
       0
       0
       0
       0
       0
       0
       0
       0
       0
       0
       0
       0
       0
       0
       0
       0
       0
       0
       0
       0
       0
       0
       0
       0
       0
       0
       0
       0
       0
       0
       0
       0
       0
       0
       0
       0
       0
       0
       0
       0
       0
       0
       0
       0
       0
       0
       0
       0
       0
       0
       0
       0
       0
       0
       0
       0
       0
       0
       0
       0
       0
       0
       0
       0
       0
       0
       0
       0
       0
       0
       0
       0
       0
       0
       0
       0
       0
       0
       0
       0
       0
       0
       0
       0
       0
       0
       0
       0
       0
       0
       0
       0
       0
       0
       0
       0
       0
       0
       0
       0
       0
       0
       0
       0
       0
       0
       0
       0
       0
       0
       0
       0
       0
       0
       0
       0
       0
       0
       0
       0
       0
       0
       0
       0
       0
       0
       0
       0
       0
       0
       0
       0
       0
       0
       0
       0
       0
       0
       0
       0
       0
       0
       0
       0
       0
       0
       0
       0
       0
       0
       0
       0
       0
       0
       0
       0
       0
       0
       0
       0
       0
       0
       0
       0
       0
       0
       0
       0
       0
       0
       0
       0
       0
       0
       0
       0
       0
       0
       0
       0
       0
       0
       0
       0
       0
       0
       0
       0
       0
       0
       0
       0
       0
       0
       0
       0
       0
       0
       0
       0
       0
       0
       0
       0
       0
       0
       0
       0
       0
       0
       0
       0
       0
       0
       0
       0
       0
       0
       0
       0
       0
       0
       0
       0
       0
       0
       0
       0
       0
       0
       0
       0
       0
       0
       0
       0
       0
       0
       0
       0
       0
       0
       0
       0
       0
       0
       0
       0
       0
       0
       0
$ROI:
1
11169 11177
$PRESETS:
Live Time
1800
0
$ENER_FIT:
3.253255 0.105896
$MCA_CAL:
3
3.253255E+000 1.058962E-001 1.354739E-006 keV
$SHAPE_CAL:
3
0.000000E+000 0.000000E+000 0.000000E+000
