Model,MDO3014
Firmware Version,1.30

Waveform Type,ANALOG,,,,,Waveform Type,DIGITAL
Point Format,Y,,,,,Point Format,Y
Horizontal Units,s,,,,,Horizontal Units,s
Horizontal Scale,4e-07,,,,,Horizontal Scale,4e-07
Horizontal Delay,4.28e-07,,,,,,
Sample Interval,4e-10,,,,,Sample Interval,2e-09
Record Length,10000,,,,,Record Length,2000
Gating,0.0% to 100.0%,,,,,Gating,0.1% to 100.0%
Probe Attenuation,10,10,1000,1,,,
Vertical Units,V,V,V,V,,Vertical Units,V
Vertical Offset,0,0,0,0,,Threshold Used,3.04
Vertical Scale,100,2,2000,1,,,
Vertical Position,-0.06,-3.32,-2.38,-4.08,,,
,,,,,,,
,,,,,,,
,,,,,,,
Label,di/dt,Current,MCP,Trigger,,Label,
TIME,CH1,CH2,CH3,CH4,,TIME,D0
-1.5720e-06,2,-0.08,40,-0.04,,-1.572e-06,0
-1.5716e-06,-2,8.88178e-16,-40,-0.04,,-1.570e-06,0
-1.5712e-06,2,8.88178e-16,40,0,,-1.568e-06,0
-1.5708e-06,2,8.88178e-16,40,0.04,,-1.566e-06,0
-1.5704e-06,2,8.88178e-16,40,0,,-1.564e-06,0
-1.5700e-06,2,8.88178e-16,-40,0,,-1.562e-06,0
-1.5696e-06,-2,8.88178e-16,-40,0,,-1.560e-06,0
-1.5692e-06,2,-0.08,40,-0.04,,-1.558e-06,0
-1.5688e-06,2,-0.08,40,0,,-1.556e-06,0
-1.5684e-06,2,-0.08,-40,-0.04,,-1.554e-06,0
-1.5680e-06,-2,8.88178e-16,40,-0.08,,-1.552e-06,0
-1.5676e-06,2,8.88178e-16,40,-0.04,,-1.550e-06,0
-1.5672e-06,2,8.88178e-16,-40,-0.04,,-1.548e-06,0
-1.5668e-06,-2,-0.08,-40,0,,-1.546e-06,0
-1.5664e-06,2,8.88178e-16,-40,0,,-1.544e-06,0
-1.5660e-06,2,8.88178e-16,40,0,,-1.542e-06,0
-1.5656e-06,-2,8.88178e-16,40,0,,-1.540e-06,0
-1.5652e-06,2,-0.08,40,-0.04,,-1.538e-06,0
-1.5648e-06,-2,8.88178e-16,-40,-0.08,,-1.536e-06,0
-1.5644e-06,-2,8.88178e-16,-40,0,,-1.534e-06,0
-1.5640e-06,-2,8.88178e-16,40,0,,-1.532e-06,0
-1.5636e-06,-2,8.88178e-16,-120,-0.08,,-1.530e-06,0
-1.5632e-06,2,8.88178e-16,40,0.04,,-1.528e-06,0
-1.5628e-06,2,8.88178e-16,40,0,,-1.526e-06,0
-1.5624e-06,2,8.88178e-16,-40,0,,-1.524e-06,0
-1.5620e-06,-2,8.88178e-16,120,-0.04,,-1.522e-06,0
-1.5616e-06,-2,0.08,40,0,,-1.520e-06,0
-1.5612e-06,-2,-0.08,40,0,,-1.518e-06,0
-1.5608e-06,-2,8.88178e-16,40,0,,-1.516e-06,0
-1.5604e-06,-6,8.88178e-16,-40,-0.04,,-1.514e-06,0
-1.5600e-06,2,8.88178e-16,-40,0,,-1.512e-06,0
-1.5596e-06,2,-0.08,40,-0.08,,-1.510e-06,0
-1.5592e-06,2,8.88178e-16,40,0,,-1.508e-06,0
-1.5588e-06,-2,8.88178e-16,-40,0,,-1.506e-06,0
-1.5584e-06,-2,8.88178e-16,40,0,,-1.504e-06,0
-1.5580e-06,-2,8.88178e-16,120,-0.04,,-1.502e-06,0
-1.5576e-06,2,0.08,120,0,,-1.500e-06,0
-1.5572e-06,2,0.08,40,0,,-1.498e-06,0
-1.5568e-06,2,8.88178e-16,40,0,,-1.496e-06,0
-1.5564e-06,2,8.88178e-16,-40,0,,-1.494e-06,0
-1.5560e-06,-2,8.88178e-16,120,0.04,,-1.492e-06,0
-1.5556e-06,2,8.88178e-16,40,0.04,,-1.490e-06,0
-1.5552e-06,2,-0.08,40,0,,-1.488e-06,0
-1.5548e-06,2,-0.08,40,0,,-1.486e-06,0
-1.5544e-06,2,8.88178e-16,40,0,,-1.484e-06,0
-1.5540e-06,2,8.88178e-16,40,-0.04,,-1.482e-06,0
-1.5536e-06,-2,8.88178e-16,-40,0,,-1.480e-06,0
-1.5532e-06,-2,0.08,40,0,,-1.478e-06,0
-1.5528e-06,2,0.08,40,0,,-1.476e-06,0
-1.5524e-06,-2,0.08,40,0,,-1.474e-06,0
-1.5520e-06,-2,8.88178e-16,120,-0.04,,-1.472e-06,0
-1.5516e-06,-2,8.88178e-16,-40,0,,-1.470e-06,0
-1.5512e-06,2,8.88178e-16,-40,-0.04,,-1.468e-06,0
-1.5508e-06,2,8.88178e-16,40,0,,-1.466e-06,0
-1.5504e-06,2,8.88178e-16,120,0,,-1.464e-06,0
-1.5500e-06,-2,8.88178e-16,40,0.04,,-1.462e-06,0
-1.5496e-06,-2,8.88178e-16,-40,0,,-1.460e-06,0
-1.5492e-06,2,8.88178e-16,-40,-0.04,,-1.458e-06,0
-1.5488e-06,-2,8.88178e-16,40,0,,-1.456e-06,0
-1.5484e-06,2,0.08,-40,0,,-1.454e-06,0
-1.5480e-06,2,8.88178e-16,120,-0.04,,-1.452e-06,0
-1.5476e-06,-2,-0.08,-40,-0.04,,-1.450e-06,0
-1.5472e-06,2,8.88178e-16,-40,-0.04,,-1.448e-06,0
-1.5468e-06,-2,8.88178e-16,120,0,,-1.446e-06,0
-1.5464e-06,-2,0.08,40,-0.08,,-1.444e-06,0
-1.5460e-06,2,8.88178e-16,40,-0.04,,-1.442e-06,0
-1.5456e-06,2,8.88178e-16,40,-0.04,,-1.440e-06,0
-1.5452e-06,2,8.88178e-16,-40,0,,-1.438e-06,0
-1.5448e-06,2,8.88178e-16,-40,0.04,,-1.436e-06,0
-1.5444e-06,2,8.88178e-16,40,0,,-1.434e-06,0
-1.5440e-06,-2,-0.08,120,-0.04,,-1.432e-06,0
-1.5436e-06,-2,8.88178e-16,40,-0.04,,-1.430e-06,0
-1.5432e-06,2,8.88178e-16,40,0,,-1.428e-06,0
-1.5428e-06,-2,8.88178e-16,40,0,,-1.426e-06,0
-1.5424e-06,2,-0.08,40,-0.04,,-1.424e-06,0
-1.5420e-06,2,8.88178e-16,-40,0,,-1.422e-06,0
-1.5416e-06,2,-0.08,40,0,,-1.420e-06,0
-1.5412e-06,2,8.88178e-16,120,-0.04,,-1.418e-06,0
-1.5408e-06,2,0.08,40,0,,-1.416e-06,0
-1.5404e-06,2,0.08,40,-0.04,,-1.414e-06,0
-1.5400e-06,2,-0.08,40,-0.04,,-1.412e-06,0
-1.5396e-06,-2,8.88178e-16,40,-0.08,,-1.410e-06,0
-1.5392e-06,2,0.08,40,0,,-1.408e-06,0
-1.5388e-06,2,8.88178e-16,-120,-0.04,,-1.406e-06,0
-1.5384e-06,2,8.88178e-16,-40,0,,-1.404e-06,0
-1.5380e-06,2,8.88178e-16,40,0,,-1.402e-06,0
-1.5376e-06,2,8.88178e-16,120,0,,-1.400e-06,0
-1.5372e-06,2,0.08,40,-0.04,,-1.398e-06,0
-1.5368e-06,-2,8.88178e-16,-40,-0.04,,-1.396e-06,0
-1.5364e-06,2,8.88178e-16,-40,0,,-1.394e-06,0
-1.5360e-06,-2,8.88178e-16,40,0,,-1.392e-06,0
-1.5356e-06,2,8.88178e-16,40,-0.04,,-1.390e-06,0
-1.5352e-06,2,0.08,40,0,,-1.388e-06,0
-1.5348e-06,2,-0.08,-40,0,,-1.386e-06,0
-1.5344e-06,2,0.08,40,0,,-1.384e-06,0
-1.5340e-06,2,8.88178e-16,-40,0,,-1.382e-06,0
-1.5336e-06,-2,0.08,40,0,,-1.380e-06,0
-1.5332e-06,-2,8.88178e-16,-40,-0.04,,-1.378e-06,0
-1.5328e-06,2,0.08,40,-0.04,,-1.376e-06,0
-1.5324e-06,2,8.88178e-16,-40,0.04,,-1.374e-06,0
-1.5320e-06,-6,8.88178e-16,-40,0,,-1.372e-06,0
-1.5316e-06,-2,-0.08,-40,0,,-1.370e-06,0
-1.5312e-06,2,8.88178e-16,40,-0.04,,-1.368e-06,0
-1.5308e-06,2,0.08,200,0,,-1.366e-06,0
-1.5304e-06,2,8.88178e-16,40,-0.04,,-1.364e-06,0
-1.5300e-06,-2,8.88178e-16,40,-0.08,,-1.362e-06,0
-1.5296e-06,2,0.08,40,-0.04,,-1.360e-06,0
-1.5292e-06,2,8.88178e-16,120,0,,-1.358e-06,0
-1.5288e-06,2,8.88178e-16,40,0,,-1.356e-06,0
-1.5284e-06,2,8.88178e-16,40,0,,-1.354e-06,0
-1.5280e-06,-6,8.88178e-16,-40,-0.04,,-1.352e-06,0
-1.5276e-06,-2,8.88178e-16,40,-0.04,,-1.350e-06,0
-1.5272e-06,-2,8.88178e-16,40,-0.04,,-1.348e-06,0
-1.5268e-06,-2,8.88178e-16,40,-0.04,,-1.346e-06,0
-1.5264e-06,-2,8.88178e-16,40,0.04,,-1.344e-06,0
-1.5260e-06,-2,8.88178e-16,40,0,,-1.342e-06,0
-1.5256e-06,-2,8.88178e-16,40,-0.04,,-1.340e-06,0
-1.5252e-06,-2,8.88178e-16,-40,0,,-1.338e-06,0
-1.5248e-06,2,0.08,40,0,,-1.336e-06,0
-1.5244e-06,2,0.08,40,0,,-1.334e-06,0
-1.5240e-06,2,8.88178e-16,-40,-0.04,,-1.332e-06,0
-1.5236e-06,-2,-0.08,40,-0.04,,-1.330e-06,0
-1.5232e-06,-2,0.08,40,0,,-1.328e-06,0
-1.5228e-06,2,-0.08,40,0,,-1.326e-06,0
-1.5224e-06,2,8.88178e-16,40,-0.04,,-1.324e-06,0
-1.5220e-06,2,8.88178e-16,40,-0.04,,-1.322e-06,0
-1.5216e-06,-2,-0.08,-40,-0.04,,-1.320e-06,0
-1.5212e-06,-2,-0.16,120,-0.04,,-1.318e-06,0
-1.5208e-06,-2,8.88178e-16,40,-0.04,,-1.316e-06,0
-1.5204e-06,-2,8.88178e-16,-40,0,,-1.314e-06,0
-1.5200e-06,2,8.88178e-16,40,0.04,,-1.312e-06,0
-1.5196e-06,2,8.88178e-16,40,-0.04,,-1.310e-06,0
-1.5192e-06,2,0.08,120,0,,-1.308e-06,0
-1.5188e-06,2,0.08,-40,0,,-1.306e-06,0
-1.5184e-06,2,0.08,-40,0,,-1.304e-06,0
-1.5180e-06,-2,8.88178e-16,40,0,,-1.302e-06,0
-1.5176e-06,-2,-0.08,40,-0.04,,-1.300e-06,0
-1.5172e-06,-2,8.88178e-16,40,-0.04,,-1.298e-06,0
-1.5168e-06,2,8.88178e-16,-40,-0.04,,-1.296e-06,0
-1.5164e-06,-2,8.88178e-16,40,-0.04,,-1.294e-06,0
-1.5160e-06,2,0.08,40,-0.04,,-1.292e-06,0
-1.5156e-06,2,0.08,120,-0.04,,-1.290e-06,0
-1.5152e-06,-2,8.88178e-16,-40,0,,-1.288e-06,0
-1.5148e-06,2,8.88178e-16,40,0,,-1.286e-06,0
-1.5144e-06,-2,8.88178e-16,40,-0.04,,-1.284e-06,0
-1.5140e-06,2,8.88178e-16,40,0,,-1.282e-06,0
-1.5136e-06,-2,8.88178e-16,120,-0.04,,-1.280e-06,0
-1.5132e-06,-2,8.88178e-16,40,-0.04,,-1.278e-06,0
-1.5128e-06,-2,-0.08,40,0,,-1.276e-06,0
-1.5124e-06,-2,8.88178e-16,120,0,,-1.274e-06,0
-1.5120e-06,2,8.88178e-16,120,0,,-1.272e-06,0
-1.5116e-06,2,8.88178e-16,40,0,,-1.270e-06,0
-1.5112e-06,-2,8.88178e-16,-40,0,,-1.268e-06,0
-1.5108e-06,-6,8.88178e-16,-40,0,,-1.266e-06,0
-1.5104e-06,2,-0.08,-40,0,,-1.264e-06,0
-1.5100e-06,-2,8.88178e-16,40,-0.04,,-1.262e-06,0
-1.5096e-06,2,8.88178e-16,120,0,,-1.260e-06,0
-1.5092e-06,-2,-0.08,120,-0.08,,-1.258e-06,0
-1.5088e-06,2,0.08,40,-0.04,,-1.256e-06,0
-1.5084e-06,-2,-0.08,120,-0.04,,-1.254e-06,0
-1.5080e-06,-2,8.88178e-16,-40,-0.08,,-1.252e-06,0
-1.5076e-06,2,8.88178e-16,40,-0.04,,-1.250e-06,0
-1.5072e-06,2,8.88178e-16,40,0,,-1.248e-06,0
-1.5068e-06,2,-0.08,-40,0,,-1.246e-06,0
-1.5064e-06,2,-0.08,-40,0,,-1.244e-06,0
-1.5060e-06,2,-0.08,-40,-0.04,,-1.242e-06,0
-1.5056e-06,2,8.88178e-16,40,-0.04,,-1.240e-06,0
-1.5052e-06,2,8.88178e-16,40,-0.04,,-1.238e-06,0
-1.5048e-06,2,8.88178e-16,120,0,,-1.236e-06,0
-1.5044e-06,2,-0.08,-40,0.04,,-1.234e-06,0
-1.5040e-06,-2,8.88178e-16,40,0,,-1.232e-06,0
-1.5036e-06,-2,8.88178e-16,-40,0,,-1.230e-06,0
-1.5032e-06,2,8.88178e-16,40,0,,-1.228e-06,0
-1.5028e-06,2,8.88178e-16,40,0,,-1.226e-06,0
-1.5024e-06,2,0.08,40,0,,-1.224e-06,0
-1.5020e-06,-2,8.88178e-16,40,0,,-1.222e-06,0
-1.5016e-06,2,0.08,40,0,,-1.220e-06,0
-1.5012e-06,-2,-0.08,40,-0.04,,-1.218e-06,0
-1.5008e-06,-6,8.88178e-16,40,-0.04,,-1.216e-06,0
-1.5004e-06,2,8.88178e-16,40,-0.04,,-1.214e-06,0
-1.5000e-06,2,8.88178e-16,40,0,,-1.212e-06,0
-1.4996e-06,2,8.88178e-16,-120,0,,-1.210e-06,0
-1.4992e-06,2,8.88178e-16,-40,-0.04,,-1.208e-06,0
-1.4988e-06,-2,8.88178e-16,40,0,,-1.206e-06,0
-1.4984e-06,-6,8.88178e-16,-40,0,,-1.204e-06,0
-1.4980e-06,-2,-0.08,-40,0,,-1.202e-06,0
-1.4976e-06,2,8.88178e-16,-40,-0.04,,-1.200e-06,0
-1.4972e-06,-2,8.88178e-16,40,-0.04,,-1.198e-06,0
-1.4968e-06,2,8.88178e-16,40,0,,-1.196e-06,0
-1.4964e-06,2,-0.16,-40,-0.04,,-1.194e-06,0
-1.4960e-06,2,8.88178e-16,40,-0.04,,-1.192e-06,0
-1.4956e-06,2,8.88178e-16,40,-0.08,,-1.190e-06,0
-1.4952e-06,2,8.88178e-16,120,0.04,,-1.188e-06,0
-1.4948e-06,2,8.88178e-16,40,0,,-1.186e-06,0
-1.4944e-06,2,8.88178e-16,-40,0,,-1.184e-06,0
-1.4940e-06,2,0.08,40,-0.04,,-1.182e-06,0
-1.4936e-06,2,8.88178e-16,40,-0.08,,-1.180e-06,0
-1.4932e-06,2,8.88178e-16,-40,-0.04,,-1.178e-06,0
-1.4928e-06,-2,-0.08,40,0,,-1.176e-06,0
-1.4924e-06,-2,-0.08,40,0,,-1.174e-06,0
-1.4920e-06,-2,8.88178e-16,40,-0.04,,-1.172e-06,0
-1.4916e-06,2,0.08,40,-0.04,,-1.170e-06,0
-1.4912e-06,-2,-0.08,40,0,,-1.168e-06,0
-1.4908e-06,2,0.08,40,-0.04,,-1.166e-06,0
-1.4904e-06,-2,8.88178e-16,40,-0.04,,-1.164e-06,0
-1.4900e-06,-2,-0.08,40,-0.04,,-1.162e-06,0
-1.4896e-06,2,-0.08,120,0,,-1.160e-06,0
-1.4892e-06,2,-0.08,120,0,,-1.158e-06,0
-1.4888e-06,2,8.88178e-16,-40,-0.04,,-1.156e-06,0
-1.4884e-06,2,8.88178e-16,40,0,,-1.154e-06,0
-1.4880e-06,-2,8.88178e-16,40,0,,-1.152e-06,0
-1.4876e-06,2,0.08,-40,0,,-1.150e-06,0
-1.4872e-06,6,8.88178e-16,-40,0,,-1.148e-06,0
-1.4868e-06,2,8.88178e-16,40,0,,-1.146e-06,0
-1.4864e-06,2,8.88178e-16,-40,0,,-1.144e-06,0
-1.4860e-06,2,0.08,40,-0.04,,-1.142e-06,0
-1.4856e-06,2,0.08,40,-0.04,,-1.140e-06,0
-1.4852e-06,2,0.08,-40,0,,-1.138e-06,0
-1.4848e-06,2,8.88178e-16,-40,0.08,,-1.136e-06,0
-1.4844e-06,-6,-0.08,-40,0,,-1.134e-06,0
-1.4840e-06,-6,8.88178e-16,40,0,,-1.132e-06,0
-1.4836e-06,-2,8.88178e-16,40,-0.04,,-1.130e-06,0
-1.4832e-06,-2,8.88178e-16,-40,0,,-1.128e-06,0
-1.4828e-06,-2,8.88178e-16,40,0,,-1.126e-06,0
-1.4824e-06,-2,0.08,40,0,,-1.124e-06,0
-1.4820e-06,2,8.88178e-16,120,-0.04,,-1.122e-06,0
-1.4816e-06,2,8.88178e-16,40,0,,-1.120e-06,0
-1.4812e-06,2,8.88178e-16,40,-0.04,,-1.118e-06,0
-1.4808e-06,-2,8.88178e-16,40,-0.04,,-1.116e-06,0
-1.4804e-06,-2,-0.08,40,0,,-1.114e-06,0
-1.4800e-06,2,8.88178e-16,40,-0.04,,-1.112e-06,0
-1.4796e-06,-2,-0.08,40,-0.04,,-1.110e-06,0
-1.4792e-06,2,0.08,40,0,,-1.108e-06,0
-1.4788e-06,-2,0.08,40,0,,-1.106e-06,0
-1.4784e-06,2,0.08,40,-0.04,,-1.104e-06,0
-1.4780e-06,-2,8.88178e-16,120,-0.04,,-1.102e-06,0
-1.4776e-06,2,8.88178e-16,40,-0.08,,-1.100e-06,0
-1.4772e-06,2,0.08,120,0,,-1.098e-06,0
-1.4768e-06,2,8.88178e-16,40,0,,-1.096e-06,0
-1.4764e-06,2,8.88178e-16,120,-0.04,,-1.094e-06,0
-1.4760e-06,2,0.08,40,-0.04,,-1.092e-06,0
-1.4756e-06,-2,0.08,-40,-0.04,,-1.090e-06,0
-1.4752e-06,-2,8.88178e-16,-40,0.04,,-1.088e-06,0
-1.4748e-06,2,8.88178e-16,40,0,,-1.086e-06,0
-1.4744e-06,2,8.88178e-16,40,-0.04,,-1.084e-06,0
-1.4740e-06,2,0.08,40,0,,-1.082e-06,0
-1.4736e-06,2,8.88178e-16,40,-0.04,,-1.080e-06,0
-1.4732e-06,2,8.88178e-16,40,-0.04,,-1.078e-06,0
-1.4728e-06,2,8.88178e-16,-40,-0.04,,-1.076e-06,0
-1.4724e-06,-2,0.08,-40,-0.04,,-1.074e-06,0
-1.4720e-06,-2,8.88178e-16,40,0,,-1.072e-06,0
-1.4716e-06,-6,0.08,-40,-0.04,,-1.070e-06,0
-1.4712e-06,2,0.08,40,0,,-1.068e-06,0
-1.4708e-06,2,8.88178e-16,-40,-0.04,,-1.066e-06,0
-1.4704e-06,2,-0.08,-120,0,,-1.064e-06,0
-1.4700e-06,2,-0.08,40,-0.04,,-1.062e-06,0
-1.4696e-06,2,8.88178e-16,40,0,,-1.060e-06,0
-1.4692e-06,-2,8.88178e-16,40,0,,-1.058e-06,0
-1.4688e-06,2,8.88178e-16,120,-0.04,,-1.056e-06,0
-1.4684e-06,-2,0.16,40,-0.04,,-1.054e-06,0
-1.4680e-06,2,8.88178e-16,40,-0.04,,-1.052e-06,0
-1.4676e-06,2,-0.08,40,-0.04,,-1.050e-06,0
-1.4672e-06,-2,8.88178e-16,-40,0,,-1.048e-06,0
-1.4668e-06,-2,-0.08,-40,0,,-1.046e-06,0
-1.4664e-06,-2,-0.08,-40,-0.04,,-1.044e-06,0
-1.4660e-06,-2,8.88178e-16,-40,-0.04,,-1.042e-06,0
-1.4656e-06,-2,8.88178e-16,40,0.04,,-1.040e-06,0
-1.4652e-06,-2,0.08,-40,0,,-1.038e-06,0
-1.4648e-06,-2,0.08,-40,0,,-1.036e-06,0
-1.4644e-06,2,0.08,40,0.04,,-1.034e-06,0
-1.4640e-06,2,8.88178e-16,120,0,,-1.032e-06,0
-1.4636e-06,2,8.88178e-16,40,-0.04,,-1.030e-06,0
-1.4632e-06,2,0.08,-40,-0.04,,-1.028e-06,0
-1.4628e-06,2,-0.08,-40,-0.04,,-1.026e-06,0
-1.4624e-06,2,8.88178e-16,-40,-0.04,,-1.024e-06,0
-1.4620e-06,-2,8.88178e-16,40,0,,-1.022e-06,0
-1.4616e-06,-2,0.08,40,0.04,,-1.020e-06,0
-1.4612e-06,2,8.88178e-16,120,0,,-1.018e-06,0
-1.4608e-06,2,-0.08,120,0,,-1.016e-06,0
-1.4604e-06,2,-0.08,40,0,,-1.014e-06,0
-1.4600e-06,-2,8.88178e-16,120,0,,-1.012e-06,0
-1.4596e-06,2,0.08,120,-0.04,,-1.010e-06,0
-1.4592e-06,2,0.08,120,-0.04,,-1.008e-06,0
-1.4588e-06,-2,8.88178e-16,40,0,,-1.006e-06,0
-1.4584e-06,-6,8.88178e-16,40,-0.04,,-1.004e-06,0
-1.4580e-06,-6,8.88178e-16,40,0,,-1.002e-06,0
-1.4576e-06,-2,8.88178e-16,40,0,,-1.000e-06,0
-1.4572e-06,-2,8.88178e-16,40,0.04,,-9.980e-07,0
-1.4568e-06,-2,8.88178e-16,40,-0.04,,-9.960e-07,0
-1.4564e-06,-2,8.88178e-16,40,0.04,,-9.940e-07,0
-1.4560e-06,-2,8.88178e-16,40,-0.08,,-9.920e-07,0
-1.4556e-06,2,8.88178e-16,-40,-0.04,,-9.900e-07,0
-1.4552e-06,2,8.88178e-16,-40,0,,-9.880e-07,0
-1.4548e-06,2,-0.08,-40,0,,-9.860e-07,0
-1.4544e-06,2,8.88178e-16,40,0,,-9.840e-07,0
-1.4540e-06,2,8.88178e-16,40,-0.04,,-9.820e-07,0
-1.4536e-06,2,-0.16,40,0,,-9.800e-07,0
-1.4532e-06,-2,0.08,-40,-0.04,,-9.780e-07,0
-1.4528e-06,-6,0.08,40,-0.04,,-9.760e-07,0
-1.4524e-06,-2,8.88178e-16,-40,0,,-9.740e-07,0
-1.4520e-06,-6,8.88178e-16,40,0,,-9.720e-07,0
-1.4516e-06,-2,8.88178e-16,40,-0.04,,-9.700e-07,0
-1.4512e-06,2,8.88178e-16,40,-0.04,,-9.680e-07,0
-1.4508e-06,-2,8.88178e-16,40,0.04,,-9.660e-07,0
-1.4504e-06,2,8.88178e-16,120,0,,-9.640e-07,0
-1.4500e-06,2,-0.08,-40,0,,-9.620e-07,0
-1.4496e-06,-2,8.88178e-16,40,-0.04,,-9.600e-07,0
-1.4492e-06,-2,8.88178e-16,-40,0,,-9.580e-07,0
-1.4488e-06,-2,-0.08,40,-0.04,,-9.560e-07,0
-1.4484e-06,-2,0.08,40,-0.04,,-9.540e-07,0
-1.4480e-06,2,0.08,40,-0.04,,-9.520e-07,0
-1.4476e-06,2,0.08,40,-0.04,,-9.500e-07,0
-1.4472e-06,2,0.08,40,-0.04,,-9.480e-07,0
-1.4468e-06,2,-0.08,-40,-0.08,,-9.460e-07,0
-1.4464e-06,-2,8.88178e-16,40,0,,-9.440e-07,0
-1.4460e-06,-2,8.88178e-16,-40,0,,-9.420e-07,0
-1.4456e-06,-2,0.08,40,0,,-9.400e-07,0
-1.4452e-06,-2,-0.08,40,-0.04,,-9.380e-07,0
-1.4448e-06,2,8.88178e-16,40,0,,-9.360e-07,0
-1.4444e-06,2,8.88178e-16,40,-0.04,,-9.340e-07,0
-1.4440e-06,2,8.88178e-16,40,0,,-9.320e-07,0
-1.4436e-06,2,8.88178e-16,40,0,,-9.300e-07,0
-1.4432e-06,2,8.88178e-16,-40,0.04,,-9.280e-07,0
-1.4428e-06,-2,0.08,-40,0,,-9.260e-07,0
-1.4424e-06,2,0.08,-40,0.04,,-9.240e-07,0
-1.4420e-06,-2,0.08,40,-0.04,,-9.220e-07,0
-1.4416e-06,2,8.88178e-16,120,0,,-9.200e-07,0
-1.4412e-06,2,8.88178e-16,40,0,,-9.180e-07,0
-1.4408e-06,2,-0.08,40,-0.04,,-9.160e-07,0
-1.4404e-06,2,0.08,40,0,,-9.140e-07,0
-1.4400e-06,-6,8.88178e-16,-40,0,,-9.120e-07,0
-1.4396e-06,-6,0.08,-40,0,,-9.100e-07,0
-1.4392e-06,-2,8.88178e-16,-40,0,,-9.080e-07,0
-1.4388e-06,2,8.88178e-16,-40,-0.04,,-9.060e-07,0
-1.4384e-06,2,8.88178e-16,40,0,,-9.040e-07,0
-1.4380e-06,-2,-0.08,-120,0,,-9.020e-07,0
-1.4376e-06,-2,0.08,40,0.04,,-9.000e-07,0
-1.4372e-06,2,8.88178e-16,-120,0,,-8.980e-07,0
-1.4368e-06,2,8.88178e-16,40,0,,-8.960e-07,0
-1.4364e-06,2,8.88178e-16,40,-0.04,,-8.940e-07,0
-1.4360e-06,2,8.88178e-16,40,0,,-8.920e-07,0
-1.4356e-06,-2,8.88178e-16,40,0,,-8.900e-07,0
-1.4352e-06,2,8.88178e-16,-40,-0.04,,-8.880e-07,0
-1.4348e-06,2,0.08,40,0,,-8.860e-07,0
-1.4344e-06,2,8.88178e-16,40,0,,-8.840e-07,0
-1.4340e-06,-2,8.88178e-16,40,0,,-8.820e-07,0
-1.4336e-06,-2,8.88178e-16,40,0,,-8.800e-07,0
-1.4332e-06,-2,8.88178e-16,40,0,,-8.780e-07,0
-1.4328e-06,-2,-0.08,40,0,,-8.760e-07,0
-1.4324e-06,-2,0.08,120,0,,-8.740e-07,0
-1.4320e-06,2,8.88178e-16,120,-0.04,,-8.720e-07,0
-1.4316e-06,2,8.88178e-16,120,-0.08,,-8.700e-07,0
-1.4312e-06,-2,0.08,-40,0,,-8.680e-07,0
-1.4308e-06,-2,0.08,40,-0.04,,-8.660e-07,0
-1.4304e-06,-2,8.88178e-16,40,-0.04,,-8.640e-07,0
-1.4300e-06,-2,8.88178e-16,40,-0.04,,-8.620e-07,0
-1.4296e-06,2,8.88178e-16,40,-0.04,,-8.600e-07,0
-1.4292e-06,2,8.88178e-16,-40,-0.04,,-8.580e-07,0
-1.4288e-06,-2,0.08,-40,0,,-8.560e-07,0
-1.4284e-06,2,0.08,40,-0.04,,-8.540e-07,0
-1.4280e-06,2,8.88178e-16,40,-0.04,,-8.520e-07,0
-1.4276e-06,2,8.88178e-16,-40,0,,-8.500e-07,0
-1.4272e-06,-2,8.88178e-16,-40,-0.04,,-8.480e-07,0
-1.4268e-06,2,8.88178e-16,40,0,,-8.460e-07,0
-1.4264e-06,-2,0.08,120,0,,-8.440e-07,0
-1.4260e-06,-2,8.88178e-16,40,0,,-8.420e-07,0
-1.4256e-06,-2,8.88178e-16,40,-0.04,,-8.400e-07,0
-1.4252e-06,-2,8.88178e-16,-40,0,,-8.380e-07,0
-1.4248e-06,2,8.88178e-16,120,0.04,,-8.360e-07,0
-1.4244e-06,-2,-0.08,40,0,,-8.340e-07,0
-1.4240e-06,-2,8.88178e-16,40,0,,-8.320e-07,0
-1.4236e-06,2,8.88178e-16,40,-0.08,,-8.300e-07,0
-1.4232e-06,2,0.08,40,0,,-8.280e-07,0
-1.4228e-06,2,8.88178e-16,40,0,,-8.260e-07,0
-1.4224e-06,2,0.08,40,0,,-8.240e-07,0
-1.4220e-06,2,8.88178e-16,40,-0.04,,-8.220e-07,0
-1.4216e-06,-2,8.88178e-16,-40,0,,-8.200e-07,0
-1.4212e-06,-6,8.88178e-16,40,0,,-8.180e-07,0
-1.4208e-06,2,-0.16,40,0.04,,-8.160e-07,0
-1.4204e-06,-2,8.88178e-16,40,0,,-8.140e-07,0
-1.4200e-06,-6,8.88178e-16,-40,0,,-8.120e-07,0
-1.4196e-06,-2,8.88178e-16,-40,-0.04,,-8.100e-07,0
-1.4192e-06,-6,8.88178e-16,40,0,,-8.080e-07,0
-1.4188e-06,2,8.88178e-16,40,0,,-8.060e-07,0
-1.4184e-06,2,8.88178e-16,40,0,,-8.040e-07,0
-1.4180e-06,2,0.08,-40,-0.04,,-8.020e-07,0
-1.4176e-06,2,8.88178e-16,40,-0.04,,-8.000e-07,0
-1.4172e-06,2,8.88178e-16,40,0,,-7.980e-07,0
-1.4168e-06,-2,-0.08,-40,-0.04,,-7.960e-07,0
-1.4164e-06,2,8.88178e-16,40,-0.08,,-7.940e-07,0
-1.4160e-06,-2,8.88178e-16,40,-0.04,,-7.920e-07,0
-1.4156e-06,2,8.88178e-16,40,0,,-7.900e-07,0
-1.4152e-06,2,-0.08,-40,0,,-7.880e-07,0
-1.4148e-06,2,-0.08,40,-0.04,,-7.860e-07,0
-1.4144e-06,2,8.88178e-16,40,-0.04,,-7.840e-07,0
-1.4140e-06,2,8.88178e-16,120,-0.04,,-7.820e-07,0
-1.4136e-06,-6,8.88178e-16,40,0.04,,-7.800e-07,0
-1.4132e-06,2,8.88178e-16,120,0,,-7.780e-07,0
-1.4128e-06,-2,8.88178e-16,-40,-0.04,,-7.760e-07,0
-1.4124e-06,2,8.88178e-16,-40,0,,-7.740e-07,0
-1.4120e-06,2,8.88178e-16,-40,0,,-7.720e-07,0
-1.4116e-06,2,-0.08,40,0,,-7.700e-07,0
-1.4112e-06,2,8.88178e-16,40,-0.04,,-7.680e-07,0
-1.4108e-06,2,8.88178e-16,40,0,,-7.660e-07,0
-1.4104e-06,2,0.08,40,0,,-7.640e-07,0
-1.4100e-06,-6,0.08,40,-0.04,,-7.620e-07,0
-1.4096e-06,2,8.88178e-16,-40,0,,-7.600e-07,0
-1.4092e-06,2,-0.08,40,-0.04,,-7.580e-07,0
-1.4088e-06,2,8.88178e-16,40,0,,-7.560e-07,0
-1.4084e-06,2,8.88178e-16,40,0,,-7.540e-07,0
-1.4080e-06,-2,8.88178e-16,40,0,,-7.520e-07,0
-1.4076e-06,-2,8.88178e-16,40,-0.04,,-7.500e-07,0
-1.4072e-06,2,0.08,40,-0.04,,-7.480e-07,0
-1.4068e-06,2,0.08,40,0,,-7.460e-07,0
-1.4064e-06,2,-0.08,40,0,,-7.440e-07,0
-1.4060e-06,2,-0.08,-40,-0.08,,-7.420e-07,0
-1.4056e-06,2,0.08,40,0,,-7.400e-07,0
-1.4052e-06,2,0.08,120,0,,-7.380e-07,0
-1.4048e-06,2,0.08,-40,-0.04,,-7.360e-07,0
-1.4044e-06,6,0.08,40,0.04,,-7.340e-07,0
-1.4040e-06,2,8.88178e-16,40,0.04,,-7.320e-07,0
-1.4036e-06,2,8.88178e-16,40,0,,-7.300e-07,0
-1.4032e-06,2,8.88178e-16,40,-0.04,,-7.280e-07,0
-1.4028e-06,2,-0.08,40,-0.04,,-7.260e-07,0
-1.4024e-06,2,8.88178e-16,40,-0.04,,-7.240e-07,0
-1.4020e-06,2,8.88178e-16,40,0,,-7.220e-07,0
-1.4016e-06,2,8.88178e-16,40,0.04,,-7.200e-07,0
-1.4012e-06,2,8.88178e-16,40,0,,-7.180e-07,0
-1.4008e-06,2,0.08,40,-0.04,,-7.160e-07,0
-1.4004e-06,2,8.88178e-16,40,-0.04,,-7.140e-07,0
-1.4000e-06,2,8.88178e-16,40,0,,-7.120e-07,0
-1.3996e-06,2,0.08,40,0,,-7.100e-07,0
-1.3992e-06,-2,0.08,40,-0.04,,-7.080e-07,0
-1.3988e-06,-6,8.88178e-16,120,-0.04,,-7.060e-07,0
-1.3984e-06,-2,8.88178e-16,-40,-0.04,,-7.040e-07,0
-1.3980e-06,2,-0.08,40,-0.08,,-7.020e-07,0
-1.3976e-06,2,8.88178e-16,-40,-0.04,,-7.000e-07,0
-1.3972e-06,-2,-0.08,-40,0,,-6.980e-07,0
-1.3968e-06,2,8.88178e-16,40,0,,-6.960e-07,0
-1.3964e-06,2,8.88178e-16,40,-0.04,,-6.940e-07,0
-1.3960e-06,-2,-0.08,-40,0,,-6.920e-07,0
-1.3956e-06,-2,8.88178e-16,40,-0.08,,-6.900e-07,0
-1.3952e-06,-2,8.88178e-16,40,-0.04,,-6.880e-07,0
-1.3948e-06,2,0.08,40,0,,-6.860e-07,0
-1.3944e-06,-2,8.88178e-16,40,0.04,,-6.840e-07,0
-1.3940e-06,2,8.88178e-16,-40,0,,-6.820e-07,0
-1.3936e-06,2,0.08,40,0,,-6.800e-07,0
-1.3932e-06,2,0.08,120,-0.04,,-6.780e-07,0
-1.3928e-06,2,-0.08,120,0,,-6.760e-07,0
-1.3924e-06,2,8.88178e-16,-40,0,,-6.740e-07,0
-1.3920e-06,2,-0.08,40,0.04,,-6.720e-07,0
-1.3916e-06,2,8.88178e-16,40,0,,-6.700e-07,0
-1.3912e-06,-2,8.88178e-16,40,0,,-6.680e-07,0
-1.3908e-06,2,8.88178e-16,-40,-0.04,,-6.660e-07,0
-1.3904e-06,2,-0.16,40,-0.04,,-6.640e-07,0
-1.3900e-06,2,-0.08,40,0,,-6.620e-07,0
-1.3896e-06,2,-0.08,40,0.04,,-6.600e-07,0
-1.3892e-06,2,-0.08,40,-0.04,,-6.580e-07,0
-1.3888e-06,-2,0.08,40,0,,-6.560e-07,0
-1.3884e-06,2,8.88178e-16,120,0,,-6.540e-07,0
-1.3880e-06,-6,0.08,40,0,,-6.520e-07,0
-1.3876e-06,-2,0.08,-40,0.04,,-6.500e-07,0
-1.3872e-06,-2,0.08,40,-0.04,,-6.480e-07,0
-1.3868e-06,-6,8.88178e-16,40,0,,-6.460e-07,0
-1.3864e-06,-6,8.88178e-16,-40,0,,-6.440e-07,0
-1.3860e-06,-2,-0.08,40,0,,-6.420e-07,0
-1.3856e-06,-2,-0.08,-40,-0.04,,-6.400e-07,0
-1.3852e-06,-6,-0.08,-120,-0.04,,-6.380e-07,0
-1.3848e-06,-6,8.88178e-16,120,-0.08,,-6.360e-07,0
-1.3844e-06,-2,0.08,40,-0.04,,-6.340e-07,0
-1.3840e-06,-2,8.88178e-16,120,-0.04,,-6.320e-07,0
-1.3836e-06,-2,8.88178e-16,40,0,,-6.300e-07,0
-1.3832e-06,-2,8.88178e-16,-40,0.04,,-6.280e-07,0
-1.3828e-06,-6,-0.08,-40,-0.04,,-6.260e-07,0
-1.3824e-06,-6,0.08,40,0,,-6.240e-07,0
-1.3820e-06,-6,8.88178e-16,-40,-0.04,,-6.220e-07,0
-1.3816e-06,-6,8.88178e-16,40,0,,-6.200e-07,0
-1.3812e-06,2,8.88178e-16,-40,0,,-6.180e-07,0
-1.3808e-06,2,-0.08,40,0,,-6.160e-07,0
-1.3804e-06,2,8.88178e-16,40,0.04,,-6.140e-07,0
-1.3800e-06,2,0.08,40,0,,-6.120e-07,0
-1.3796e-06,2,8.88178e-16,40,-0.04,,-6.100e-07,0
-1.3792e-06,-2,8.88178e-16,-40,-0.04,,-6.080e-07,0
-1.3788e-06,2,8.88178e-16,40,0,,-6.060e-07,0
-1.3784e-06,2,8.88178e-16,-40,-0.04,,-6.040e-07,0
-1.3780e-06,2,0.08,-40,-0.04,,-6.020e-07,0
-1.3776e-06,2,0.08,-40,0,,-6.000e-07,0
-1.3772e-06,-2,8.88178e-16,40,-0.04,,-5.980e-07,0
-1.3768e-06,2,8.88178e-16,120,0.04,,-5.960e-07,0
-1.3764e-06,2,8.88178e-16,40,0.08,,-5.940e-07,0
-1.3760e-06,2,8.88178e-16,40,-0.04,,-5.920e-07,0
-1.3756e-06,2,8.88178e-16,40,0,,-5.900e-07,0
-1.3752e-06,2,-0.08,40,-0.08,,-5.880e-07,0
-1.3748e-06,2,8.88178e-16,40,-0.04,,-5.860e-07,0
-1.3744e-06,2,8.88178e-16,40,-0.04,,-5.840e-07,0
-1.3740e-06,2,0.08,40,0,,-5.820e-07,0
-1.3736e-06,2,8.88178e-16,120,-0.04,,-5.800e-07,0
-1.3732e-06,2,8.88178e-16,40,0,,-5.780e-07,0
-1.3728e-06,2,8.88178e-16,40,0.04,,-5.760e-07,0
-1.3724e-06,2,8.88178e-16,-40,0,,-5.740e-07,0
-1.3720e-06,2,8.88178e-16,40,-0.08,,-5.720e-07,0
-1.3716e-06,2,0.08,-40,0,,-5.700e-07,0
-1.3712e-06,2,0.08,-40,-0.04,,-5.680e-07,0
-1.3708e-06,2,0.08,40,-0.04,,-5.660e-07,0
-1.3704e-06,2,8.88178e-16,40,-0.08,,-5.640e-07,0
-1.3700e-06,2,-0.08,40,0,,-5.620e-07,0
-1.3696e-06,2,8.88178e-16,40,-0.04,,-5.600e-07,0
-1.3692e-06,-2,-0.08,120,0,,-5.580e-07,0
-1.3688e-06,2,8.88178e-16,40,0.04,,-5.560e-07,0
-1.3684e-06,2,0.08,40,0,,-5.540e-07,0
-1.3680e-06,2,0.08,-40,0,,-5.520e-07,0
-1.3676e-06,2,8.88178e-16,40,0,,-5.500e-07,0
-1.3672e-06,-2,-0.08,40,0.04,,-5.480e-07,0
-1.3668e-06,-2,-0.08,40,-0.04,,-5.460e-07,0
-1.3664e-06,2,8.88178e-16,40,0,,-5.440e-07,0
-1.3660e-06,-2,0.08,40,-0.04,,-5.420e-07,0
-1.3656e-06,-2,8.88178e-16,40,-0.04,,-5.400e-07,0
-1.3652e-06,-2,8.88178e-16,40,-0.04,,-5.380e-07,0
-1.3648e-06,2,8.88178e-16,40,0,,-5.360e-07,0
-1.3644e-06,-2,0.08,40,-0.04,,-5.340e-07,0
-1.3640e-06,-2,0.08,40,0,,-5.320e-07,0
-1.3636e-06,-2,-0.08,-40,-0.04,,-5.300e-07,0
-1.3632e-06,-2,8.88178e-16,40,0,,-5.280e-07,0
-1.3628e-06,-2,-0.16,-40,0,,-5.260e-07,0
-1.3624e-06,-6,8.88178e-16,40,0,,-5.240e-07,0
-1.3620e-06,-6,8.88178e-16,40,0,,-5.220e-07,0
-1.3616e-06,-6,0.08,40,0,,-5.200e-07,0
-1.3612e-06,2,0.08,40,-0.04,,-5.180e-07,0
-1.3608e-06,2,0.08,-120,-0.04,,-5.160e-07,0
-1.3604e-06,2,8.88178e-16,-40,0.04,,-5.140e-07,0
-1.3600e-06,-2,-0.08,40,0,,-5.120e-07,0
-1.3596e-06,-2,0.08,40,0,,-5.100e-07,0
-1.3592e-06,-2,8.88178e-16,40,0,,-5.080e-07,0
-1.3588e-06,2,8.88178e-16,40,0,,-5.060e-07,0
-1.3584e-06,2,8.88178e-16,-40,0,,-5.040e-07,0
-1.3580e-06,2,8.88178e-16,40,-0.04,,-5.020e-07,0
-1.3576e-06,-2,8.88178e-16,-40,0.04,,-5.000e-07,0
-1.3572e-06,-2,8.88178e-16,40,0,,-4.980e-07,0
-1.3568e-06,-2,8.88178e-16,-40,0,,-4.960e-07,0
-1.3564e-06,2,8.88178e-16,-40,0.04,,-4.940e-07,0
-1.3560e-06,-2,-0.08,40,0,,-4.920e-07,0
-1.3556e-06,2,0.08,120,-0.04,,-4.900e-07,0
-1.3552e-06,-2,8.88178e-16,40,-0.04,,-4.880e-07,0
-1.3548e-06,-2,0.08,40,-0.04,,-4.860e-07,0
-1.3544e-06,-2,0.08,40,-0.04,,-4.840e-07,0
-1.3540e-06,2,0.08,40,0,,-4.820e-07,0
-1.3536e-06,2,0.08,40,0,,-4.800e-07,0
-1.3532e-06,2,8.88178e-16,-40,-0.08,,-4.780e-07,0
-1.3528e-06,-2,-0.08,120,-0.04,,-4.760e-07,0
-1.3524e-06,2,8.88178e-16,40,-0.08,,-4.740e-07,0
-1.3520e-06,2,-0.08,120,0,,-4.720e-07,0
-1.3516e-06,2,8.88178e-16,40,0.04,,-4.700e-07,0
-1.3512e-06,-2,0.08,-40,-0.04,,-4.680e-07,0
-1.3508e-06,2,0.08,-40,0,,-4.660e-07,0
-1.3504e-06,-2,0.08,40,0,,-4.640e-07,0
-1.3500e-06,2,-0.08,40,0,,-4.620e-07,0
-1.3496e-06,-2,-0.08,-40,-0.04,,-4.600e-07,0
-1.3492e-06,2,8.88178e-16,40,-0.04,,-4.580e-07,0
-1.3488e-06,2,8.88178e-16,40,-0.04,,-4.560e-07,0
-1.3484e-06,2,8.88178e-16,40,-0.04,,-4.540e-07,0
-1.3480e-06,2,8.88178e-16,40,-0.04,,-4.520e-07,0
-1.3476e-06,2,8.88178e-16,-40,-0.04,,-4.500e-07,0
-1.3472e-06,-2,8.88178e-16,40,-0.04,,-4.480e-07,0
-1.3468e-06,2,0.08,40,0,,-4.460e-07,0
-1.3464e-06,-2,0.08,40,0,,-4.440e-07,0
-1.3460e-06,-2,8.88178e-16,40,-0.04,,-4.420e-07,0
-1.3456e-06,-2,8.88178e-16,40,-0.04,,-4.400e-07,0
-1.3452e-06,-6,-0.08,-40,0,,-4.380e-07,0
-1.3448e-06,-2,8.88178e-16,40,-0.04,,-4.360e-07,0
-1.3444e-06,-2,0.08,40,0,,-4.340e-07,0
-1.3440e-06,-2,8.88178e-16,40,0,,-4.320e-07,0
-1.3436e-06,-2,8.88178e-16,40,-0.04,,-4.300e-07,0
-1.3432e-06,-2,0.08,40,0,,-4.280e-07,0
-1.3428e-06,2,8.88178e-16,40,-0.04,,-4.260e-07,0
-1.3424e-06,2,-0.08,40,-0.04,,-4.240e-07,0
-1.3420e-06,2,8.88178e-16,40,0,,-4.220e-07,0
-1.3416e-06,-6,0.08,-40,-0.04,,-4.200e-07,0
-1.3412e-06,-2,0.08,40,0.04,,-4.180e-07,0
-1.3408e-06,-6,8.88178e-16,40,-0.04,,-4.160e-07,0
-1.3404e-06,-6,8.88178e-16,40,0,,-4.140e-07,0
-1.3400e-06,-2,0.08,40,0,,-4.120e-07,0
-1.3396e-06,-2,0.08,40,0,,-4.100e-07,0
-1.3392e-06,-2,8.88178e-16,40,0,,-4.080e-07,0
-1.3388e-06,2,0.08,40,0,,-4.060e-07,0
-1.3384e-06,2,0.08,120,0,,-4.040e-07,0
-1.3380e-06,2,8.88178e-16,120,-0.08,,-4.020e-07,0
-1.3376e-06,2,0.08,40,0,,-4.000e-07,0
-1.3372e-06,2,8.88178e-16,120,0,,-3.980e-07,0
-1.3368e-06,2,8.88178e-16,40,0,,-3.960e-07,0
-1.3364e-06,2,0.08,40,0,,-3.940e-07,0
-1.3360e-06,2,0.08,120,0.04,,-3.920e-07,0
-1.3356e-06,2,0.08,120,-0.04,,-3.900e-07,0
-1.3352e-06,2,0.08,40,0,,-3.880e-07,0
-1.3348e-06,2,8.88178e-16,120,-0.04,,-3.860e-07,0
-1.3344e-06,2,8.88178e-16,40,0,,-3.840e-07,0
-1.3340e-06,2,-0.16,40,-0.04,,-3.820e-07,0
-1.3336e-06,2,-0.08,-40,0,,-3.800e-07,0
-1.3332e-06,2,8.88178e-16,-40,0,,-3.780e-07,0
-1.3328e-06,2,0.08,-40,0,,-3.760e-07,0
-1.3324e-06,2,0.08,-40,-0.04,,-3.740e-07,0
-1.3320e-06,2,8.88178e-16,40,0.04,,-3.720e-07,0
-1.3316e-06,2,0.08,40,0,,-3.700e-07,0
-1.3312e-06,2,0.08,-40,0,,-3.680e-07,0
-1.3308e-06,2,0.16,-40,0,,-3.660e-07,0
-1.3304e-06,-10,0.08,-40,0.04,,-3.640e-07,0
-1.3300e-06,-14,0.08,-40,0,,-3.620e-07,0
-1.3296e-06,-22,0.08,-40,0,,-3.600e-07,0
-1.3292e-06,-30,0.08,120,-0.04,,-3.580e-07,0
-1.3288e-06,-50,-0.08,40,-0.04,,-3.560e-07,0
-1.3284e-06,-58,0.08,40,0,,-3.540e-07,0
-1.3280e-06,-58,8.88178e-16,40,0,,-3.520e-07,0
-1.3276e-06,-46,8.88178e-16,40,0,,-3.500e-07,0
-1.3272e-06,-26,8.88178e-16,40,-0.04,,-3.480e-07,0
-1.3268e-06,-10,8.88178e-16,120,-0.04,,-3.460e-07,0
-1.3264e-06,-2,0.08,40,0,,-3.440e-07,0
-1.3260e-06,2,0.08,40,0.04,,-3.420e-07,0
-1.3256e-06,22,0.16,40,0.04,,-3.400e-07,0
-1.3252e-06,30,0.16,-40,-0.04,,-3.380e-07,0
-1.3248e-06,46,0.16,-40,-0.04,,-3.360e-07,0
-1.3244e-06,46,8.88178e-16,-40,0,,-3.340e-07,0
-1.3240e-06,46,8.88178e-16,40,0.04,,-3.320e-07,0
-1.3236e-06,42,0.08,-40,-0.04,,-3.300e-07,0
-1.3232e-06,34,0.16,40,-0.04,,-3.280e-07,0
-1.3228e-06,30,0.08,-40,0,,-3.260e-07,0
-1.3224e-06,34,8.88178e-16,40,0,,-3.240e-07,0
-1.3220e-06,30,0.08,40,0,,-3.220e-07,0
-1.3216e-06,30,8.88178e-16,40,-0.04,,-3.200e-07,0
-1.3212e-06,22,0.08,40,0,,-3.180e-07,0
-1.3208e-06,14,8.88178e-16,40,0,,-3.160e-07,0
-1.3204e-06,10,-0.08,-40,0,,-3.140e-07,0
-1.3200e-06,6,8.88178e-16,40,0,,-3.120e-07,0
-1.3196e-06,2,-0.08,40,0,,-3.100e-07,0
-1.3192e-06,2,0.08,-40,-0.04,,-3.080e-07,0
-1.3188e-06,2,8.88178e-16,-120,0,,-3.060e-07,0
-1.3184e-06,-6,8.88178e-16,-40,0,,-3.040e-07,0
-1.3180e-06,-10,8.88178e-16,40,0.04,,-3.020e-07,0
-1.3176e-06,-14,-0.24,40,0,,-3.000e-07,0
-1.3172e-06,-14,-0.24,-120,0,,-2.980e-07,0
-1.3168e-06,-18,8.88178e-16,40,0,,-2.960e-07,0
-1.3164e-06,-22,0.08,40,0,,-2.940e-07,0
-1.3160e-06,-18,0.08,40,0,,-2.920e-07,0
-1.3156e-06,-26,0.08,40,0,,-2.900e-07,0
-1.3152e-06,-22,8.88178e-16,-40,0,,-2.880e-07,0
-1.3148e-06,-22,-0.08,40,0,,-2.860e-07,0
-1.3144e-06,-22,-0.08,40,0,,-2.840e-07,0
-1.3140e-06,-14,-0.08,40,0,,-2.820e-07,0
-1.3136e-06,2,-0.08,40,0,,-2.800e-07,0
-1.3132e-06,2,-0.08,40,0,,-2.780e-07,0
-1.3128e-06,2,8.88178e-16,-40,0,,-2.760e-07,0
-1.3124e-06,2,8.88178e-16,40,0,,-2.740e-07,0
-1.3120e-06,2,8.88178e-16,40,0,,-2.720e-07,0
-1.3116e-06,-10,0.08,-40,0,,-2.700e-07,0
-1.3112e-06,-10,0.16,-40,-0.08,,-2.680e-07,0
-1.3108e-06,-14,0.08,40,0,,-2.660e-07,0
-1.3104e-06,-18,8.88178e-16,40,-0.04,,-2.640e-07,0
-1.3100e-06,-18,8.88178e-16,120,-0.04,,-2.620e-07,0
-1.3096e-06,-18,8.88178e-16,40,0,,-2.600e-07,0
-1.3092e-06,-10,8.88178e-16,40,-0.04,,-2.580e-07,0
-1.3088e-06,-2,8.88178e-16,40,-0.04,,-2.560e-07,0
-1.3084e-06,2,8.88178e-16,40,-0.04,,-2.540e-07,0
-1.3080e-06,2,-0.08,40,-0.08,,-2.520e-07,0
-1.3076e-06,14,-0.08,40,0,,-2.500e-07,0
-1.3072e-06,30,0.08,40,0.04,,-2.480e-07,0
-1.3068e-06,34,0.08,40,0,,-2.460e-07,0
-1.3064e-06,22,8.88178e-16,-40,0,,-2.440e-07,0
-1.3060e-06,-6,8.88178e-16,-40,-0.04,,-2.420e-07,0
-1.3056e-06,-22,0.16,40,0,,-2.400e-07,0
-1.3052e-06,-22,0.16,40,0,,-2.380e-07,0
-1.3048e-06,-18,0.08,40,0,,-2.360e-07,0
-1.3044e-06,-14,8.88178e-16,40,-0.04,,-2.340e-07,0
-1.3040e-06,-18,-0.16,40,0,,-2.320e-07,0
-1.3036e-06,-14,-0.16,120,-0.04,,-2.300e-07,0
-1.3032e-06,-14,-0.24,120,-0.04,,-2.280e-07,0
-1.3028e-06,-6,-0.16,40,-0.08,,-2.260e-07,0
-1.3024e-06,2,-0.08,-40,-0.04,,-2.240e-07,0
-1.3020e-06,6,-0.08,120,0,,-2.220e-07,0
-1.3016e-06,6,8.88178e-16,120,-0.04,,-2.200e-07,0
-1.3012e-06,2,-0.08,40,0,,-2.180e-07,0
-1.3008e-06,2,8.88178e-16,-40,0.04,,-2.160e-07,0
-1.3004e-06,-6,0.08,-40,0,,-2.140e-07,0
-1.3000e-06,-22,0.08,-40,0,,-2.120e-07,0
-1.2996e-06,-22,8.88178e-16,-40,0,,-2.100e-07,0
-1.2992e-06,-30,8.88178e-16,40,-0.04,,-2.080e-07,0
-1.2988e-06,-30,-0.24,-40,0,,-2.060e-07,0
-1.2984e-06,-34,-0.32,40,-0.04,,-2.040e-07,0
-1.2980e-06,-34,-0.16,40,-0.04,,-2.020e-07,0
-1.2976e-06,-30,-0.32,120,0.04,,-2.000e-07,0
-1.2972e-06,-26,8.88178e-16,40,0,,-1.980e-07,0
-1.2968e-06,-22,8.88178e-16,40,-0.04,,-1.960e-07,0
-1.2964e-06,-22,-0.08,40,-0.04,,-1.940e-07,0
-1.2960e-06,-26,8.88178e-16,-40,0,,-1.920e-07,0
-1.2956e-06,-26,-0.08,-40,0,,-1.900e-07,0
-1.2952e-06,-22,8.88178e-16,-40,0,,-1.880e-07,0
-1.2948e-06,-14,0.08,-40,-0.04,,-1.860e-07,0
-1.2944e-06,-22,0.16,120,-0.04,,-1.840e-07,0
-1.2940e-06,-34,0.08,40,-0.04,,-1.820e-07,0
-1.2936e-06,-50,8.88178e-16,-40,-0.04,,-1.800e-07,0
-1.2932e-06,-54,0.08,40,-0.04,,-1.780e-07,0
-1.2928e-06,-62,-0.16,40,0,,-1.760e-07,0
-1.2924e-06,-70,-0.24,40,-0.04,,-1.740e-07,0
-1.2920e-06,-70,-0.16,-40,0,,-1.720e-07,0
-1.2916e-06,-66,-0.16,40,0,,-1.700e-07,0
-1.2912e-06,-58,-0.08,40,0,,-1.680e-07,0
-1.2908e-06,-46,-0.16,40,0.04,,-1.660e-07,0
-1.2904e-06,-34,-0.08,40,-0.04,,-1.640e-07,0
-1.2900e-06,-38,0.08,40,-0.04,,-1.620e-07,0
-1.2896e-06,-38,0.08,40,-0.04,,-1.600e-07,0
-1.2892e-06,-42,0.08,40,-0.04,,-1.580e-07,0
-1.2888e-06,-38,0.08,-40,-0.04,,-1.560e-07,0
-1.2884e-06,-38,8.88178e-16,40,0,,-1.540e-07,0
-1.2880e-06,-38,-0.08,40,-0.04,,-1.520e-07,0
-1.2876e-06,-42,0.08,40,-0.04,,-1.500e-07,0
-1.2872e-06,-42,0.08,40,0,,-1.480e-07,0
-1.2868e-06,-46,0.16,40,0,,-1.460e-07,0
-1.2864e-06,-42,0.08,40,0,,-1.440e-07,0
-1.2860e-06,-54,8.88178e-16,40,0,,-1.420e-07,0
-1.2856e-06,-62,-0.08,-40,0,,-1.400e-07,0
-1.2852e-06,-62,-0.16,-40,-0.04,,-1.380e-07,0
-1.2848e-06,-50,-0.16,40,-0.04,,-1.360e-07,0
-1.2844e-06,-46,8.88178e-16,40,-0.04,,-1.340e-07,0
-1.2840e-06,-50,0.08,120,0,,-1.320e-07,0
-1.2836e-06,-54,0.24,-40,-0.04,,-1.300e-07,0
-1.2832e-06,-58,0.16,40,-0.04,,-1.280e-07,0
-1.2828e-06,-54,0.16,40,-0.04,,-1.260e-07,0
-1.2824e-06,-58,-0.24,40,0,,-1.240e-07,0
-1.2820e-06,-66,-0.24,-40,0,,-1.220e-07,0
-1.2816e-06,-70,-0.32,-40,0,,-1.200e-07,0
-1.2812e-06,-74,-0.24,40,-0.04,,-1.180e-07,0
-1.2808e-06,-78,-0.32,40,0,,-1.160e-07,0
-1.2804e-06,-70,-0.16,40,0,,-1.140e-07,0
-1.2800e-06,-70,-0.08,40,-0.04,,-1.120e-07,0
-1.2796e-06,-70,-0.08,40,0,,-1.100e-07,0
-1.2792e-06,-62,8.88178e-16,40,0,,-1.080e-07,0
-1.2788e-06,-54,8.88178e-16,40,0,,-1.060e-07,0
-1.2784e-06,-42,0.08,40,-0.04,,-1.040e-07,0
-1.2780e-06,-38,0.16,40,0,,-1.020e-07,0
-1.2776e-06,-34,0.24,-40,-0.04,,-1.000e-07,0
-1.2772e-06,-34,0.24,40,0,,-9.800e-08,0
-1.2768e-06,-34,0.32,40,0,,-9.600e-08,0
-1.2764e-06,-34,0.4,-40,0.04,,-9.400e-08,0
-1.2760e-06,-30,0.32,40,-0.04,,-9.200e-08,0
-1.2756e-06,-30,0.08,40,-0.04,,-9.000e-08,0
-1.2752e-06,-30,-0.08,-40,0,,-8.800e-08,0
-1.2748e-06,-30,-0.24,40,0,,-8.600e-08,0
-1.2744e-06,-26,0.24,40,0,,-8.400e-08,0
-1.2740e-06,-26,0.8,40,-0.04,,-8.200e-08,0
-1.2736e-06,-30,1.36,40,-0.04,,-8.000e-08,0
-1.2732e-06,-30,1.2,-40,0,,-7.800e-08,0
-1.2728e-06,-26,0.32,-40,0,,-7.600e-08,0
-1.2724e-06,-22,-0.56,-40,-0.04,,-7.400e-08,0
-1.2720e-06,-22,-0.96,40,-0.04,,-7.200e-08,0
-1.2716e-06,-26,-0.48,-40,-0.04,,-7.000e-08,0
-1.2712e-06,-18,0.16,120,0,,-6.800e-08,0
-1.2708e-06,-18,0.72,120,0,,-6.600e-08,0
-1.2704e-06,-18,0.88,-40,-0.04,,-6.400e-08,0
-1.2700e-06,-14,0.72,-40,0,,-6.200e-08,0
-1.2696e-06,2,0.72,-40,-0.04,,-6.000e-08,0
-1.2692e-06,14,0.8,-40,-0.04,,-5.800e-08,0
-1.2688e-06,6,0.8,40,0,,-5.600e-08,0
-1.2684e-06,-22,0.56,120,0,,-5.400e-08,0
-1.2680e-06,-54,0.4,120,0,,-5.200e-08,0
-1.2676e-06,-74,0.24,40,0,,-5.000e-08,0
-1.2672e-06,-46,0.24,-40,0,,-4.800e-08,0
-1.2668e-06,62,8.88178e-16,40,0,,-4.600e-08,0
-1.2664e-06,222,-0.4,-40,-0.04,,-4.400e-08,0
-1.2660e-06,342,-0.32,-40,0,,-4.200e-08,0
-1.2656e-06,382,-0.08,-40,-0.04,,-4.000e-08,0
-1.2652e-06,354,0.96,-40,0,,-3.800e-08,0
-1.2648e-06,274,2,-40,0,,-3.600e-08,0
-1.2644e-06,174,2,-40,0,,-3.400e-08,0
-1.2640e-06,82,1.04,40,0.04,,-3.200e-08,0
-1.2636e-06,2,-0.16,40,0,,-3.000e-08,0
-1.2632e-06,-22,-0.56,40,-0.04,,-2.800e-08,0
-1.2628e-06,22,0.08,-40,0,,-2.600e-08,0
-1.2624e-06,118,0.88,40,-0.04,,-2.400e-08,0
-1.2620e-06,214,1.28,40,0,,-2.200e-08,0
-1.2616e-06,262,0.96,120,0,,-2.000e-08,0
-1.2612e-06,254,0.16,40,-0.04,,-1.800e-08,0
-1.2608e-06,218,-0.56,-40,-0.04,,-1.600e-08,0
-1.2604e-06,174,-0.56,-40,0,,-1.400e-08,0
-1.2600e-06,130,0.08,-40,-0.04,,-1.200e-08,0
-1.2596e-06,110,0.96,-40,-0.04,,-1.000e-08,0
-1.2592e-06,130,2,-40,0,,-8.000e-09,0
-1.2588e-06,206,2.4,120,0,,-6.000e-09,0
-1.2584e-06,238,2,120,-0.04,,-4.000e-09,0
-1.2580e-06,214,0.72,120,0,,-2.000e-09,0
-1.2576e-06,242,-0.56,40,0,,-0.000e+00,0
-1.2572e-06,262,-1.04,-40,0,,2.000e-09,0
-1.2568e-06,222,-0.16,-40,-0.04,,4.000e-09,0
-1.2564e-06,170,0.72,40,-0.04,,6.000e-09,0
-1.2560e-06,122,0.88,-40,0,,8.000e-09,0
-1.2556e-06,94,0.4,120,-0.04,,1.000e-08,0
-1.2552e-06,106,-0.48,120,0,,1.200e-08,0
-1.2548e-06,102,-0.8,120,0,,1.400e-08,0
-1.2544e-06,78,-0.16,120,-0.04,,1.600e-08,0
-1.2540e-06,58,0.88,40,0,,1.800e-08,0
-1.2536e-06,62,2.08,40,0,,2.000e-08,0
-1.2532e-06,114,2.72,40,0,,2.200e-08,0
-1.2528e-06,158,2.24,-40,-0.04,,2.400e-08,0
-1.2524e-06,162,1.12,-40,0,,2.600e-08,0
-1.2520e-06,150,-0.48,40,0,,2.800e-08,0
-1.2516e-06,102,-1.6,-40,-0.04,,3.000e-08,0
-1.2512e-06,58,-1.44,40,-0.04,,3.200e-08,0
-1.2508e-06,26,-0.48,40,-0.04,,3.400e-08,0
-1.2504e-06,-2,0.4,40,0,,3.600e-08,0
-1.2500e-06,-42,0.56,40,0,,3.800e-08,0
-1.2496e-06,-78,0.08,-40,0,,4.000e-08,0
-1.2492e-06,-106,-0.56,40,0,,4.200e-08,0
-1.2488e-06,-82,-0.24,40,0,,4.400e-08,0
-1.2484e-06,-26,0.4,-40,0,,4.600e-08,0
-1.2480e-06,2,1.36,-40,0,,4.800e-08,0
-1.2476e-06,10,1.68,40,-0.04,,5.000e-08,0
-1.2472e-06,-6,1.12,40,0,,5.200e-08,0
-1.2468e-06,2,0.48,40,0,,5.400e-08,0
-1.2464e-06,86,-0.08,40,-0.04,,5.600e-08,0
-1.2460e-06,138,-0.16,-40,-0.04,,5.800e-08,0
-1.2456e-06,110,8.88178e-16,-40,-0.08,,6.000e-08,0
-1.2452e-06,70,-0.08,-40,-0.08,,6.200e-08,0
-1.2448e-06,14,-0.4,40,-0.04,,6.400e-08,0
-1.2444e-06,2,-0.72,120,0,,6.600e-08,0
-1.2440e-06,14,-0.88,120,0,,6.800e-08,0
-1.2436e-06,-34,-0.56,120,-0.04,,7.000e-08,0
-1.2432e-06,-82,0.16,-40,0,,7.200e-08,0
-1.2428e-06,-114,0.88,40,0.04,,7.400e-08,0
-1.2424e-06,-134,1.44,-40,0,,7.600e-08,0
-1.2420e-06,-94,1.52,-40,-0.08,,7.800e-08,0
-1.2416e-06,-30,1.04,-40,-0.04,,8.000e-08,0
-1.2412e-06,-46,8.88178e-16,40,-0.04,,8.200e-08,0
-1.2408e-06,-58,-0.64,40,0.04,,8.400e-08,0
-1.2404e-06,-46,-0.72,120,0,,8.600e-08,0
-1.2400e-06,-26,0.08,120,-0.04,,8.800e-08,0
-1.2396e-06,-26,0.72,-40,0,,9.000e-08,0
-1.2392e-06,-46,0.8,-120,0,,9.200e-08,0
-1.2388e-06,-78,0.4,40,0,,9.400e-08,0
-1.2384e-06,-110,-0.24,40,0,,9.600e-08,0
-1.2380e-06,-122,-0.24,40,-0.04,,9.800e-08,0
-1.2376e-06,-114,8.88178e-16,40,0,,1.000e-07,0
-1.2372e-06,-122,0.64,40,0,,1.020e-07,0
-1.2368e-06,-162,1.2,-40,-0.04,,1.040e-07,0
-1.2364e-06,-150,1.12,40,-0.04,,1.060e-07,0
-1.2360e-06,-122,1.04,40,-0.04,,1.080e-07,0
-1.2356e-06,-106,0.64,120,-0.04,,1.100e-07,0
-1.2352e-06,-102,0.32,40,-0.04,,1.120e-07,0
-1.2348e-06,-114,8.88178e-16,40,-0.08,,1.140e-07,0
-1.2344e-06,-114,0.24,-120,-0.04,,1.160e-07,0
-1.2340e-06,-94,0.8,-40,0,,1.180e-07,0
-1.2336e-06,-58,1.28,40,0,,1.200e-07,0
-1.2332e-06,-30,1.04,-40,-0.08,,1.220e-07,0
-1.2328e-06,-42,0.4,40,-0.08,,1.240e-07,0
-1.2324e-06,-62,0.08,120,-0.08,,1.260e-07,0
-1.2320e-06,-82,8.88178e-16,40,-0.08,,1.280e-07,0
-1.2316e-06,-90,0.64,-40,-0.08,,1.300e-07,0
-1.2312e-06,-114,1.28,-40,0,,1.320e-07,0
-1.2308e-06,-122,1.28,-40,-0.04,,1.340e-07,0
-1.2304e-06,-122,0.88,-40,0,,1.360e-07,0
-1.2300e-06,-114,0.4,-40,0,,1.380e-07,0
-1.2296e-06,-114,0.16,-40,-0.04,,1.400e-07,0
-1.2292e-06,-102,0.08,40,-0.04,,1.420e-07,0
-1.2288e-06,-94,0.4,-40,-0.08,,1.440e-07,0
-1.2284e-06,-70,0.88,-40,0,,1.460e-07,0
-1.2280e-06,-18,1.28,-40,0,,1.480e-07,0
-1.2276e-06,2,1.44,-40,0,,1.500e-07,0
-1.2272e-06,6,1.12,40,0.04,,1.520e-07,0
-1.2268e-06,10,0.4,120,0,,1.540e-07,0
-1.2264e-06,-2,-0.4,40,-0.04,,1.560e-07,0
-1.2260e-06,-26,-0.56,40,-0.04,,1.580e-07,0
-1.2256e-06,-30,0.08,-40,-0.04,,1.600e-07,0
-1.2252e-06,-46,0.88,40,-0.04,,1.620e-07,0
-1.2248e-06,-62,1.52,-40,0,,1.640e-07,0
-1.2244e-06,-66,1.76,-40,0,,1.660e-07,0
-1.2240e-06,-54,1.36,-40,-0.04,,1.680e-07,0
-1.2236e-06,-30,0.64,40,-0.04,,1.700e-07,0
-1.2232e-06,-22,-0.16,-40,0,,1.720e-07,0
-1.2228e-06,-18,-0.4,40,-0.04,,1.740e-07,0
-1.2224e-06,-14,-0.24,40,-0.04,,1.760e-07,0
-1.2220e-06,-30,0.32,40,0,,1.780e-07,0
-1.2216e-06,-38,0.8,-40,0,,1.800e-07,0
-1.2212e-06,-34,0.88,40,-0.04,,1.820e-07,0
-1.2208e-06,-30,0.64,40,-0.04,,1.840e-07,0
-1.2204e-06,-10,0.4,40,-0.04,,1.860e-07,0
-1.2200e-06,-18,0.16,120,-0.04,,1.880e-07,0
-1.2196e-06,-46,-0.24,40,0,,1.900e-07,0
-1.2192e-06,-58,-0.4,-40,0,,1.920e-07,0
-1.2188e-06,-70,-0.08,-40,0,,1.940e-07,0
-1.2184e-06,-66,0.56,-40,-0.04,,1.960e-07,0
-1.2180e-06,-62,1.04,40,0.04,,1.980e-07,0
-1.2176e-06,-58,1.12,40,0.04,,2.000e-07,0
-1.2172e-06,-50,0.96,40,0.04,,2.020e-07,0
-1.2168e-06,-26,0.64,120,-0.04,,2.040e-07,0
-1.2164e-06,-18,0.48,120,-0.08,,2.060e-07,0
-1.2160e-06,-26,0.56,40,-0.08,,2.080e-07,0
-1.2156e-06,-46,0.64,40,-0.04,,2.100e-07,0
-1.2152e-06,-70,0.4,-40,-0.08,,2.120e-07,0
-1.2148e-06,-86,0.08,40,-0.08,,2.140e-07,0
-1.2144e-06,-102,0.08,40,0,,2.160e-07,0
-1.2140e-06,-122,8.88178e-16,120,0,,2.180e-07,0
-1.2136e-06,-130,0.08,40,0,,2.200e-07,0
-1.2132e-06,-134,0.48,-40,-0.08,,2.220e-07,0
-1.2128e-06,-126,0.72,-40,0,,2.240e-07,0
-1.2124e-06,-94,1.2,-40,-0.04,,2.260e-07,0
-1.2120e-06,-82,1.2,-40,-0.04,,2.280e-07,0
-1.2116e-06,-82,0.88,-40,-0.04,,2.300e-07,0
-1.2112e-06,-102,0.64,40,0,,2.320e-07,0
-1.2108e-06,-102,0.56,40,-0.04,,2.340e-07,0
-1.2104e-06,-98,0.64,-40,-0.04,,2.360e-07,0
-1.2100e-06,-106,0.96,-40,0,,2.380e-07,0
-1.2096e-06,-122,1.12,40,0,,2.400e-07,0
-1.2092e-06,-126,1.2,40,-0.04,,2.420e-07,0
-1.2088e-06,-110,1.2,40,-0.08,,2.440e-07,0
-1.2084e-06,-94,1.12,40,-0.04,,2.460e-07,0
-1.2080e-06,-74,0.8,40,-0.04,,2.480e-07,0
-1.2076e-06,-66,0.48,40,-0.04,,2.500e-07,0
-1.2072e-06,-50,0.4,40,-0.04,,2.520e-07,0
-1.2068e-06,-30,0.4,40,-0.08,,2.540e-07,0
-1.2064e-06,-18,0.72,-40,0,,2.560e-07,0
-1.2060e-06,-18,1.36,40,0,,2.580e-07,0
-1.2056e-06,-10,1.84,40,-0.04,,2.600e-07,0
-1.2052e-06,-2,1.92,-40,-0.04,,2.620e-07,0
-1.2048e-06,2,1.68,40,-0.04,,2.640e-07,0
-1.2044e-06,22,1.28,40,-0.04,,2.660e-07,0
-1.2040e-06,30,0.64,40,0.04,,2.680e-07,0
-1.2036e-06,26,0.32,40,-0.04,,2.700e-07,0
-1.2032e-06,22,0.48,-40,0,,2.720e-07,0
-1.2028e-06,22,0.96,-40,0,,2.740e-07,0
-1.2024e-06,26,1.28,-40,-0.04,,2.760e-07,0
-1.2020e-06,42,1.44,40,0,,2.780e-07,0
-1.2016e-06,66,1.44,40,-0.04,,2.800e-07,0
-1.2012e-06,82,1.44,40,-0.04,,2.820e-07,0
-1.2008e-06,94,1.36,40,-0.04,,2.840e-07,0
-1.2004e-06,102,1.44,120,0,,2.860e-07,0
-1.2000e-06,106,1.52,-40,0.04,,2.880e-07,0
-1.1996e-06,114,1.76,40,-0.04,,2.900e-07,0
-1.1992e-06,122,1.84,-40,0.04,,2.920e-07,0
-1.1988e-06,138,1.6,-40,0,,2.940e-07,0
-1.1984e-06,158,1.28,-40,0,,2.960e-07,0
-1.1980e-06,154,0.88,40,0,,2.980e-07,0
-1.1976e-06,166,0.56,40,0,,3.000e-07,0
-1.1972e-06,170,0.48,40,-0.04,,3.020e-07,0
-1.1968e-06,146,0.72,40,-0.04,,3.040e-07,0
-1.1964e-06,126,1.12,40,-0.08,,3.060e-07,0
-1.1960e-06,118,1.68,40,0.04,,3.080e-07,0
-1.1956e-06,130,1.84,40,-0.04,,3.100e-07,0
-1.1952e-06,150,1.76,-40,-0.04,,3.120e-07,0
-1.1948e-06,162,1.6,120,-0.04,,3.140e-07,0
-1.1944e-06,186,1.44,120,0,,3.160e-07,0
-1.1940e-06,210,1.28,40,0.04,,3.180e-07,0
-1.1936e-06,218,1.36,40,0.04,,3.200e-07,0
-1.1932e-06,230,1.36,-40,0.04,,3.220e-07,0
-1.1928e-06,234,1.36,-40,0,,3.240e-07,0
-1.1924e-06,226,0.88,40,-0.04,,3.260e-07,0
-1.1920e-06,222,0.32,120,0.04,,3.280e-07,0
-1.1916e-06,210,-0.16,40,0,,3.300e-07,0
-1.1912e-06,202,-0.32,-40,-0.08,,3.320e-07,0
-1.1908e-06,202,-0.08,40,0,,3.340e-07,0
-1.1904e-06,190,0.4,-40,-0.04,,3.360e-07,0
-1.1900e-06,182,0.96,40,-0.04,,3.380e-07,0
-1.1896e-06,190,1.52,40,-0.04,,3.400e-07,0
-1.1892e-06,190,1.84,40,-0.04,,3.420e-07,0
-1.1888e-06,194,1.84,-40,0,,3.440e-07,0
-1.1884e-06,198,1.76,40,-0.04,,3.460e-07,0
-1.1880e-06,190,1.6,-40,-0.04,,3.480e-07,0
-1.1876e-06,198,1.36,40,0,,3.500e-07,0
-1.1872e-06,194,0.88,-40,0.04,,3.520e-07,0
-1.1868e-06,186,0.48,-40,0.04,,3.540e-07,0
-1.1864e-06,170,0.16,40,0.04,,3.560e-07,0
-1.1860e-06,158,0.16,-40,0,,3.580e-07,0
-1.1856e-06,154,0.4,120,0,,3.600e-07,0
-1.1852e-06,146,0.56,-40,-0.04,,3.620e-07,0
-1.1848e-06,126,0.88,-40,-0.04,,3.640e-07,0
-1.1844e-06,114,0.96,-40,-0.04,,3.660e-07,0
-1.1840e-06,98,1.12,40,0.04,,3.680e-07,0
-1.1836e-06,86,1.12,-40,0,,3.700e-07,0
-1.1832e-06,62,1.2,-40,-0.04,,3.720e-07,0
-1.1828e-06,38,1.28,40,0,,3.740e-07,0
-1.1824e-06,26,1.28,40,0,,3.760e-07,0
-1.1820e-06,18,1.28,40,0,,3.780e-07,0
-1.1816e-06,18,1.28,-40,0,,3.800e-07,0
-1.1812e-06,26,1.12,40,0,,3.820e-07,0
-1.1808e-06,26,0.64,-40,0,,3.840e-07,0
-1.1804e-06,22,0.32,40,0,,3.860e-07,0
-1.1800e-06,10,0.16,40,-0.04,,3.880e-07,0
-1.1796e-06,2,0.24,40,0,,3.900e-07,0
-1.1792e-06,-14,0.88,-40,-0.04,,3.920e-07,0
-1.1788e-06,-34,1.44,40,-0.04,,3.940e-07,0
-1.1784e-06,-50,1.92,40,-0.08,,3.960e-07,0
-1.1780e-06,-62,2.16,40,-0.04,,3.980e-07,0
-1.1776e-06,-58,2.16,40,0,,4.000e-07,0
-1.1772e-06,-62,1.92,120,-0.04,,4.020e-07,0
-1.1768e-06,-70,1.84,40,0,,4.040e-07,0
-1.1764e-06,-86,1.76,40,0.08,,4.060e-07,0
-1.1760e-06,-90,1.68,-40,0,,4.080e-07,0
-1.1756e-06,-82,1.44,-40,0,,4.100e-07,0
-1.1752e-06,-74,1.12,40,0.04,,4.120e-07,0
-1.1748e-06,-82,0.8,-40,-0.04,,4.140e-07,0
-1.1744e-06,-78,0.56,40,-0.08,,4.160e-07,0
-1.1740e-06,-86,0.56,-40,0,,4.180e-07,0
-1.1736e-06,-90,0.72,40,0.04,,4.200e-07,0
-1.1732e-06,-98,1.04,40,0.04,,4.220e-07,0
-1.1728e-06,-102,1.28,40,0,,4.240e-07,0
-1.1724e-06,-106,1.6,40,0,,4.260e-07,0
-1.1720e-06,-98,2,40,-0.04,,4.280e-07,0
-1.1716e-06,-94,2.4,40,-0.04,,4.300e-07,0
-1.1712e-06,-94,2.72,40,-0.04,,4.320e-07,0
-1.1708e-06,-110,2.64,40,0,,4.340e-07,0
-1.1704e-06,-118,2.24,40,-0.04,,4.360e-07,0
-1.1700e-06,-118,1.84,-40,0,,4.380e-07,0
-1.1696e-06,-126,1.36,40,0,,4.400e-07,0
-1.1692e-06,-122,1.04,-40,-0.04,,4.420e-07,0
-1.1688e-06,-118,0.88,40,-0.04,,4.440e-07,0
-1.1684e-06,-126,0.96,120,0.04,,4.460e-07,0
-1.1680e-06,-122,1.12,-40,0,,4.480e-07,0
-1.1676e-06,-122,1.12,40,0,,4.500e-07,0
-1.1672e-06,-126,1.12,40,0,,4.520e-07,0
-1.1668e-06,-122,0.96,40,0,,4.540e-07,0
-1.1664e-06,-126,0.96,-40,0,,4.560e-07,0
-1.1660e-06,-122,1.2,40,0,,4.580e-07,0
-1.1656e-06,-122,1.44,40,0,,4.600e-07,0
-1.1652e-06,-126,1.76,40,0,,4.620e-07,0
-1.1648e-06,-134,1.84,40,-0.04,,4.640e-07,0
-1.1644e-06,-134,1.92,40,0,,4.660e-07,0
-1.1640e-06,-126,1.76,40,-0.04,,4.680e-07,0
-1.1636e-06,-114,1.52,40,0,,4.700e-07,0
-1.1632e-06,-106,1.36,40,0,,4.720e-07,0
-1.1628e-06,-90,1.2,40,0,,4.740e-07,0
-1.1624e-06,-66,1.04,120,0.04,,4.760e-07,0
-1.1620e-06,-54,0.88,120,-0.04,,4.780e-07,0
-1.1616e-06,-38,0.64,40,-0.08,,4.800e-07,0
-1.1612e-06,-34,0.48,40,-0.04,,4.820e-07,0
-1.1608e-06,-30,0.32,40,-0.04,,4.840e-07,0
-1.1604e-06,-34,0.56,40,-0.04,,4.860e-07,0
-1.1600e-06,-38,1.04,-40,-0.04,,4.880e-07,0
-1.1596e-06,-38,1.68,40,-0.08,,4.900e-07,0
-1.1592e-06,-30,2.08,40,0,,4.920e-07,0
-1.1588e-06,-14,2.24,-40,0.04,,4.940e-07,0
-1.1584e-06,2,1.92,120,0.04,,4.960e-07,0
-1.1580e-06,10,1.6,40,0,,4.980e-07,0
-1.1576e-06,14,1.2,40,0,,5.000e-07,0
-1.1572e-06,30,0.88,40,-0.04,,5.020e-07,0
-1.1568e-06,38,0.96,40,0,,5.040e-07,0
-1.1564e-06,46,0.96,40,0,,5.060e-07,0
-1.1560e-06,50,1.2,40,0,,5.080e-07,0
-1.1556e-06,46,1.04,40,-0.04,,5.100e-07,0
-1.1552e-06,42,0.96,40,-0.04,,5.120e-07,0
-1.1548e-06,34,0.88,40,-0.04,,5.140e-07,0
-1.1544e-06,46,0.96,40,-0.04,,5.160e-07,0
-1.1540e-06,66,1.28,40,-0.04,,5.180e-07,0
-1.1536e-06,82,1.84,40,0,,5.200e-07,0
-1.1532e-06,86,2.16,40,0.04,,5.220e-07,0
-1.1528e-06,94,2.32,40,-0.04,,5.240e-07,0
-1.1524e-06,102,2.48,40,-0.04,,5.260e-07,0
-1.1520e-06,94,2.16,40,0.04,,5.280e-07,0
-1.1516e-06,82,1.68,-40,0.04,,5.300e-07,0
-1.1512e-06,62,1.2,-40,0.08,,5.320e-07,0
-1.1508e-06,54,0.96,-40,0,,5.340e-07,0
-1.1504e-06,54,0.96,120,0,,5.360e-07,0
-1.1500e-06,70,0.96,-40,0,,5.380e-07,0
-1.1496e-06,86,1.12,-40,0,,5.400e-07,0
-1.1492e-06,102,1.12,-40,-0.04,,5.420e-07,0
-1.1488e-06,102,1.28,40,0,,5.440e-07,0
-1.1484e-06,98,1.6,-40,-0.04,,5.460e-07,0
-1.1480e-06,98,1.92,40,-0.04,,5.480e-07,0
-1.1476e-06,102,2.08,40,0,,5.500e-07,0
-1.1472e-06,102,2.32,40,0,,5.520e-07,0
-1.1468e-06,106,2.4,-40,0.04,,5.540e-07,0
-1.1464e-06,110,2.4,40,0,,5.560e-07,0
-1.1460e-06,110,2.16,120,0,,5.580e-07,0
-1.1456e-06,110,2,-40,-0.04,,5.600e-07,0
-1.1452e-06,122,1.76,-40,0,,5.620e-07,0
-1.1448e-06,130,1.68,40,-0.08,,5.640e-07,0
-1.1444e-06,142,1.68,40,0,,5.660e-07,0
-1.1440e-06,146,1.52,40,-0.04,,5.680e-07,0
-1.1436e-06,154,1.44,200,-0.04,,5.700e-07,0
-1.1432e-06,158,1.52,40,0,,5.720e-07,0
-1.1428e-06,170,1.68,40,0,,5.740e-07,0
-1.1424e-06,178,1.6,120,0,,5.760e-07,0
-1.1420e-06,178,1.6,120,0,,5.780e-07,0
-1.1416e-06,182,1.84,-40,0,,5.800e-07,0
-1.1412e-06,182,2,40,-0.08,,5.820e-07,0
-1.1408e-06,186,2.32,40,0,,5.840e-07,0
-1.1404e-06,190,2.24,40,0,,5.860e-07,0
-1.1400e-06,198,2,-40,0,,5.880e-07,0
-1.1396e-06,190,1.84,40,0,,5.900e-07,0
-1.1392e-06,182,1.84,40,0,,5.920e-07,0
-1.1388e-06,170,1.84,120,0,,5.940e-07,0
-1.1384e-06,158,1.76,120,-0.04,,5.960e-07,0
-1.1380e-06,158,1.84,40,0,,5.980e-07,0
-1.1376e-06,150,1.76,40,-0.04,,6.000e-07,0
-1.1372e-06,150,1.76,40,-0.04,,6.020e-07,0
-1.1368e-06,154,1.76,40,-0.04,,6.040e-07,0
-1.1364e-06,146,1.76,40,-0.04,,6.060e-07,0
-1.1360e-06,138,1.84,-40,-0.04,,6.080e-07,0
-1.1356e-06,142,1.92,40,-0.04,,6.100e-07,0
-1.1352e-06,146,2.08,40,-0.04,,6.120e-07,0
-1.1348e-06,154,2.16,40,-0.04,,6.140e-07,0
-1.1344e-06,142,2.08,-40,0,,6.160e-07,0
-1.1340e-06,122,2.08,-40,0.04,,6.180e-07,0
-1.1336e-06,106,1.92,-40,0,,6.200e-07,0
-1.1332e-06,94,1.84,40,-0.04,,6.220e-07,0
-1.1328e-06,90,1.76,40,-0.04,,6.240e-07,0
-1.1324e-06,94,1.6,40,0,,6.260e-07,0
-1.1320e-06,82,1.36,-40,0,,6.280e-07,0
-1.1316e-06,82,1.28,40,0,,6.300e-07,0
-1.1312e-06,82,1.36,-40,-0.04,,6.320e-07,0
-1.1308e-06,78,1.52,40,-0.04,,6.340e-07,0
-1.1304e-06,74,1.68,40,-0.04,,6.360e-07,0
-1.1300e-06,70,1.68,-40,-0.04,,6.380e-07,0
-1.1296e-06,70,1.68,40,-0.04,,6.400e-07,0
-1.1292e-06,70,1.68,40,0,,6.420e-07,0
-1.1288e-06,66,1.76,40,0,,6.440e-07,0
-1.1284e-06,78,1.76,40,0,,6.460e-07,0
-1.1280e-06,78,1.92,-40,-0.04,,6.480e-07,0
-1.1276e-06,82,2,40,-0.04,,6.500e-07,0
-1.1272e-06,82,2,40,-0.04,,6.520e-07,0
-1.1268e-06,86,2,40,-0.08,,6.540e-07,0
-1.1264e-06,82,1.68,-40,-0.04,,6.560e-07,0
-1.1260e-06,82,1.36,120,-0.04,,6.580e-07,0
-1.1256e-06,82,1.12,120,-0.04,,6.600e-07,0
-1.1252e-06,86,1.04,40,-0.08,,6.620e-07,0
-1.1248e-06,78,1.2,40,-0.04,,6.640e-07,0
-1.1244e-06,74,1.44,40,-0.04,,6.660e-07,0
-1.1240e-06,74,1.84,120,-0.04,,6.680e-07,0
-1.1236e-06,74,2.16,40,-0.04,,6.700e-07,0
-1.1232e-06,74,2.4,40,0,,6.720e-07,0
-1.1228e-06,82,2.4,40,-0.04,,6.740e-07,0
-1.1224e-06,82,2.32,40,0,,6.760e-07,0
-1.1220e-06,90,2.32,40,0,,6.780e-07,0
-1.1216e-06,90,2.16,40,0,,6.800e-07,0
-1.1212e-06,98,2,40,0,,6.820e-07,0
-1.1208e-06,98,1.92,40,0,,6.840e-07,0
-1.1204e-06,98,1.76,40,-0.04,,6.860e-07,0
-1.1200e-06,94,1.6,120,0.04,,6.880e-07,0
-1.1196e-06,94,1.52,40,0.04,,6.900e-07,0
-1.1192e-06,82,1.36,40,0,,6.920e-07,0
-1.1188e-06,74,1.28,120,0,,6.940e-07,0
-1.1184e-06,70,1.44,40,-0.04,,6.960e-07,0
-1.1180e-06,66,1.76,-120,-0.04,,6.980e-07,0
-1.1176e-06,66,2.16,120,0,,7.000e-07,0
-1.1172e-06,66,2.4,40,-0.04,,7.020e-07,0
-1.1168e-06,70,2.56,-40,0,,7.040e-07,0
-1.1164e-06,78,2.56,40,-0.04,,7.060e-07,0
-1.1160e-06,78,2.4,120,-0.04,,7.080e-07,0
-1.1156e-06,82,2.24,40,-0.08,,7.100e-07,0
-1.1152e-06,78,2,-40,-0.04,,7.120e-07,0
-1.1148e-06,70,1.84,120,0,,7.140e-07,0
-1.1144e-06,70,1.76,40,0.04,,7.160e-07,0
-1.1140e-06,70,1.68,120,0.04,,7.180e-07,0
-1.1136e-06,66,1.6,40,-0.04,,7.200e-07,0
-1.1132e-06,70,1.52,-40,0,,7.220e-07,0
-1.1128e-06,70,1.68,-40,-0.04,,7.240e-07,0
-1.1124e-06,66,1.76,40,-0.04,,7.260e-07,0
-1.1120e-06,66,1.92,40,0,,7.280e-07,0
-1.1116e-06,58,2.32,40,-0.04,,7.300e-07,0
-1.1112e-06,62,2.4,40,-0.08,,7.320e-07,0
-1.1108e-06,62,2.48,40,0,,7.340e-07,0
-1.1104e-06,66,2.4,40,0,,7.360e-07,0
-1.1100e-06,66,2.16,-40,-0.04,,7.380e-07,0
-1.1096e-06,62,1.92,-40,0,,7.400e-07,0
-1.1092e-06,70,1.68,-40,-0.04,,7.420e-07,0
-1.1088e-06,70,1.44,40,-0.04,,7.440e-07,0
-1.1084e-06,78,1.28,120,0,,7.460e-07,0
-1.1080e-06,78,1.2,120,0,,7.480e-07,0
-1.1076e-06,82,1.36,40,-0.04,,7.500e-07,0
-1.1072e-06,86,1.44,120,-0.04,,7.520e-07,0
-1.1068e-06,90,1.6,40,0.04,,7.540e-07,0
-1.1064e-06,90,1.6,40,0,,7.560e-07,0
-1.1060e-06,90,1.92,40,-0.04,,7.580e-07,0
-1.1056e-06,94,1.92,40,-0.04,,7.600e-07,0
-1.1052e-06,90,2.08,40,0,,7.620e-07,0
-1.1048e-06,90,2.08,40,0,,7.640e-07,0
-1.1044e-06,86,2.16,40,-0.04,,7.660e-07,0
-1.1040e-06,94,2.16,120,0,,7.680e-07,0
-1.1036e-06,102,2.08,40,-0.04,,7.700e-07,0
-1.1032e-06,102,2,40,-0.04,,7.720e-07,0
-1.1028e-06,94,1.84,40,0,,7.740e-07,0
-1.1024e-06,90,1.68,40,-0.04,,7.760e-07,0
-1.1020e-06,86,1.6,-40,-0.04,,7.780e-07,0
-1.1016e-06,78,1.6,40,0,,7.800e-07,0
-1.1012e-06,82,1.6,40,-0.04,,7.820e-07,0
-1.1008e-06,74,1.6,40,-0.04,,7.840e-07,0
-1.1004e-06,70,1.68,-40,0,,7.860e-07,0
-1.1000e-06,74,1.92,-40,0,,7.880e-07,0
-1.0996e-06,74,2.16,-40,0,,7.900e-07,0
-1.0992e-06,70,2.24,-40,0,,7.920e-07,0
-1.0988e-06,66,2.32,40,0,,7.940e-07,0
-1.0984e-06,66,2.32,40,-0.04,,7.960e-07,0
-1.0980e-06,58,2.24,40,0,,7.980e-07,0
-1.0976e-06,58,2.16,-40,-0.04,,8.000e-07,0
-1.0972e-06,62,2.24,40,-0.08,,8.020e-07,0
-1.0968e-06,62,2.32,40,-0.08,,8.040e-07,0
-1.0964e-06,70,2.24,-40,-0.04,,8.060e-07,0
-1.0960e-06,78,2.24,40,-0.04,,8.080e-07,0
-1.0956e-06,82,2.08,120,-0.08,,8.100e-07,0
-1.0952e-06,86,1.92,40,-0.04,,8.120e-07,0
-1.0948e-06,86,1.92,-40,-0.04,,8.140e-07,0
-1.0944e-06,98,1.92,-40,-0.04,,8.160e-07,0
-1.0940e-06,106,2.16,40,-0.04,,8.180e-07,0
-1.0936e-06,110,2.24,-40,0,,8.200e-07,0
-1.0932e-06,106,2.48,40,-0.04,,8.220e-07,0
-1.0928e-06,110,2.64,-40,0,,8.240e-07,0
-1.0924e-06,114,2.64,40,0,,8.260e-07,0
-1.0920e-06,122,2.48,40,0,,8.280e-07,0
-1.0916e-06,126,2.48,-40,0,,8.300e-07,0
-1.0912e-06,126,2.4,40,-0.04,,8.320e-07,0
-1.0908e-06,130,2.4,40,-0.04,,8.340e-07,0
-1.0904e-06,134,2.4,40,0,,8.360e-07,0
-1.0900e-06,142,2.48,40,0,,8.380e-07,0
-1.0896e-06,138,2.4,40,-0.04,,8.400e-07,0
-1.0892e-06,142,2.56,-40,-0.04,,8.420e-07,0
-1.0888e-06,142,2.48,40,-0.04,,8.440e-07,0
-1.0884e-06,146,2.32,40,0,,8.460e-07,0
-1.0880e-06,150,2.24,40,0,,8.480e-07,0
-1.0876e-06,150,2.4,40,-0.04,,8.500e-07,0
-1.0872e-06,150,2.48,40,0,,8.520e-07,0
-1.0868e-06,150,2.48,120,-0.04,,8.540e-07,0
-1.0864e-06,154,2.56,40,-0.04,,8.560e-07,0
-1.0860e-06,154,2.64,40,0,,8.580e-07,0
-1.0856e-06,150,2.48,40,0,,8.600e-07,0
-1.0852e-06,146,2.48,120,-0.04,,8.620e-07,0
-1.0848e-06,146,2.4,40,-0.04,,8.640e-07,0
-1.0844e-06,150,2.32,40,0,,8.660e-07,0
-1.0840e-06,146,2.32,120,-0.04,,8.680e-07,0
-1.0836e-06,142,2.4,40,0,,8.700e-07,0
-1.0832e-06,142,2.4,-40,0.08,,8.720e-07,0
-1.0828e-06,142,2.24,-40,0,,8.740e-07,0
-1.0824e-06,146,2.32,-40,0,,8.760e-07,0
-1.0820e-06,142,2.32,-40,0,,8.780e-07,0
-1.0816e-06,138,2.24,40,0.04,,8.800e-07,0
-1.0812e-06,134,2.24,-40,-0.08,,8.820e-07,0
-1.0808e-06,130,2.48,40,-0.08,,8.840e-07,0
-1.0804e-06,130,2.72,40,0,,8.860e-07,0
-1.0800e-06,122,2.72,120,-0.04,,8.880e-07,0
-1.0796e-06,110,2.72,-40,-0.04,,8.900e-07,0
-1.0792e-06,102,2.72,-40,-0.04,,8.920e-07,0
-1.0788e-06,98,2.48,120,0.04,,8.940e-07,0
-1.0784e-06,98,2.4,-40,0,,8.960e-07,0
-1.0780e-06,98,2.24,40,0,,8.980e-07,0
-1.0776e-06,94,2.24,-40,0.04,,9.000e-07,0
-1.0772e-06,94,2.08,-40,0.04,,9.020e-07,0
-1.0768e-06,90,2,40,0.04,,9.040e-07,0
-1.0764e-06,90,2.08,40,0,,9.060e-07,0
-1.0760e-06,86,2.24,40,0,,9.080e-07,0
-1.0756e-06,86,2.32,120,-0.08,,9.100e-07,0
-1.0752e-06,86,2.4,-40,-0.04,,9.120e-07,0
-1.0748e-06,94,2.32,40,-0.04,,9.140e-07,0
-1.0744e-06,94,2.4,40,0,,9.160e-07,0
-1.0740e-06,94,2.32,-40,-0.04,,9.180e-07,0
-1.0736e-06,90,2.32,40,-0.04,,9.200e-07,0
-1.0732e-06,90,2.4,40,-0.04,,9.220e-07,0
-1.0728e-06,90,2.48,120,-0.04,,9.240e-07,0
-1.0724e-06,86,2.4,120,0,,9.260e-07,0
-1.0720e-06,82,2.32,40,0,,9.280e-07,0
-1.0716e-06,82,2.16,-40,0.04,,9.300e-07,0
-1.0712e-06,86,2.08,120,0.04,,9.320e-07,0
-1.0708e-06,90,2,-40,-0.04,,9.340e-07,0
-1.0704e-06,98,2,-40,0,,9.360e-07,0
-1.0700e-06,102,2.24,40,-0.04,,9.380e-07,0
-1.0696e-06,114,2.32,40,0.04,,9.400e-07,0
-1.0692e-06,118,2.4,40,-0.04,,9.420e-07,0
-1.0688e-06,122,2.48,-40,0,,9.440e-07,0
-1.0684e-06,126,2.32,40,-0.04,,9.460e-07,0
-1.0680e-06,122,2.16,120,0,,9.480e-07,0
-1.0676e-06,122,2.08,40,-0.04,,9.500e-07,0
-1.0672e-06,110,1.84,40,0,,9.520e-07,0
-1.0668e-06,102,1.84,40,0,,9.540e-07,0
-1.0664e-06,98,1.92,40,0,,9.560e-07,0
-1.0660e-06,102,2.16,40,0,,9.580e-07,0
-1.0656e-06,106,2.48,40,0.04,,9.600e-07,0
-1.0652e-06,106,2.64,40,0.04,,9.620e-07,0
-1.0648e-06,102,2.8,40,0.04,,9.640e-07,0
-1.0644e-06,106,2.72,120,0,,9.660e-07,0
-1.0640e-06,102,2.88,120,0.04,,9.680e-07,0
-1.0636e-06,102,2.88,40,-0.04,,9.700e-07,0
-1.0632e-06,98,2.88,40,0,,9.720e-07,0
-1.0628e-06,98,2.96,40,0,,9.740e-07,0
-1.0624e-06,94,3.12,120,0,,9.760e-07,0
-1.0620e-06,86,3.12,40,-0.08,,9.780e-07,0
-1.0616e-06,90,2.88,-40,0,,9.800e-07,0
-1.0612e-06,90,2.72,-40,-0.04,,9.820e-07,0
-1.0608e-06,82,2.56,-40,0,,9.840e-07,0
-1.0604e-06,82,2.48,-40,0,,9.860e-07,0
-1.0600e-06,74,2.48,-40,0,,9.880e-07,0
-1.0596e-06,74,2.48,120,0,,9.900e-07,0
-1.0592e-06,70,2.64,40,0.04,,9.920e-07,0
-1.0588e-06,66,2.72,40,0,,9.940e-07,0
-1.0584e-06,66,3.04,40,0,,9.960e-07,0
-1.0580e-06,66,3.04,40,-0.04,,9.980e-07,0
-1.0576e-06,66,3.12,40,-0.04,,1.000e-06,0
-1.0572e-06,66,3.12,40,-0.04,,1.002e-06,0
-1.0568e-06,78,3.12,40,0,,1.004e-06,0
-1.0564e-06,94,3.12,-40,0,,1.006e-06,0
-1.0560e-06,98,3.2,40,-0.04,,1.008e-06,0
-1.0556e-06,102,3.12,40,-0.04,,1.010e-06,0
-1.0552e-06,98,2.88,40,0,,1.012e-06,0
-1.0548e-06,94,2.64,40,0,,1.014e-06,0
-1.0544e-06,82,2.56,-40,0.04,,1.016e-06,0
-1.0540e-06,78,2.48,40,-0.04,,1.018e-06,0
-1.0536e-06,74,2.48,120,0,,1.020e-06,0
-1.0532e-06,74,2.56,40,0.04,,1.022e-06,0
-1.0528e-06,70,2.64,-40,-0.04,,1.024e-06,0
-1.0524e-06,74,2.72,-40,0,,1.026e-06,0
-1.0520e-06,74,2.96,-40,0,,1.028e-06,0
-1.0516e-06,74,3.04,40,0,,1.030e-06,0
-1.0512e-06,82,2.96,40,0,,1.032e-06,0
-1.0508e-06,74,2.8,40,-0.04,,1.034e-06,0
-1.0504e-06,78,2.8,40,-0.04,,1.036e-06,0
-1.0500e-06,78,2.64,40,-0.04,,1.038e-06,0
-1.0496e-06,78,2.64,-40,-0.04,,1.040e-06,0
-1.0492e-06,74,2.64,-40,-0.08,,1.042e-06,0
-1.0488e-06,66,2.72,-40,-0.04,,1.044e-06,0
-1.0484e-06,62,2.8,40,-0.08,,1.046e-06,0
-1.0480e-06,54,2.56,40,-0.04,,1.048e-06,0
-1.0476e-06,58,2.56,120,-0.04,,1.050e-06,0
-1.0472e-06,62,2.48,-40,-0.08,,1.052e-06,0
-1.0468e-06,66,2.64,40,-0.08,,1.054e-06,0
-1.0464e-06,62,2.64,40,0,,1.056e-06,0
-1.0460e-06,54,2.8,40,-0.04,,1.058e-06,0
-1.0456e-06,50,2.8,40,0,,1.060e-06,0
-1.0452e-06,46,2.8,40,0,,1.062e-06,0
-1.0448e-06,46,2.88,-40,0,,1.064e-06,0
-1.0444e-06,46,2.96,40,-0.08,,1.066e-06,0
-1.0440e-06,54,2.8,-40,0,,1.068e-06,0
-1.0436e-06,58,2.72,40,0,,1.070e-06,0
-1.0432e-06,62,2.72,120,0.04,,1.072e-06,0
-1.0428e-06,58,2.8,40,-0.04,,1.074e-06,0
-1.0424e-06,70,2.8,120,0,,1.076e-06,0
-1.0420e-06,78,2.96,-40,-0.08,,1.078e-06,0
-1.0416e-06,86,2.96,-40,-0.04,,1.080e-06,0
-1.0412e-06,94,3.04,40,-0.04,,1.082e-06,0
-1.0408e-06,94,2.88,40,-0.04,,1.084e-06,0
-1.0404e-06,98,2.88,40,-0.04,,1.086e-06,0
-1.0400e-06,106,2.88,40,-0.08,,1.088e-06,0
-1.0396e-06,114,2.88,120,0,,1.090e-06,0
-1.0392e-06,114,3.04,40,0,,1.092e-06,0
-1.0388e-06,114,3.12,40,-0.04,,1.094e-06,0
-1.0384e-06,126,3.28,40,0,,1.096e-06,0
-1.0380e-06,134,3.2,40,-0.04,,1.098e-06,0
-1.0376e-06,150,3.12,40,-0.08,,1.100e-06,0
-1.0372e-06,154,3.04,40,-0.08,,1.102e-06,0
-1.0368e-06,154,3.04,40,-0.08,,1.104e-06,0
-1.0364e-06,158,3.04,40,-0.08,,1.106e-06,0
-1.0360e-06,158,2.88,120,-0.04,,1.108e-06,0
-1.0356e-06,166,3.04,-40,0,,1.110e-06,0
-1.0352e-06,166,3.12,120,-0.04,,1.112e-06,0
-1.0348e-06,178,3.2,40,0,,1.114e-06,0
-1.0344e-06,182,3.12,40,0,,1.116e-06,0
-1.0340e-06,182,3.2,-40,0,,1.118e-06,0
-1.0336e-06,178,3.2,40,0,,1.120e-06,0
-1.0332e-06,170,3.2,40,0,,1.122e-06,0
-1.0328e-06,170,3.2,120,-0.04,,1.124e-06,0
-1.0324e-06,162,3.36,120,0.04,,1.126e-06,0
-1.0320e-06,162,3.44,-40,-0.04,,1.128e-06,0
-1.0316e-06,166,3.44,40,0,,1.130e-06,0
-1.0312e-06,166,3.36,40,0,,1.132e-06,0
-1.0308e-06,162,3.36,120,0,,1.134e-06,0
-1.0304e-06,166,3.28,120,-0.04,,1.136e-06,0
-1.0300e-06,166,3.2,40,-0.04,,1.138e-06,0
-1.0296e-06,158,3.12,40,-0.04,,1.140e-06,0
-1.0292e-06,154,3.12,-40,-0.04,,1.142e-06,0
-1.0288e-06,146,3.2,-40,-0.08,,1.144e-06,0
-1.0284e-06,142,3.28,40,-0.04,,1.146e-06,0
-1.0280e-06,142,3.36,-40,-0.04,,1.148e-06,0
-1.0276e-06,138,3.44,40,0,,1.150e-06,0
-1.0272e-06,134,3.44,40,0,,1.152e-06,0
-1.0268e-06,134,3.36,40,0,,1.154e-06,0
-1.0264e-06,134,3.28,40,-0.04,,1.156e-06,0
-1.0260e-06,130,3.28,40,-0.08,,1.158e-06,0
-1.0256e-06,138,3.2,40,-0.08,,1.160e-06,0
-1.0252e-06,134,3.2,40,-0.04,,1.162e-06,0
-1.0248e-06,134,3.12,40,0,,1.164e-06,0
-1.0244e-06,134,3.28,-40,-0.04,,1.166e-06,0
-1.0240e-06,130,3.36,40,0,,1.168e-06,0
-1.0236e-06,126,3.44,-40,-0.04,,1.170e-06,0
-1.0232e-06,126,3.36,120,-0.04,,1.172e-06,0
-1.0228e-06,126,3.44,40,-0.04,,1.174e-06,0
-1.0224e-06,126,3.44,-40,0,,1.176e-06,0
-1.0220e-06,126,3.44,-40,0,,1.178e-06,0
-1.0216e-06,122,3.44,-40,0,,1.180e-06,0
-1.0212e-06,122,3.44,40,-0.04,,1.182e-06,0
-1.0208e-06,118,3.52,40,-0.04,,1.184e-06,0
-1.0204e-06,118,3.36,40,-0.04,,1.186e-06,0
-1.0200e-06,110,3.36,40,-0.04,,1.188e-06,0
-1.0196e-06,98,3.28,40,0,,1.190e-06,0
-1.0192e-06,94,3.12,120,0.04,,1.192e-06,0
-1.0188e-06,86,3.04,120,0,,1.194e-06,0
-1.0184e-06,78,2.96,-40,-0.04,,1.196e-06,0
-1.0180e-06,74,3.12,-40,-0.04,,1.198e-06,0
-1.0176e-06,66,3.28,40,0.04,,1.200e-06,0
-1.0172e-06,62,3.28,40,0,,1.202e-06,0
-1.0168e-06,54,3.36,-40,-0.08,,1.204e-06,0
-1.0164e-06,62,3.44,40,0,,1.206e-06,0
-1.0160e-06,58,3.36,40,0.04,,1.208e-06,0
-1.0156e-06,50,3.44,40,-0.04,,1.210e-06,0
-1.0152e-06,46,3.44,-40,0,,1.212e-06,0
-1.0148e-06,38,3.36,-120,0,,1.214e-06,0
-1.0144e-06,34,3.52,-40,0.04,,1.216e-06,0
-1.0140e-06,34,3.36,40,0.04,,1.218e-06,0
-1.0136e-06,38,3.2,-40,0.04,,1.220e-06,0
-1.0132e-06,34,3.12,40,0,,1.222e-06,0
-1.0128e-06,38,3.04,120,0,,1.224e-06,0
-1.0124e-06,42,2.8,40,-0.04,,1.226e-06,0
-1.0120e-06,46,2.96,-40,0,,1.228e-06,0
-1.0116e-06,46,2.96,-40,-0.04,,1.230e-06,0
-1.0112e-06,54,3.04,-40,-0.04,,1.232e-06,0
-1.0108e-06,62,3.12,40,0,,1.234e-06,0
-1.0104e-06,74,3.28,40,0.04,,1.236e-06,0
-1.0100e-06,74,3.36,-40,0,,1.238e-06,0
-1.0096e-06,74,3.44,-40,0,,1.240e-06,0
-1.0092e-06,82,3.44,40,0.04,,1.242e-06,0
-1.0088e-06,90,3.44,-40,-0.04,,1.244e-06,0
-1.0084e-06,90,3.52,-40,-0.04,,1.246e-06,0
-1.0080e-06,98,3.44,120,0,,1.248e-06,0
-1.0076e-06,98,3.44,-40,-0.04,,1.250e-06,0
-1.0072e-06,98,3.44,40,0,,1.252e-06,0
-1.0068e-06,102,3.44,40,-0.04,,1.254e-06,0
-1.0064e-06,102,3.6,40,-0.04,,1.256e-06,0
-1.0060e-06,110,3.6,40,0,,1.258e-06,0
-1.0056e-06,110,3.52,40,0,,1.260e-06,0
-1.0052e-06,102,3.44,40,-0.04,,1.262e-06,0
-1.0048e-06,102,3.6,40,0.04,,1.264e-06,0
-1.0044e-06,102,3.68,40,-0.04,,1.266e-06,0
-1.0040e-06,102,3.84,40,0.04,,1.268e-06,0
-1.0036e-06,102,3.84,40,0,,1.270e-06,0
-1.0032e-06,98,3.84,40,0,,1.272e-06,0
-1.0028e-06,98,3.84,-40,-0.04,,1.274e-06,0
-1.0024e-06,98,3.76,-40,0,,1.276e-06,0
-1.0020e-06,90,3.76,40,0.04,,1.278e-06,0
-1.0016e-06,94,3.6,40,0,,1.280e-06,0
-1.0012e-06,94,3.6,40,-0.04,,1.282e-06,0
-1.0008e-06,94,3.52,120,0,,1.284e-06,0
-1.0004e-06,98,3.52,40,-0.04,,1.286e-06,0
-1.0000e-06,94,3.52,40,0,,1.288e-06,0
-9.9960e-07,94,3.68,-40,0,,1.290e-06,0
-9.9920e-07,90,3.6,40,0,,1.292e-06,0
-9.9880e-07,94,3.52,40,-0.04,,1.294e-06,0
-9.9840e-07,86,3.6,40,0,,1.296e-06,0
-9.9800e-07,86,3.68,-40,0.04,,1.298e-06,0
-9.9760e-07,86,3.84,120,-0.04,,1.300e-06,0
-9.9720e-07,90,3.76,40,0,,1.302e-06,0
-9.9680e-07,90,3.92,40,0,,1.304e-06,0
-9.9640e-07,98,3.92,40,0.04,,1.306e-06,0
-9.9600e-07,98,3.68,40,0,,1.308e-06,0
-9.9560e-07,98,3.6,40,-0.04,,1.310e-06,0
-9.9520e-07,102,3.44,40,-0.04,,1.312e-06,0
-9.9480e-07,106,3.44,120,-0.04,,1.314e-06,0
-9.9440e-07,106,3.28,-40,-0.04,,1.316e-06,0
-9.9400e-07,106,3.2,40,0,,1.318e-06,0
-9.9360e-07,106,3.28,40,0,,1.320e-06,0
-9.9320e-07,106,3.28,40,-0.04,,1.322e-06,0
-9.9280e-07,106,3.52,40,0,,1.324e-06,0
-9.9240e-07,110,3.52,40,-0.04,,1.326e-06,0
-9.9200e-07,122,3.52,40,-0.08,,1.328e-06,0
-9.9160e-07,134,3.52,-40,-0.04,,1.330e-06,0
-9.9120e-07,138,3.68,40,0,,1.332e-06,0
-9.9080e-07,138,3.6,40,0,,1.334e-06,0
-9.9040e-07,130,3.6,40,-0.04,,1.336e-06,0
-9.9000e-07,130,3.68,40,0,,1.338e-06,0
-9.8960e-07,126,3.68,40,0,,1.340e-06,0
-9.8920e-07,126,3.52,40,0,,1.342e-06,0
-9.8880e-07,118,3.44,-40,0,,1.344e-06,0
-9.8840e-07,114,3.36,40,0,,1.346e-06,0
-9.8800e-07,110,3.36,-40,-0.04,,1.348e-06,0
-9.8760e-07,110,3.36,40,-0.08,,1.350e-06,0
-9.8720e-07,110,3.36,-40,-0.12,,1.352e-06,0
-9.8680e-07,110,3.44,-40,-0.04,,1.354e-06,0
-9.8640e-07,106,3.6,40,-0.04,,1.356e-06,0
-9.8600e-07,102,3.68,40,-0.08,,1.358e-06,0
-9.8560e-07,102,3.68,40,-0.04,,1.360e-06,0
-9.8520e-07,98,3.76,40,0,,1.362e-06,0
-9.8480e-07,90,3.76,-40,-0.04,,1.364e-06,0
-9.8440e-07,86,3.76,40,0,,1.366e-06,0
-9.8400e-07,82,3.84,-120,0,,1.368e-06,0
-9.8360e-07,82,3.92,40,0,,1.370e-06,0
-9.8320e-07,86,4,40,-0.04,,1.372e-06,0
-9.8280e-07,98,4.08,-40,0,,1.374e-06,0
-9.8240e-07,102,4,40,-0.04,,1.376e-06,0
-9.8200e-07,110,4.08,40,-0.04,,1.378e-06,0
-9.8160e-07,114,3.92,40,-0.04,,1.380e-06,0
-9.8120e-07,110,4,40,0,,1.382e-06,0
-9.8080e-07,110,3.92,-40,0,,1.384e-06,0
-9.8040e-07,114,3.92,40,0,,1.386e-06,0
-9.8000e-07,122,3.92,-40,-0.08,,1.388e-06,0
-9.7960e-07,122,4,-40,-0.04,,1.390e-06,0
-9.7920e-07,130,4,-40,-0.08,,1.392e-06,0
-9.7880e-07,130,4,-40,-0.04,,1.394e-06,0
-9.7840e-07,138,4,40,-0.08,,1.396e-06,0
-9.7800e-07,142,4.08,40,-0.04,,1.398e-06,0
-9.7760e-07,146,4,40,-0.08,,1.400e-06,0
-9.7720e-07,158,3.92,40,-0.08,,1.402e-06,0
-9.7680e-07,158,3.92,40,-0.04,,1.404e-06,0
-9.7640e-07,150,4,-40,0,,1.406e-06,0
-9.7600e-07,150,4,-40,-0.04,,1.408e-06,0
-9.7560e-07,150,4,-40,0.04,,1.410e-06,0
-9.7520e-07,142,3.92,-40,0,,1.412e-06,0
-9.7480e-07,142,4,40,0,,1.414e-06,0
-9.7440e-07,138,4,-40,-0.04,,1.416e-06,0
-9.7400e-07,142,4,40,-0.04,,1.418e-06,0
-9.7360e-07,134,4,40,-0.04,,1.420e-06,0
-9.7320e-07,130,4,40,-0.04,,1.422e-06,0
-9.7280e-07,134,4.08,40,-0.08,,1.424e-06,0
-9.7240e-07,130,4.16,40,-0.04,,1.426e-06,0
-9.7200e-07,126,4.16,40,-0.04,,1.428e-06,0
-9.7160e-07,118,4.08,-40,-0.04,,1.430e-06,0
-9.7120e-07,114,4,-40,-0.04,,1.432e-06,0
-9.7080e-07,110,4,-40,-0.04,,1.434e-06,0
-9.7040e-07,102,3.76,40,-0.04,,1.436e-06,0
-9.7000e-07,106,3.92,-40,-0.04,,1.438e-06,0
-9.6960e-07,102,3.92,40,0,,1.440e-06,0
-9.6920e-07,102,4,40,-0.04,,1.442e-06,0
-9.6880e-07,94,4,40,-0.04,,1.444e-06,0
-9.6840e-07,98,4.16,40,-0.04,,1.446e-06,0
-9.6800e-07,98,4.16,40,-0.04,,1.448e-06,0
-9.6760e-07,94,4.16,120,-0.08,,1.450e-06,0
-9.6720e-07,94,4.16,40,-0.04,,1.452e-06,0
-9.6680e-07,90,4.16,40,-0.08,,1.454e-06,0
-9.6640e-07,82,4.16,40,0,,1.456e-06,0
-9.6600e-07,78,4.16,-40,-0.04,,1.458e-06,0
-9.6560e-07,66,4.08,40,-0.04,,1.460e-06,0
-9.6520e-07,74,4,40,0,,1.462e-06,0
-9.6480e-07,78,4,40,0,,1.464e-06,0
-9.6440e-07,86,3.92,120,-0.04,,1.466e-06,0
-9.6400e-07,90,3.84,-40,0,,1.468e-06,0
-9.6360e-07,94,3.92,40,0,,1.470e-06,0
-9.6320e-07,86,3.92,40,-0.04,,1.472e-06,0
-9.6280e-07,94,3.92,40,0,,1.474e-06,0
-9.6240e-07,94,4,-40,0,,1.476e-06,0
-9.6200e-07,90,3.92,40,0,,1.478e-06,0
-9.6160e-07,94,3.84,40,0.04,,1.480e-06,0
-9.6120e-07,98,3.76,-40,-0.04,,1.482e-06,0
-9.6080e-07,106,3.68,40,-0.04,,1.484e-06,0
-9.6040e-07,106,3.76,40,0,,1.486e-06,0
-9.6000e-07,102,3.68,40,0,,1.488e-06,0
-9.5960e-07,102,3.76,40,0,,1.490e-06,0
-9.5920e-07,98,3.76,-40,0,,1.492e-06,0
-9.5880e-07,94,3.76,40,-0.04,,1.494e-06,0
-9.5840e-07,94,3.76,-40,-0.04,,1.496e-06,0
-9.5800e-07,94,3.76,40,-0.04,,1.498e-06,0
-9.5760e-07,94,3.76,40,0,,1.500e-06,0
-9.5720e-07,86,3.76,-40,0,,1.502e-06,0
-9.5680e-07,86,3.76,40,-0.04,,1.504e-06,0
-9.5640e-07,86,3.84,40,0,,1.506e-06,0
-9.5600e-07,82,3.76,120,0,,1.508e-06,0
-9.5560e-07,94,3.76,-40,0,,1.510e-06,0
-9.5520e-07,86,3.76,40,0,,1.512e-06,0
-9.5480e-07,86,3.84,40,0.04,,1.514e-06,0
-9.5440e-07,90,3.68,40,-0.04,,1.516e-06,0
-9.5400e-07,82,3.6,40,0,,1.518e-06,0
-9.5360e-07,82,3.44,-40,0,,1.520e-06,0
-9.5320e-07,78,3.52,40,0,,1.522e-06,0
-9.5280e-07,78,3.52,120,0.04,,1.524e-06,0
-9.5240e-07,78,3.68,40,0,,1.526e-06,0
-9.5200e-07,78,3.76,40,0,,1.528e-06,0
-9.5160e-07,82,3.92,40,0,,1.530e-06,0
-9.5120e-07,82,3.92,120,-0.04,,1.532e-06,0
-9.5080e-07,86,3.92,-40,-0.04,,1.534e-06,0
-9.5040e-07,86,4,40,0,,1.536e-06,0
-9.5000e-07,86,4.08,120,-0.04,,1.538e-06,0
-9.4960e-07,90,4.16,40,-0.04,,1.540e-06,0
-9.4920e-07,94,4.24,40,0,,1.542e-06,0
-9.4880e-07,94,4.32,-40,0,,1.544e-06,0
-9.4840e-07,98,4.4,40,0.04,,1.546e-06,0
-9.4800e-07,98,4.4,-40,0,,1.548e-06,0
-9.4760e-07,98,4.4,-40,0,,1.550e-06,0
-9.4720e-07,98,4.4,-40,0.04,,1.552e-06,0
-9.4680e-07,106,4.24,40,0,,1.554e-06,0
-9.4640e-07,106,4.16,-40,0,,1.556e-06,0
-9.4600e-07,114,4.24,-40,0,,1.558e-06,0
-9.4560e-07,110,4.32,40,-0.04,,1.560e-06,0
-9.4520e-07,110,4.4,-40,0.04,,1.562e-06,0
-9.4480e-07,106,4.32,-40,-0.04,,1.564e-06,0
-9.4440e-07,102,4.48,120,0,,1.566e-06,0
-9.4400e-07,98,4.56,-40,0,,1.568e-06,0
-9.4360e-07,102,4.56,40,0,,1.570e-06,0
-9.4320e-07,102,4.56,40,0,,1.572e-06,0
-9.4280e-07,98,4.56,120,0,,1.574e-06,0
-9.4240e-07,102,4.56,120,0,,1.576e-06,0
-9.4200e-07,102,4.56,40,0,,1.578e-06,0
-9.4160e-07,98,4.4,-40,0,,1.580e-06,0
-9.4120e-07,98,4.4,-40,-0.04,,1.582e-06,0
-9.4080e-07,94,4.32,-40,0.04,,1.584e-06,0
-9.4040e-07,94,4.24,-40,0,,1.586e-06,0
-9.4000e-07,94,4.24,-40,0,,1.588e-06,0
-9.3960e-07,86,4.16,40,0,,1.590e-06,0
-9.3920e-07,90,4.08,40,-0.04,,1.592e-06,0
-9.3880e-07,90,4.16,40,0,,1.594e-06,0
-9.3840e-07,90,4.16,40,0,,1.596e-06,0
-9.3800e-07,94,4.16,-40,0,,1.598e-06,0
-9.3760e-07,98,4.24,40,0.04,,1.600e-06,0
-9.3720e-07,94,4.24,-40,0.08,,1.602e-06,0
-9.3680e-07,102,4.32,40,0,,1.604e-06,0
-9.3640e-07,106,4.16,40,0,,1.606e-06,0
-9.3600e-07,102,4.16,40,0,,1.608e-06,0
-9.3560e-07,102,4.16,40,0,,1.610e-06,0
-9.3520e-07,102,4,40,0.04,,1.612e-06,0
-9.3480e-07,102,4.08,40,0.04,,1.614e-06,0
-9.3440e-07,106,3.92,40,0.04,,1.616e-06,0
-9.3400e-07,114,4.08,40,0.04,,1.618e-06,0
-9.3360e-07,114,4,40,0.04,,1.620e-06,0
-9.3320e-07,114,4,-40,0,,1.622e-06,0
-9.3280e-07,118,4,40,0,,1.624e-06,0
-9.3240e-07,122,4,-40,0,,1.626e-06,0
-9.3200e-07,114,4,-40,0,,1.628e-06,0
-9.3160e-07,122,4.08,-40,0.04,,1.630e-06,0
-9.3120e-07,126,4.16,-40,0,,1.632e-06,0
-9.3080e-07,126,4.16,120,0,,1.634e-06,0
-9.3040e-07,122,4.16,120,0,,1.636e-06,0
-9.3000e-07,122,4.08,-40,0,,1.638e-06,0
-9.2960e-07,122,4.16,40,0,,1.640e-06,0
-9.2920e-07,126,4.16,40,0.04,,1.642e-06,0
-9.2880e-07,122,4.08,40,0,,1.644e-06,0
-9.2840e-07,122,4.16,-40,-0.08,,1.646e-06,0
-9.2800e-07,122,4.24,40,0,,1.648e-06,0
-9.2760e-07,126,4.24,40,-0.08,,1.650e-06,0
-9.2720e-07,122,4.24,-40,-0.04,,1.652e-06,0
-9.2680e-07,122,4.16,40,0,,1.654e-06,0
-9.2640e-07,118,4.24,-40,-0.04,,1.656e-06,0
-9.2600e-07,118,4.24,120,-0.04,,1.658e-06,0
-9.2560e-07,110,4.24,40,0,,1.660e-06,0
-9.2520e-07,114,4.32,40,-0.08,,1.662e-06,0
-9.2480e-07,110,4.24,-40,0,,1.664e-06,0
-9.2440e-07,114,4.24,-40,-0.04,,1.666e-06,0
-9.2400e-07,118,4.32,-40,0,,1.668e-06,0
-9.2360e-07,114,4.4,120,0,,1.670e-06,0
-9.2320e-07,114,4.32,40,-0.04,,1.672e-06,0
-9.2280e-07,126,4.24,40,0,,1.674e-06,0
-9.2240e-07,122,4.24,40,-0.04,,1.676e-06,0
-9.2200e-07,122,4.32,40,0,,1.678e-06,0
-9.2160e-07,118,4.32,40,-0.04,,1.680e-06,0
-9.2120e-07,122,4.32,40,-0.04,,1.682e-06,0
-9.2080e-07,122,4.24,40,-0.08,,1.684e-06,0
-9.2040e-07,122,4.32,-40,-0.12,,1.686e-06,0
-9.2000e-07,122,4.4,-40,-0.04,,1.688e-06,0
-9.1960e-07,126,4.48,40,-0.08,,1.690e-06,0
-9.1920e-07,126,4.48,40,-0.04,,1.692e-06,0
-9.1880e-07,130,4.4,40,-0.08,,1.694e-06,0
-9.1840e-07,134,4.4,40,-0.08,,1.696e-06,0
-9.1800e-07,138,4.4,-40,-0.12,,1.698e-06,0
-9.1760e-07,134,4.48,40,-0.12,,1.700e-06,0
-9.1720e-07,134,4.48,40,-0.12,,1.702e-06,0
-9.1680e-07,126,4.48,40,-0.12,,1.704e-06,0
-9.1640e-07,130,4.4,120,-0.08,,1.706e-06,0
-9.1600e-07,122,4.48,40,-0.08,,1.708e-06,0
-9.1560e-07,122,4.48,-40,-0.04,,1.710e-06,0
-9.1520e-07,130,4.48,40,-0.04,,1.712e-06,0
-9.1480e-07,130,4.56,40,0,,1.714e-06,0
-9.1440e-07,122,4.64,40,0,,1.716e-06,0
-9.1400e-07,122,4.64,-40,-0.08,,1.718e-06,0
-9.1360e-07,110,4.8,-40,0,,1.720e-06,0
-9.1320e-07,110,4.64,40,0,,1.722e-06,0
-9.1280e-07,106,4.72,40,-0.04,,1.724e-06,0
-9.1240e-07,98,4.72,40,0,,1.726e-06,0
-9.1200e-07,90,4.64,40,-0.04,,1.728e-06,0
-9.1160e-07,82,4.8,40,-0.04,,1.730e-06,0
-9.1120e-07,82,4.8,-40,-0.04,,1.732e-06,0
-9.1080e-07,78,4.88,-40,-0.04,,1.734e-06,0
-9.1040e-07,74,4.96,40,-0.04,,1.736e-06,0
-9.1000e-07,74,4.88,40,0,,1.738e-06,0
-9.0960e-07,74,5.04,40,0,,1.740e-06,0
-9.0920e-07,74,4.88,40,-0.08,,1.742e-06,0
-9.0880e-07,70,4.96,40,-0.04,,1.744e-06,0
-9.0840e-07,70,4.88,40,-0.04,,1.746e-06,0
-9.0800e-07,66,4.88,-40,-0.08,,1.748e-06,0
-9.0760e-07,62,4.88,40,-0.08,,1.750e-06,0
-9.0720e-07,62,4.88,120,-0.08,,1.752e-06,0
-9.0680e-07,62,4.88,40,0,,1.754e-06,0
-9.0640e-07,66,4.88,40,-0.04,,1.756e-06,0
-9.0600e-07,66,4.88,-40,-0.08,,1.758e-06,0
-9.0560e-07,66,4.72,-40,-0.04,,1.760e-06,0
-9.0520e-07,70,4.64,40,-0.04,,1.762e-06,0
-9.0480e-07,70,4.56,-40,-0.04,,1.764e-06,0
-9.0440e-07,70,4.56,120,-0.04,,1.766e-06,0
-9.0400e-07,74,4.48,-40,-0.04,,1.768e-06,0
-9.0360e-07,78,4.4,-40,-0.04,,1.770e-06,0
-9.0320e-07,86,4.48,40,0,,1.772e-06,0
-9.0280e-07,82,4.48,40,-0.04,,1.774e-06,0
-9.0240e-07,86,4.4,-40,-0.08,,1.776e-06,0
-9.0200e-07,82,4.48,40,-0.04,,1.778e-06,0
-9.0160e-07,90,4.48,40,-0.04,,1.780e-06,0
-9.0120e-07,94,4.48,-40,0,,1.782e-06,0
-9.0080e-07,98,4.4,40,0,,1.784e-06,0
-9.0040e-07,98,4.4,-40,-0.08,,1.786e-06,0
-9.0000e-07,98,4.4,40,-0.04,,1.788e-06,0
-8.9960e-07,102,4.4,40,-0.04,,1.790e-06,0
-8.9920e-07,98,4.32,120,0,,1.792e-06,0
-8.9880e-07,94,4.32,-40,-0.04,,1.794e-06,0
-8.9840e-07,94,4.24,40,-0.04,,1.796e-06,0
-8.9800e-07,90,4.24,40,0,,1.798e-06,0
-8.9760e-07,90,4.32,40,0,,1.800e-06,0
-8.9720e-07,90,4.32,40,0,,1.802e-06,0
-8.9680e-07,94,4.32,-40,0.04,,1.804e-06,0
-8.9640e-07,94,4.32,40,0,,1.806e-06,0
-8.9600e-07,102,4.32,40,0.04,,1.808e-06,0
-8.9560e-07,98,4.4,40,0,,1.810e-06,0
-8.9520e-07,94,4.48,40,0,,1.812e-06,0
-8.9480e-07,90,4.48,40,0,,1.814e-06,0
-8.9440e-07,90,4.48,40,0,,1.816e-06,0
-8.9400e-07,90,4.64,-40,0,,1.818e-06,0
-8.9360e-07,82,4.64,40,0.04,,1.820e-06,0
-8.9320e-07,82,4.72,40,0,,1.822e-06,0
-8.9280e-07,86,4.64,-40,0.04,,1.824e-06,0
-8.9240e-07,82,4.64,-40,0,,1.826e-06,0
-8.9200e-07,82,4.72,40,-0.04,,1.828e-06,0
-8.9160e-07,86,4.72,40,0,,1.830e-06,0
-8.9120e-07,90,4.72,40,0.04,,1.832e-06,0
-8.9080e-07,94,4.88,40,0.04,,1.834e-06,0
-8.9040e-07,90,5.04,-40,0,,1.836e-06,0
-8.9000e-07,94,4.96,40,0,,1.838e-06,0
-8.8960e-07,90,5.04,120,0.04,,1.840e-06,0
-8.8920e-07,90,5.04,40,0.08,,1.842e-06,0
-8.8880e-07,94,5.04,120,0.04,,1.844e-06,0
-8.8840e-07,94,5.12,-40,0,,1.846e-06,0
-8.8800e-07,102,5.12,40,0,,1.848e-06,0
-8.8760e-07,106,5.12,40,0,,1.850e-06,0
-8.8720e-07,106,5.04,40,0.04,,1.852e-06,0
-8.8680e-07,114,5.12,40,0.04,,1.854e-06,0
-8.8640e-07,118,5.12,-40,0,,1.856e-06,0
-8.8600e-07,114,5.04,-40,0.12,,1.858e-06,0
-8.8560e-07,122,5.12,40,0.08,,1.860e-06,0
-8.8520e-07,118,5.12,120,0.04,,1.862e-06,0
-8.8480e-07,118,5.04,40,0,,1.864e-06,0
-8.8440e-07,126,5.12,40,0.04,,1.866e-06,0
-8.8400e-07,126,5.04,40,0.04,,1.868e-06,0
-8.8360e-07,130,5.2,-40,0.08,,1.870e-06,0
-8.8320e-07,126,5.12,-40,0.04,,1.872e-06,0
-8.8280e-07,126,5.12,40,0.04,,1.874e-06,0
-8.8240e-07,126,5.12,40,0,,1.876e-06,0
-8.8200e-07,126,5.04,120,0,,1.878e-06,0
-8.8160e-07,126,5.12,40,0,,1.880e-06,0
-8.8120e-07,126,4.96,-40,0.04,,1.882e-06,0
-8.8080e-07,122,4.88,40,0,,1.884e-06,0
-8.8040e-07,118,4.96,40,0,,1.886e-06,0
-8.8000e-07,114,4.96,120,0.04,,1.888e-06,0
-8.7960e-07,114,4.8,40,0.04,,1.890e-06,0
-8.7920e-07,110,4.8,40,-0.04,,1.892e-06,0
-8.7880e-07,106,4.72,120,0,,1.894e-06,0
-8.7840e-07,110,4.88,40,0.04,,1.896e-06,0
-8.7800e-07,110,4.88,120,0.04,,1.898e-06,0
-8.7760e-07,110,4.88,-40,0,,1.900e-06,0
-8.7720e-07,114,4.88,40,-0.04,,1.902e-06,0
-8.7680e-07,110,4.96,-40,0.04,,1.904e-06,0
-8.7640e-07,110,4.96,120,0.04,,1.906e-06,0
-8.7600e-07,110,4.96,40,0.04,,1.908e-06,0
-8.7560e-07,110,4.96,120,0,,1.910e-06,0
-8.7520e-07,114,4.88,40,0,,1.912e-06,0
-8.7480e-07,114,4.88,40,0,,1.914e-06,0
-8.7440e-07,118,4.96,-40,0.04,,1.916e-06,0
-8.7400e-07,118,4.88,40,0.04,,1.918e-06,0
-8.7360e-07,118,4.88,40,0.04,,1.920e-06,0
-8.7320e-07,118,4.88,40,-0.04,,1.922e-06,0
-8.7280e-07,118,4.88,40,0,,1.924e-06,0
-8.7240e-07,122,4.88,-40,0,,1.926e-06,0
-8.7200e-07,122,4.96,-40,0,,1.928e-06,0
-8.7160e-07,122,4.88,40,0,,1.930e-06,0
-8.7120e-07,122,4.88,40,0,,1.932e-06,0
-8.7080e-07,118,4.96,40,0,,1.934e-06,0
-8.7040e-07,122,5.04,40,0,,1.936e-06,0
-8.7000e-07,118,5.12,-40,0.04,,1.938e-06,0
-8.6960e-07,122,4.96,40,-0.04,,1.940e-06,0
-8.6920e-07,114,5.04,40,0,,1.942e-06,0
-8.6880e-07,110,5.04,40,0,,1.944e-06,0
-8.6840e-07,110,5.12,-40,0,,1.946e-06,0
-8.6800e-07,110,5.04,40,0,,1.948e-06,0
-8.6760e-07,106,5.04,40,0,,1.950e-06,0
-8.6720e-07,106,4.96,40,0.04,,1.952e-06,0
-8.6680e-07,106,5.04,-40,0.04,,1.954e-06,0
-8.6640e-07,102,5.12,40,-0.04,,1.956e-06,0
-8.6600e-07,102,5.12,40,0,,1.958e-06,0
-8.6560e-07,98,5.2,-40,0,,1.960e-06,0
-8.6520e-07,98,5.04,-40,-0.04,,1.962e-06,0
-8.6480e-07,98,5.12,40,0.04,,1.964e-06,0
-8.6440e-07,98,5.04,40,0.04,,1.966e-06,0
-8.6400e-07,98,5.04,-40,0,,1.968e-06,0
-8.6360e-07,98,5.04,40,0,,1.970e-06,0
-8.6320e-07,98,5.04,40,0,,1.972e-06,0
-8.6280e-07,94,5.12,-40,0,,1.974e-06,0
-8.6240e-07,94,5.12,40,0,,1.976e-06,0
-8.6200e-07,94,5.12,-40,0,,1.978e-06,0
-8.6160e-07,98,5.2,-120,-0.04,,1.980e-06,0
-8.6120e-07,94,5.12,-40,0,,1.982e-06,0
-8.6080e-07,98,5.2,120,0,,1.984e-06,0
-8.6040e-07,98,5.28,40,-0.04,,1.986e-06,0
-8.6000e-07,98,5.36,40,0,,1.988e-06,0
-8.5960e-07,98,5.36,40,0.04,,1.990e-06,0
-8.5920e-07,98,5.36,40,-0.04,,1.992e-06,0
-8.5880e-07,102,5.44,-40,-0.04,,1.994e-06,0
-8.5840e-07,102,5.36,-40,-0.04,,1.996e-06,0
-8.5800e-07,102,5.52,-40,0,,1.998e-06,0
-8.5760e-07,102,5.52,40,0,,2.000e-06,0
-8.5720e-07,98,5.52,-40,-0.04,,2.002e-06,0
-8.5680e-07,102,5.44,40,-0.04,,2.004e-06,0
-8.5640e-07,94,5.44,40,0.04,,2.006e-06,0
-8.5600e-07,90,5.44,40,0,,2.008e-06,0
-8.5560e-07,90,5.44,40,-0.04,,2.010e-06,0
-8.5520e-07,90,5.52,120,-0.04,,2.012e-06,0
-8.5480e-07,90,5.52,-40,-0.04,,2.014e-06,0
-8.5440e-07,86,5.6,40,-0.04,,2.016e-06,0
-8.5400e-07,90,5.6,40,-0.04,,2.018e-06,0
-8.5360e-07,82,5.76,40,-0.04,,2.020e-06,0
-8.5320e-07,82,5.76,40,-0.04,,2.022e-06,0
-8.5280e-07,82,5.76,-40,-0.08,,2.024e-06,0
-8.5240e-07,82,5.76,-40,-0.04,,2.026e-06,0
-8.5200e-07,82,5.76,-40,-0.08,,2.028e-06,0
-8.5160e-07,82,5.68,-40,-0.04,,2.030e-06,0
-8.5120e-07,82,5.6,40,0,,2.032e-06,0
-8.5080e-07,82,5.6,40,-0.04,,2.034e-06,0
-8.5040e-07,82,5.6,40,-0.04,,2.036e-06,0
-8.5000e-07,82,5.52,120,-0.04,,2.038e-06,0
-8.4960e-07,78,5.44,40,-0.08,,2.040e-06,0
-8.4920e-07,78,5.44,40,-0.04,,2.042e-06,0
-8.4880e-07,82,5.6,-40,0,,2.044e-06,0
-8.4840e-07,82,5.52,120,-0.04,,2.046e-06,0
-8.4800e-07,78,5.52,-40,-0.04,,2.048e-06,0
-8.4760e-07,86,5.44,-40,-0.08,,2.050e-06,0
-8.4720e-07,86,5.36,40,-0.08,,2.052e-06,0
-8.4680e-07,90,5.28,40,-0.04,,2.054e-06,0
-8.4640e-07,90,5.28,40,-0.04,,2.056e-06,0
-8.4600e-07,98,5.2,40,-0.04,,2.058e-06,0
-8.4560e-07,102,5.12,-40,-0.04,,2.060e-06,0
-8.4520e-07,106,5.12,40,-0.08,,2.062e-06,0
-8.4480e-07,106,5.2,120,-0.04,,2.064e-06,0
-8.4440e-07,106,5.2,-40,-0.04,,2.066e-06,0
-8.4400e-07,106,5.12,40,0,,2.068e-06,0
-8.4360e-07,110,5.04,40,-0.04,,2.070e-06,0
-8.4320e-07,110,5.04,40,0,,2.072e-06,0
-8.4280e-07,114,5.04,40,-0.04,,2.074e-06,0
-8.4240e-07,110,5.12,-40,0,,2.076e-06,0
-8.4200e-07,106,5.12,-40,-0.04,,2.078e-06,0
-8.4160e-07,106,5.12,-40,-0.04,,2.080e-06,0
-8.4120e-07,114,5.2,-40,0,,2.082e-06,0
-8.4080e-07,110,5.12,-40,-0.04,,2.084e-06,0
-8.4040e-07,102,5.12,40,-0.04,,2.086e-06,0
-8.4000e-07,98,5.2,120,-0.08,,2.088e-06,0
-8.3960e-07,98,5.28,40,-0.04,,2.090e-06,0
-8.3920e-07,98,5.2,40,-0.04,,2.092e-06,0
-8.3880e-07,90,5.28,40,-0.04,,2.094e-06,0
-8.3840e-07,94,5.28,-40,-0.04,,2.096e-06,0
-8.3800e-07,94,5.2,120,-0.08,,2.098e-06,0
-8.3760e-07,90,5.2,-40,-0.04,,2.100e-06,0
-8.3720e-07,90,5.36,40,-0.04,,2.102e-06,0
-8.3680e-07,94,5.28,40,-0.04,,2.104e-06,0
-8.3640e-07,90,5.44,40,0,,2.106e-06,0
-8.3600e-07,86,5.52,-40,0,,2.108e-06,0
-8.3560e-07,86,5.52,-40,0,,2.110e-06,0
-8.3520e-07,78,5.6,-40,-0.04,,2.112e-06,0
-8.3480e-07,78,5.6,40,0,,2.114e-06,0
-8.3440e-07,78,5.6,40,0,,2.116e-06,0
-8.3400e-07,78,5.68,-40,0,,2.118e-06,0
-8.3360e-07,78,5.6,40,-0.04,,2.120e-06,0
-8.3320e-07,86,5.6,40,0,,2.122e-06,0
-8.3280e-07,82,5.68,40,-0.04,,2.124e-06,0
-8.3240e-07,86,5.68,40,0,,2.126e-06,0
-8.3200e-07,94,5.76,40,-0.04,,2.128e-06,0
-8.3160e-07,94,5.76,-40,0,,2.130e-06,0
-8.3120e-07,98,5.84,-40,-0.04,,2.132e-06,0
-8.3080e-07,102,5.84,40,0,,2.134e-06,0
-8.3040e-07,110,5.84,40,-0.04,,2.136e-06,0
-8.3000e-07,110,5.84,40,0,,2.138e-06,0
-8.2960e-07,118,5.92,120,0,,2.140e-06,0
-8.2920e-07,118,5.92,40,0,,2.142e-06,0
-8.2880e-07,122,5.92,40,0,,2.144e-06,0
-8.2840e-07,126,5.84,40,-0.04,,2.146e-06,0
-8.2800e-07,122,5.84,40,0,,2.148e-06,0
-8.2760e-07,130,5.76,40,0,,2.150e-06,0
-8.2720e-07,126,5.84,40,0,,2.152e-06,0
-8.2680e-07,130,5.84,-40,-0.04,,2.154e-06,0
-8.2640e-07,126,5.84,40,-0.04,,2.156e-06,0
-8.2600e-07,130,5.84,120,0,,2.158e-06,0
-8.2560e-07,130,5.84,120,0,,2.160e-06,0
-8.2520e-07,130,5.76,-40,0,,2.162e-06,0
-8.2480e-07,134,5.76,40,0,,2.164e-06,0
-8.2440e-07,130,5.84,40,0.04,,2.166e-06,0
-8.2400e-07,126,5.84,40,0.04,,2.168e-06,0
-8.2360e-07,126,5.68,-40,0,,2.170e-06,0
-8.2320e-07,118,5.76,40,0.08,,2.172e-06,0
-8.2280e-07,114,5.68,120,0,,2.174e-06,0
-8.2240e-07,114,5.68,120,0.04,,2.176e-06,0
-8.2200e-07,110,5.6,120,0,,2.178e-06,0
-8.2160e-07,102,5.6,40,0,,2.180e-06,0
-8.2120e-07,102,5.76,40,0,,2.182e-06,0
-8.2080e-07,98,5.76,40,0.04,,2.184e-06,0
-8.2040e-07,98,5.6,-40,0.04,,2.186e-06,0
-8.2000e-07,94,5.68,120,0.04,,2.188e-06,0
-8.1960e-07,94,5.6,-40,0.04,,2.190e-06,0
-8.1920e-07,90,5.6,40,0,,2.192e-06,0
-8.1880e-07,90,5.6,40,0,,2.194e-06,0
-8.1840e-07,86,5.6,40,0.08,,2.196e-06,0
-8.1800e-07,90,5.6,40,0,,2.198e-06,0
-8.1760e-07,90,5.68,40,0.04,,2.200e-06,0
-8.1720e-07,94,5.68,-40,0.04,,2.202e-06,0
-8.1680e-07,98,5.68,-40,0.04,,2.204e-06,0
-8.1640e-07,106,5.68,40,0.08,,2.206e-06,0
-8.1600e-07,110,5.6,40,0.04,,2.208e-06,0
-8.1560e-07,110,5.52,40,0.08,,2.210e-06,0
-8.1520e-07,110,5.44,-40,0.04,,2.212e-06,0
-8.1480e-07,110,5.44,40,0.04,,2.214e-06,0
-8.1440e-07,114,5.52,-120,0.04,,2.216e-06,0
-8.1400e-07,106,5.52,120,0.04,,2.218e-06,0
-8.1360e-07,110,5.52,120,0.04,,2.220e-06,0
-8.1320e-07,122,5.6,40,0,,2.222e-06,0
-8.1280e-07,122,5.68,-40,0.04,,2.224e-06,0
-8.1240e-07,126,5.68,120,0.08,,2.226e-06,0
-8.1200e-07,126,5.6,-40,0.04,,2.228e-06,0
-8.1160e-07,130,5.6,-40,0,,2.230e-06,0
-8.1120e-07,130,5.52,40,0,,2.232e-06,0
-8.1080e-07,130,5.52,40,0,,2.234e-06,0
-8.1040e-07,126,5.52,-40,0,,2.236e-06,0
-8.1000e-07,122,5.44,40,0.04,,2.238e-06,0
-8.0960e-07,114,5.44,40,0,,2.240e-06,0
-8.0920e-07,118,5.44,40,0.04,,2.242e-06,0
-8.0880e-07,110,5.52,40,0.08,,2.244e-06,0
-8.0840e-07,102,5.44,40,0.04,,2.246e-06,0
-8.0800e-07,102,5.36,40,0.04,,2.248e-06,0
-8.0760e-07,98,5.36,40,0,,2.250e-06,0
-8.0720e-07,98,5.36,-40,0.04,,2.252e-06,0
-8.0680e-07,98,5.44,40,0,,2.254e-06,0
-8.0640e-07,90,5.6,40,0,,2.256e-06,0
-8.0600e-07,86,5.6,40,0,,2.258e-06,0
-8.0560e-07,78,5.6,-40,0,,2.260e-06,0
-8.0520e-07,78,5.6,40,0,,2.262e-06,0
-8.0480e-07,74,5.76,40,0,,2.264e-06,0
-8.0440e-07,74,5.6,40,-0.04,,2.266e-06,0
-8.0400e-07,70,5.68,-40,-0.04,,2.268e-06,0
-8.0360e-07,70,5.76,40,-0.04,,2.270e-06,0
-8.0320e-07,78,5.68,40,0,,2.272e-06,0
-8.0280e-07,74,5.84,-40,-0.04,,2.274e-06,0
-8.0240e-07,74,5.84,-40,-0.04,,2.276e-06,0
-8.0200e-07,74,5.92,40,-0.04,,2.278e-06,0
-8.0160e-07,70,5.92,40,0.04,,2.280e-06,0
-8.0120e-07,78,5.92,40,0,,2.282e-06,0
-8.0080e-07,78,6,40,0,,2.284e-06,0
-8.0040e-07,78,6.08,-40,-0.04,,2.286e-06,0
-8.0000e-07,86,6.16,40,-0.04,,2.288e-06,0
-7.9960e-07,86,6.08,40,-0.04,,2.290e-06,0
-7.9920e-07,90,6.24,-40,0.08,,2.292e-06,0
-7.9880e-07,94,6.24,-40,0,,2.294e-06,0
-7.9840e-07,94,6.16,40,-0.08,,2.296e-06,0
-7.9800e-07,98,6.32,40,-0.08,,2.298e-06,0
-7.9760e-07,98,6.32,40,0,,2.300e-06,0
-7.9720e-07,98,6.32,-40,0,,2.302e-06,0
-7.9680e-07,98,6.24,-40,0,,2.304e-06,0
-7.9640e-07,102,6.32,-40,-0.04,,2.306e-06,0
-7.9600e-07,98,6.4,40,-0.04,,2.308e-06,0
-7.9560e-07,94,6.4,40,-0.08,,2.310e-06,0
-7.9520e-07,98,6.32,-40,-0.04,,2.312e-06,0
-7.9480e-07,102,6.32,40,-0.04,,2.314e-06,0
-7.9440e-07,94,6.32,-40,-0.04,,2.316e-06,0
-7.9400e-07,94,6.4,200,-0.04,,2.318e-06,0
-7.9360e-07,94,6.32,-40,-0.04,,2.320e-06,0
-7.9320e-07,90,6.4,40,0,,2.322e-06,0
-7.9280e-07,90,6.32,120,-0.04,,2.324e-06,0
-7.9240e-07,90,6.24,120,-0.04,,2.326e-06,0
-7.9200e-07,82,6.32,-120,-0.04,,2.328e-06,0
-7.9160e-07,86,6.32,40,-0.04,,2.330e-06,0
-7.9120e-07,82,6.24,-40,0,,2.332e-06,0
-7.9080e-07,82,6.16,40,0,,2.334e-06,0
-7.9040e-07,86,6.24,40,-0.04,,2.336e-06,0
-7.9000e-07,82,6.08,40,-0.04,,2.338e-06,0
-7.8960e-07,78,6.08,40,-0.08,,2.340e-06,0
-7.8920e-07,78,5.92,40,-0.04,,2.342e-06,0
-7.8880e-07,82,6,40,-0.04,,2.344e-06,0
-7.8840e-07,82,6,40,-0.08,,2.346e-06,0
-7.8800e-07,82,5.92,40,-0.04,,2.348e-06,0
-7.8760e-07,82,5.84,40,-0.04,,2.350e-06,0
-7.8720e-07,82,5.84,40,-0.08,,2.352e-06,0
-7.8680e-07,86,5.92,40,-0.04,,2.354e-06,0
-7.8640e-07,90,5.84,40,-0.04,,2.356e-06,0
-7.8600e-07,90,5.84,40,-0.04,,2.358e-06,0
-7.8560e-07,94,5.84,40,-0.04,,2.360e-06,0
-7.8520e-07,94,5.84,40,-0.08,,2.362e-06,0
-7.8480e-07,98,5.92,40,-0.08,,2.364e-06,0
-7.8440e-07,102,5.84,40,-0.08,,2.366e-06,0
-7.8400e-07,102,5.84,120,0,,2.368e-06,0
-7.8360e-07,98,5.84,40,-0.08,,2.370e-06,0
-7.8320e-07,98,5.76,40,-0.08,,2.372e-06,0
-7.8280e-07,94,5.92,40,-0.04,,2.374e-06,0
-7.8240e-07,94,5.84,40,0,,2.376e-06,0
-7.8200e-07,98,6,40,-0.04,,2.378e-06,0
-7.8160e-07,110,5.84,120,0,,2.380e-06,0
-7.8120e-07,106,5.76,40,0,,2.382e-06,0
-7.8080e-07,106,5.92,-40,-0.04,,2.384e-06,0
-7.8040e-07,106,5.92,40,-0.04,,2.386e-06,0
-7.8000e-07,106,6,120,0,,2.388e-06,0
-7.7960e-07,110,5.92,40,-0.04,,2.390e-06,0
-7.7920e-07,106,6.08,40,-0.04,,2.392e-06,0
-7.7880e-07,106,6.08,40,-0.04,,2.394e-06,0
-7.7840e-07,102,6.08,40,-0.04,,2.396e-06,0
-7.7800e-07,102,6.08,40,-0.04,,2.398e-06,0
-7.7760e-07,106,6.08,40,-0.04,,2.400e-06,0
-7.7720e-07,102,6.08,40,-0.04,,2.402e-06,0
-7.7680e-07,102,6.16,40,-0.08,,2.404e-06,0
-7.7640e-07,110,6.24,40,0,,2.406e-06,0
-7.7600e-07,102,6.24,-40,0.04,,2.408e-06,0
-7.7560e-07,98,6.16,40,-0.04,,2.410e-06,0
-7.7520e-07,98,6.16,40,-0.04,,2.412e-06,0
-7.7480e-07,102,6.16,40,-0.04,,2.414e-06,0
-7.7440e-07,94,6.16,40,0,,2.416e-06,0
-7.7400e-07,102,6.16,-40,0,,2.418e-06,0
-7.7360e-07,102,6.16,40,-0.04,,2.420e-06,0
-7.7320e-07,98,6.16,40,0,,2.422e-06,0
-7.7280e-07,106,6.16,40,0,,2.424e-06,0
-7.7240e-07,106,6.16,40,-0.08,,2.426e-06,0
-7.7200e-07,110,6.32,40,0,,,
-7.7160e-07,110,6.32,40,-0.04,,,
-7.7120e-07,114,6.32,120,0,,,
-7.7080e-07,114,6.32,40,-0.04,,,
-7.7040e-07,110,6.32,-40,0,,,
-7.7000e-07,110,6.24,-40,0,,,
-7.6960e-07,114,6.24,40,-0.04,,,
-7.6920e-07,110,6.32,40,0,,,
-7.6880e-07,114,6.24,40,0,,,
-7.6840e-07,118,6.24,40,-0.04,,,
-7.6800e-07,114,6.24,-40,-0.04,,,
-7.6760e-07,114,6.16,40,0,,,
-7.6720e-07,122,6.32,40,0,,,
-7.6680e-07,122,6.24,40,0,,,
-7.6640e-07,114,6.24,40,-0.04,,,
-7.6600e-07,122,6.16,40,-0.04,,,
-7.6560e-07,122,6.32,40,-0.04,,,
-7.6520e-07,114,6.24,40,0.04,,,
-7.6480e-07,118,6.24,40,0,,,
-7.6440e-07,114,6.16,40,0,,,
-7.6400e-07,114,6.32,40,0,,,
-7.6360e-07,114,6.24,-40,0,,,
-7.6320e-07,114,6.32,40,0,,,
-7.6280e-07,106,6.24,-40,0,,,
-7.6240e-07,106,6.32,40,0,,,
-7.6200e-07,102,6.16,40,0.04,,,
-7.6160e-07,102,6.24,40,0,,,
-7.6120e-07,102,6.24,40,0,,,
-7.6080e-07,98,6.24,40,-0.04,,,
-7.6040e-07,98,6.32,40,0.04,,,
-7.6000e-07,94,6.24,40,0.04,,,
-7.5960e-07,98,6.16,-40,0,,,
-7.5920e-07,98,6.24,40,0,,,
-7.5880e-07,98,6.16,40,0.04,,,
-7.5840e-07,98,6.24,120,0.04,,,
-7.5800e-07,94,6.24,40,0.04,,,
-7.5760e-07,94,6.16,40,0.04,,,
-7.5720e-07,94,6.16,-40,0,,,
-7.5680e-07,98,6.16,40,0.04,,,
-7.5640e-07,98,6.08,40,0,,,
-7.5600e-07,94,6.08,40,0,,,
-7.5560e-07,90,6.16,40,0.04,,,
-7.5520e-07,98,6.16,40,0,,,
-7.5480e-07,94,6.16,40,0.04,,,
-7.5440e-07,94,6.16,-40,-0.04,,,
-7.5400e-07,94,6.16,-40,0,,,
-7.5360e-07,90,6.08,40,0,,,
-7.5320e-07,90,6.08,40,-0.04,,,
-7.5280e-07,86,6.16,40,0.04,,,
-7.5240e-07,90,6.08,40,0,,,
-7.5200e-07,90,6.08,-40,0,,,
-7.5160e-07,90,6.16,-40,0.04,,,
-7.5120e-07,90,6.08,40,0.04,,,
-7.5080e-07,94,6,40,0.04,,,
-7.5040e-07,82,6,40,0.04,,,
-7.5000e-07,78,6,40,0.04,,,
-7.4960e-07,82,6,40,0.04,,,
-7.4920e-07,78,6,40,0,,,
-7.4880e-07,74,6.08,-40,0,,,
-7.4840e-07,78,6.08,-40,-0.04,,,
-7.4800e-07,74,6.16,40,0,,,
-7.4760e-07,74,6.16,40,0,,,
-7.4720e-07,78,6.24,120,0,,,
-7.4680e-07,74,6.08,-40,0,,,
-7.4640e-07,78,6.16,40,0.04,,,
-7.4600e-07,82,6.24,-40,0.08,,,
-7.4560e-07,82,6.4,40,-0.04,,,
-7.4520e-07,82,6.4,40,0,,,
-7.4480e-07,82,6.32,120,0,,,
-7.4440e-07,82,6.4,40,0,,,
-7.4400e-07,86,6.4,40,-0.04,,,
-7.4360e-07,86,6.4,-40,-0.04,,,
-7.4320e-07,82,6.48,40,0,,,
-7.4280e-07,90,6.56,40,0,,,
-7.4240e-07,94,6.64,40,0,,,
-7.4200e-07,98,6.72,-40,-0.04,,,
-7.4160e-07,102,6.72,-40,-0.04,,,
-7.4120e-07,98,6.64,40,-0.04,,,
-7.4080e-07,102,6.8,40,0,,,
-7.4040e-07,102,6.8,40,-0.04,,,
-7.4000e-07,106,6.88,120,-0.04,,,
-7.3960e-07,106,6.8,40,0,,,
-7.3920e-07,106,6.88,-40,0,,,
-7.3880e-07,106,6.8,40,0.04,,,
-7.3840e-07,98,6.88,-40,-0.04,,,
-7.3800e-07,98,6.88,-40,-0.04,,,
-7.3760e-07,106,6.88,40,0,,,
-7.3720e-07,94,6.88,-40,0,,,
-7.3680e-07,98,6.96,40,0,,,
-7.3640e-07,94,6.88,40,0,,,
-7.3600e-07,90,6.8,120,-0.04,,,
-7.3560e-07,90,6.72,120,-0.08,,,
-7.3520e-07,90,6.72,40,0,,,
-7.3480e-07,86,6.8,40,-0.04,,,
-7.3440e-07,86,6.72,40,0,,,
-7.3400e-07,90,6.64,-40,-0.04,,,
-7.3360e-07,82,6.72,40,0,,,
-7.3320e-07,82,6.64,-40,-0.04,,,
-7.3280e-07,86,6.72,-40,0,,,
-7.3240e-07,86,6.72,120,0,,,
-7.3200e-07,86,6.72,40,0,,,
-7.3160e-07,82,6.72,40,0,,,
-7.3120e-07,86,6.72,40,0,,,
-7.3080e-07,86,6.64,40,0,,,
-7.3040e-07,94,6.56,120,0.04,,,
-7.3000e-07,90,6.56,-40,-0.04,,,
-7.2960e-07,94,6.48,-40,0,,,
-7.2920e-07,98,6.48,-40,0,,,
-7.2880e-07,102,6.4,40,0,,,
-7.2840e-07,102,6.48,40,-0.04,,,
-7.2800e-07,106,6.48,40,-0.04,,,
-7.2760e-07,102,6.56,40,-0.04,,,
-7.2720e-07,110,6.56,120,0,,,
-7.2680e-07,110,6.56,40,0,,,
-7.2640e-07,106,6.48,40,-0.04,,,
-7.2600e-07,110,6.56,40,-0.04,,,
-7.2560e-07,110,6.56,40,0,,,
-7.2520e-07,114,6.56,120,0,,,
-7.2480e-07,114,6.56,120,-0.04,,,
-7.2440e-07,118,6.56,-40,-0.04,,,
-7.2400e-07,118,6.56,-40,-0.04,,,
-7.2360e-07,114,6.64,40,0,,,
-7.2320e-07,114,6.64,-40,-0.04,,,
-7.2280e-07,106,6.64,120,-0.04,,,
-7.2240e-07,106,6.64,40,0,,,
-7.2200e-07,102,6.72,40,-0.08,,,
-7.2160e-07,102,6.8,40,-0.04,,,
-7.2120e-07,98,6.72,120,-0.04,,,
-7.2080e-07,94,6.64,40,-0.08,,,
-7.2040e-07,94,6.72,-40,-0.04,,,
-7.2000e-07,94,6.72,40,-0.04,,,
-7.1960e-07,86,6.72,40,-0.04,,,
-7.1920e-07,82,6.8,120,0,,,
-7.1880e-07,82,6.64,40,-0.04,,,
-7.1840e-07,78,6.72,-40,-0.04,,,
-7.1800e-07,78,6.72,40,0,,,
-7.1760e-07,82,6.72,40,0,,,
-7.1720e-07,82,6.8,-40,-0.08,,,
-7.1680e-07,82,6.8,-40,-0.08,,,
-7.1640e-07,86,6.88,40,-0.04,,,
-7.1600e-07,86,6.8,40,-0.08,,,
-7.1560e-07,86,6.8,-40,0,,,
-7.1520e-07,86,6.8,-40,-0.04,,,
-7.1480e-07,90,6.96,40,-0.04,,,
-7.1440e-07,90,6.88,40,-0.08,,,
-7.1400e-07,90,6.88,40,-0.04,,,
-7.1360e-07,98,6.96,-40,-0.04,,,
-7.1320e-07,98,6.96,40,0,,,
-7.1280e-07,106,6.96,40,0.04,,,
-7.1240e-07,110,6.88,40,-0.04,,,
-7.1200e-07,118,6.88,120,-0.04,,,
-7.1160e-07,118,6.96,40,0,,,
-7.1120e-07,122,6.88,40,0,,,
-7.1080e-07,126,6.88,120,0,,,
-7.1040e-07,126,6.88,-40,0,,,
-7.1000e-07,126,6.96,-40,0,,,
-7.0960e-07,118,6.88,40,-0.04,,,
-7.0920e-07,122,6.96,-40,0,,,
-7.0880e-07,122,6.96,40,0,,,
-7.0840e-07,122,6.96,-40,0,,,
-7.0800e-07,122,6.88,40,-0.04,,,
-7.0760e-07,118,6.96,120,-0.04,,,
-7.0720e-07,114,6.96,120,-0.04,,,
-7.0680e-07,110,6.88,40,0,,,
-7.0640e-07,106,6.96,40,0,,,
-7.0600e-07,102,7.04,40,-0.04,,,
-7.0560e-07,94,7.04,40,0,,,
-7.0520e-07,94,6.96,40,-0.04,,,
-7.0480e-07,86,7.04,-40,-0.04,,,
-7.0440e-07,82,6.96,120,-0.04,,,
-7.0400e-07,82,7.04,-40,-0.04,,,
-7.0360e-07,78,7.04,-40,-0.04,,,
-7.0320e-07,74,7.04,40,0,,,
-7.0280e-07,70,6.96,-40,0,,,
-7.0240e-07,70,6.88,40,0,,,
-7.0200e-07,66,6.88,40,0,,,
-7.0160e-07,70,6.88,-40,0,,,
-7.0120e-07,70,6.88,40,0,,,
-7.0080e-07,70,6.96,-40,-0.08,,,
-7.0040e-07,70,6.8,-40,-0.04,,,
-7.0000e-07,74,6.72,40,0,,,
-6.9960e-07,82,6.72,-40,0,,,
-6.9920e-07,78,6.72,-40,-0.04,,,
-6.9880e-07,86,6.72,40,-0.04,,,
-6.9840e-07,82,6.64,40,0,,,
-6.9800e-07,86,6.72,-40,0,,,
-6.9760e-07,86,6.8,-40,0.04,,,
-6.9720e-07,94,6.72,120,0.04,,,
-6.9680e-07,98,6.8,40,0,,,
-6.9640e-07,102,6.8,120,0,,,
-6.9600e-07,102,6.8,40,0.04,,,
-6.9560e-07,106,6.64,40,0.04,,,
-6.9520e-07,110,6.72,40,0,,,
-6.9480e-07,110,6.72,40,0.04,,,
-6.9440e-07,110,6.64,40,0,,,
-6.9400e-07,114,6.72,-40,0,,,
-6.9360e-07,118,6.56,120,0,,,
-6.9320e-07,110,6.72,120,0,,,
-6.9280e-07,114,6.64,-40,0.04,,,
-6.9240e-07,110,6.64,40,0,,,
-6.9200e-07,106,6.72,40,0,,,
-6.9160e-07,106,6.8,40,0,,,
-6.9120e-07,102,6.72,-40,0,,,
-6.9080e-07,98,6.72,-40,0,,,
-6.9040e-07,90,6.8,-40,0,,,
-6.9000e-07,86,6.8,120,0,,,
-6.8960e-07,82,6.88,40,-0.04,,,
-6.8920e-07,78,6.88,120,0,,,
-6.8880e-07,74,6.96,40,0.04,,,
-6.8840e-07,70,6.96,120,0.04,,,
-6.8800e-07,66,7.12,40,0.04,,,
-6.8760e-07,70,7.12,120,0,,,
-6.8720e-07,66,7.12,-40,0,,,
-6.8680e-07,62,6.96,40,0,,,
-6.8640e-07,66,7.04,40,0.04,,,
-6.8600e-07,62,7.2,-40,0,,,
-6.8560e-07,66,7.2,-40,0,,,
-6.8520e-07,62,7.28,40,0.04,,,
-6.8480e-07,66,7.28,40,-0.04,,,
-6.8440e-07,66,7.28,40,0,,,
-6.8400e-07,66,7.36,40,0.04,,,
-6.8360e-07,70,7.36,40,0,,,
-6.8320e-07,70,7.52,120,0,,,
-6.8280e-07,78,7.36,40,0,,,
-6.8240e-07,86,7.52,40,-0.04,,,
-6.8200e-07,90,7.52,40,0,,,
-6.8160e-07,94,7.6,-40,-0.08,,,
-6.8120e-07,102,7.6,40,-0.04,,,
-6.8080e-07,98,7.52,40,-0.04,,,
-6.8040e-07,110,7.52,40,0,,,
-6.8000e-07,110,7.52,120,0,,,
-6.7960e-07,114,7.6,40,0,,,
-6.7920e-07,118,7.6,40,0,,,
-6.7880e-07,122,7.52,40,-0.04,,,
-6.7840e-07,126,7.52,40,0,,,
-6.7800e-07,122,7.44,40,0.04,,,
-6.7760e-07,126,7.44,40,0,,,
-6.7720e-07,122,7.52,120,0,,,
-6.7680e-07,118,7.52,40,0.04,,,
-6.7640e-07,118,7.36,-40,0,,,
-6.7600e-07,114,7.36,40,-0.04,,,
-6.7560e-07,110,7.44,40,-0.04,,,
-6.7520e-07,110,7.44,40,0,,,
-6.7480e-07,102,7.36,40,0,,,
-6.7440e-07,102,7.36,120,0,,,
-6.7400e-07,94,7.28,40,-0.04,,,
-6.7360e-07,94,7.28,-40,-0.04,,,
-6.7320e-07,86,7.36,120,-0.08,,,
-6.7280e-07,86,7.28,120,-0.04,,,
-6.7240e-07,82,7.44,40,0,,,
-6.7200e-07,82,7.36,40,-0.04,,,
-6.7160e-07,78,7.28,-40,0,,,
-6.7120e-07,70,7.28,40,0,,,
-6.7080e-07,70,7.28,40,0,,,
-6.7040e-07,66,7.28,120,0.04,,,
-6.7000e-07,66,7.2,40,0,,,
-6.6960e-07,70,7.2,40,-0.04,,,
-6.6920e-07,70,7.2,-40,-0.04,,,
-6.6880e-07,66,7.2,40,0,,,
-6.6840e-07,70,7.2,40,0,,,
-6.6800e-07,78,7.2,40,-0.04,,,
-6.6760e-07,78,7.2,40,-0.04,,,
-6.6720e-07,82,7.2,40,-0.04,,,
-6.6680e-07,82,7.12,-40,0,,,
-6.6640e-07,86,7.2,-40,0.04,,,
-6.6600e-07,90,7.2,-40,-0.04,,,
-6.6560e-07,94,7.2,40,0,,,
-6.6520e-07,102,7.12,40,0,,,
-6.6480e-07,106,7.2,40,-0.04,,,
-6.6440e-07,110,7.12,40,-0.08,,,
-6.6400e-07,110,7.2,40,-0.04,,,
-6.6360e-07,118,7.28,40,-0.04,,,
-6.6320e-07,114,7.28,40,-0.04,,,
-6.6280e-07,114,7.28,40,0,,,
-6.6240e-07,122,7.28,-120,0,,,
-6.6200e-07,122,7.2,-40,-0.04,,,
-6.6160e-07,118,7.2,-40,-0.04,,,
-6.6120e-07,122,7.2,40,-0.04,,,
-6.6080e-07,122,7.2,-40,0,,,
-6.6040e-07,122,7.28,40,0,,,
-6.6000e-07,122,7.28,-40,-0.04,,,
-6.5960e-07,118,7.36,40,-0.08,,,
-6.5920e-07,110,7.2,-40,-0.04,,,
-6.5880e-07,110,7.28,40,-0.04,,,
-6.5840e-07,110,7.2,-40,-0.04,,,
-6.5800e-07,102,7.28,120,-0.04,,,
-6.5760e-07,102,7.2,120,-0.04,,,
-6.5720e-07,94,7.28,-40,0,,,
-6.5680e-07,98,7.28,-40,-0.08,,,
-6.5640e-07,94,7.36,-40,0.04,,,
-6.5600e-07,86,7.36,40,0.04,,,
-6.5560e-07,86,7.36,-40,-0.08,,,
-6.5520e-07,82,7.36,40,-0.08,,,
-6.5480e-07,82,7.36,40,-0.04,,,
-6.5440e-07,78,7.44,40,-0.04,,,
-6.5400e-07,78,7.44,40,-0.04,,,
-6.5360e-07,70,7.36,40,-0.04,,,
-6.5320e-07,74,7.36,40,-0.04,,,
-6.5280e-07,78,7.52,40,-0.08,,,
-6.5240e-07,78,7.52,-40,-0.04,,,
-6.5200e-07,78,7.52,40,-0.04,,,
-6.5160e-07,82,7.44,40,0,,,
-6.5120e-07,82,7.44,-40,0,,,
-6.5080e-07,78,7.36,-40,0,,,
-6.5040e-07,86,7.44,40,-0.04,,,
-6.5000e-07,86,7.44,40,-0.08,,,
-6.4960e-07,86,7.44,-40,-0.08,,,
-6.4920e-07,86,7.44,-120,-0.04,,,
-6.4880e-07,94,7.52,-40,0,,,
-6.4840e-07,98,7.44,40,-0.04,,,
-6.4800e-07,94,7.52,40,-0.04,,,
-6.4760e-07,98,7.52,40,-0.04,,,
-6.4720e-07,98,7.52,40,0,,,
-6.4680e-07,98,7.6,40,0,,,
-6.4640e-07,102,7.44,40,-0.04,,,
-6.4600e-07,106,7.52,40,-0.08,,,
-6.4560e-07,106,7.52,40,0,,,
-6.4520e-07,106,7.44,120,-0.04,,,
-6.4480e-07,98,7.44,40,-0.04,,,
-6.4440e-07,98,7.44,40,-0.08,,,
-6.4400e-07,98,7.44,120,0,,,
-6.4360e-07,102,7.52,120,0,,,
-6.4320e-07,94,7.44,40,0,,,
-6.4280e-07,98,7.28,-40,0,,,
-6.4240e-07,90,7.36,-40,-0.04,,,
-6.4200e-07,90,7.36,40,-0.04,,,
-6.4160e-07,86,7.28,40,-0.04,,,
-6.4120e-07,82,7.28,40,0,,,
-6.4080e-07,86,7.2,40,0,,,
-6.4040e-07,86,7.28,40,-0.04,,,
-6.4000e-07,82,7.28,40,-0.04,,,
-6.3960e-07,74,7.28,120,-0.04,,,
-6.3920e-07,74,7.28,-40,0,,,
-6.3880e-07,78,7.28,-40,0.04,,,
-6.3840e-07,70,7.28,-40,0,,,
-6.3800e-07,70,7.2,40,-0.04,,,
-6.3760e-07,70,7.2,-40,-0.04,,,
-6.3720e-07,74,7.2,40,0,,,
-6.3680e-07,74,7.2,40,-0.04,,,
-6.3640e-07,78,7.2,40,-0.04,,,
-6.3600e-07,78,7.2,40,-0.04,,,
-6.3560e-07,78,7.28,40,-0.04,,,
-6.3520e-07,78,7.2,120,0,,,
-6.3480e-07,82,7.04,40,-0.04,,,
-6.3440e-07,86,7.12,-40,0,,,
-6.3400e-07,86,7.2,-40,-0.04,,,
-6.3360e-07,86,7.12,40,0,,,
-6.3320e-07,90,7.2,-40,0,,,
-6.3280e-07,86,7.28,120,0,,,
-6.3240e-07,94,7.28,-40,0.04,,,
-6.3200e-07,94,7.36,-40,0,,,
-6.3160e-07,94,7.36,-40,0.04,,,
-6.3120e-07,94,7.36,40,0.04,,,
-6.3080e-07,102,7.36,40,0.04,,,
-6.3040e-07,94,7.44,40,0.08,,,
-6.3000e-07,94,7.52,40,0,,,
-6.2960e-07,98,7.52,40,0,,,
-6.2920e-07,94,7.44,200,0,,,
-6.2880e-07,98,7.52,40,0,,,
-6.2840e-07,98,7.52,-40,-0.04,,,
-6.2800e-07,94,7.44,-40,0,,,
-6.2760e-07,94,7.6,-40,0.04,,,
-6.2720e-07,98,7.52,40,0,,,
-6.2680e-07,98,7.6,-40,0,,,
-6.2640e-07,98,7.68,-40,-0.04,,,
-6.2600e-07,90,7.76,40,0,,,
-6.2560e-07,94,7.76,40,0,,,
-6.2520e-07,94,7.76,40,0,,,
-6.2480e-07,94,8,-40,-0.04,,,
-6.2440e-07,90,7.84,40,0,,,
-6.2400e-07,90,7.84,40,0,,,
-6.2360e-07,90,7.84,40,0,,,
-6.2320e-07,90,7.84,-40,0.04,,,
-6.2280e-07,94,7.92,-40,0.08,,,
-6.2240e-07,86,7.92,40,0.04,,,
-6.2200e-07,90,7.84,40,-0.04,,,
-6.2160e-07,90,7.92,40,0,,,
-6.2120e-07,90,7.84,-120,-0.04,,,
-6.2080e-07,86,7.84,40,-0.04,,,
-6.2040e-07,90,7.84,40,0,,,
-6.2000e-07,86,7.84,-40,0,,,
-6.1960e-07,90,7.84,-120,0.04,,,
-6.1920e-07,86,7.84,40,-0.04,,,
-6.1880e-07,90,7.92,-40,-0.04,,,
-6.1840e-07,90,7.84,40,0,,,
-6.1800e-07,94,7.84,-40,0.04,,,
-6.1760e-07,90,7.84,40,0,,,
-6.1720e-07,94,7.76,120,0,,,
-6.1680e-07,90,7.76,-40,-0.04,,,
-6.1640e-07,94,7.84,40,0,,,
-6.1600e-07,94,7.76,-40,0,,,
-6.1560e-07,94,7.84,-40,0,,,
-6.1520e-07,94,7.76,40,0,,,
-6.1480e-07,94,7.84,120,-0.04,,,
-6.1440e-07,94,7.76,-40,0,,,
-6.1400e-07,94,7.68,40,0.04,,,
-6.1360e-07,94,7.76,40,-0.04,,,
-6.1320e-07,102,7.68,120,0,,,
-6.1280e-07,94,7.68,120,-0.04,,,
-6.1240e-07,98,7.52,120,0,,,
-6.1200e-07,94,7.68,40,0.04,,,
-6.1160e-07,94,7.6,40,0,,,
-6.1120e-07,98,7.6,40,0.04,,,
-6.1080e-07,98,7.52,-40,-0.08,,,
-6.1040e-07,98,7.6,-40,0.04,,,
-6.1000e-07,94,7.6,40,0,,,
-6.0960e-07,98,7.6,40,0.04,,,
-6.0920e-07,102,7.6,40,0.04,,,
-6.0880e-07,98,7.6,-40,-0.04,,,
-6.0840e-07,94,7.68,40,-0.08,,,
-6.0800e-07,98,7.6,40,0,,,
-6.0760e-07,98,7.68,120,0,,,
-6.0720e-07,98,7.68,40,-0.04,,,
-6.0680e-07,98,7.6,40,-0.04,,,
-6.0640e-07,94,7.6,40,0,,,
-6.0600e-07,98,7.52,-40,0,,,
-6.0560e-07,98,7.68,-40,0,,,
-6.0520e-07,98,7.52,40,0,,,
-6.0480e-07,102,7.52,120,-0.04,,,
-6.0440e-07,98,7.52,40,0,,,
-6.0400e-07,90,7.68,40,-0.04,,,
-6.0360e-07,94,7.68,-40,0,,,
-6.0320e-07,90,7.6,40,-0.04,,,
-6.0280e-07,90,7.68,40,-0.04,,,
-6.0240e-07,90,7.68,40,0,,,
-6.0200e-07,90,7.76,40,-0.04,,,
-6.0160e-07,86,7.76,40,0,,,
-6.0120e-07,90,7.76,40,0,,,
-6.0080e-07,82,7.84,-40,-0.04,,,
-6.0040e-07,90,7.76,40,0,,,
-6.0000e-07,86,7.84,40,0,,,
-5.9960e-07,86,7.84,120,-0.04,,,
-5.9920e-07,78,7.84,-40,-0.04,,,
-5.9880e-07,78,7.76,40,-0.04,,,
-5.9840e-07,78,7.76,-40,0,,,
-5.9800e-07,78,7.68,40,-0.08,,,
-5.9760e-07,78,7.84,40,-0.08,,,
-5.9720e-07,78,7.76,40,0,,,
-5.9680e-07,78,7.76,40,0,,,
-5.9640e-07,78,7.76,40,-0.04,,,
-5.9600e-07,78,7.76,40,-0.04,,,
-5.9560e-07,82,7.76,-40,-0.04,,,
-5.9520e-07,90,7.84,40,-0.08,,,
-5.9480e-07,86,7.92,-40,-0.04,,,
-5.9440e-07,90,8,-40,0,,,
-5.9400e-07,86,7.84,40,0,,,
-5.9360e-07,90,7.92,120,0,,,
-5.9320e-07,94,7.92,40,0,,,
-5.9280e-07,90,8,40,0.04,,,
-5.9240e-07,90,8,40,0,,,
-5.9200e-07,94,8,120,0,,,
-5.9160e-07,94,8,40,0,,,
-5.9120e-07,98,8,-40,0,,,
-5.9080e-07,94,8,40,-0.04,,,
-5.9040e-07,94,7.92,40,0,,,
-5.9000e-07,94,8,40,-0.04,,,
-5.8960e-07,90,7.92,40,-0.04,,,
-5.8920e-07,90,8,-40,0,,,
-5.8880e-07,86,8,40,0,,,
-5.8840e-07,86,7.84,40,-0.08,,,
-5.8800e-07,90,8,40,0,,,
-5.8760e-07,86,8,40,-0.04,,,
-5.8720e-07,86,7.92,40,-0.04,,,
-5.8680e-07,82,7.92,40,-0.04,,,
-5.8640e-07,82,7.92,-40,0,,,
-5.8600e-07,82,7.92,40,0,,,
-5.8560e-07,78,7.92,-40,0.04,,,
-5.8520e-07,78,7.84,40,-0.04,,,
-5.8480e-07,78,7.84,40,0,,,
-5.8440e-07,74,7.92,-40,0,,,
-5.8400e-07,70,7.92,40,0,,,
-5.8360e-07,74,7.92,40,0,,,
-5.8320e-07,74,7.92,40,-0.04,,,
-5.8280e-07,70,7.84,40,-0.04,,,
-5.8240e-07,74,7.76,40,-0.04,,,
-5.8200e-07,78,7.76,40,0,,,
-5.8160e-07,78,7.84,40,-0.08,,,
-5.8120e-07,78,7.84,40,-0.08,,,
-5.8080e-07,78,7.84,40,-0.04,,,
-5.8040e-07,82,7.76,40,0,,,
-5.8000e-07,86,7.76,40,0,,,
-5.7960e-07,82,7.76,-40,0,,,
-5.7920e-07,86,7.68,40,-0.04,,,
-5.7880e-07,86,7.68,120,-0.04,,,
-5.7840e-07,94,7.76,40,-0.04,,,
-5.7800e-07,98,7.76,-40,0,,,
-5.7760e-07,90,7.76,40,0,,,
-5.7720e-07,98,7.76,120,0,,,
-5.7680e-07,98,7.76,40,0,,,
-5.7640e-07,102,7.84,120,-0.08,,,
-5.7600e-07,102,7.76,-40,-0.04,,,
-5.7560e-07,98,7.76,40,0,,,
-5.7520e-07,102,7.84,40,0,,,
-5.7480e-07,102,8,-40,0,,,
-5.7440e-07,98,7.84,-40,-0.08,,,
-5.7400e-07,98,7.84,-40,0,,,
-5.7360e-07,98,8,40,-0.04,,,
-5.7320e-07,98,7.92,40,-0.04,,,
-5.7280e-07,94,8.08,40,0.04,,,
-5.7240e-07,94,8.16,40,0,,,
-5.7200e-07,90,8.08,40,0,,,
-5.7160e-07,82,8.08,40,0,,,
-5.7120e-07,86,8.16,-40,-0.04,,,
-5.7080e-07,82,8.24,40,-0.04,,,
-5.7040e-07,78,8.32,40,0,,,
-5.7000e-07,78,8.24,40,-0.04,,,
-5.6960e-07,74,8.24,40,-0.04,,,
-5.6920e-07,74,8.32,120,-0.04,,,
-5.6880e-07,74,8.4,40,0,,,
-5.6840e-07,70,8.48,40,-0.04,,,
-5.6800e-07,66,8.4,-40,0,,,
-5.6760e-07,70,8.32,40,0,,,
-5.6720e-07,70,8.4,-40,-0.04,,,
-5.6680e-07,70,8.48,40,0,,,
-5.6640e-07,74,8.48,40,0,,,
-5.6600e-07,78,8.48,-40,0,,,
-5.6560e-07,78,8.48,-40,-0.04,,,
-5.6520e-07,86,8.4,-40,-0.04,,,
-5.6480e-07,86,8.48,40,0,,,
-5.6440e-07,86,8.4,40,0,,,
-5.6400e-07,94,8.4,40,0,,,
-5.6360e-07,98,8.48,40,0,,,
-5.6320e-07,94,8.56,40,-0.04,,,
-5.6280e-07,106,8.4,40,0,,,
-5.6240e-07,106,8.64,40,0,,,
-5.6200e-07,106,8.48,-40,0,,,
-5.6160e-07,110,8.56,-40,0.04,,,
-5.6120e-07,114,8.56,40,0.04,,,
-5.6080e-07,110,8.56,120,0,,,
-5.6040e-07,110,8.56,40,0,,,
-5.6000e-07,110,8.48,40,0.04,,,
-5.5960e-07,106,8.48,-40,0.04,,,
-5.5920e-07,110,8.56,40,0,,,
-5.5880e-07,110,8.48,40,0,,,
-5.5840e-07,106,8.48,40,0,,,
-5.5800e-07,106,8.4,-40,0.08,,,
-5.5760e-07,106,8.48,40,0.08,,,
-5.5720e-07,98,8.4,40,0.12,,,
-5.5680e-07,98,8.32,40,0.04,,,
-5.5640e-07,94,8.32,-40,0,,,
-5.5600e-07,90,8.32,-40,0,,,
-5.5560e-07,86,8.4,-40,0,,,
-5.5520e-07,86,8.4,40,0,,,
-5.5480e-07,78,8.24,120,0.04,,,
-5.5440e-07,78,8.4,40,0,,,
-5.5400e-07,74,8.4,40,0,,,
-5.5360e-07,70,8.32,120,0.04,,,
-5.5320e-07,70,8.32,40,0.04,,,
-5.5280e-07,78,8.24,40,0,,,
-5.5240e-07,66,8.32,-40,-0.04,,,
-5.5200e-07,66,8.32,40,0,,,
-5.5160e-07,74,8.32,40,0.08,,,
-5.5120e-07,74,8.4,120,0.04,,,
-5.5080e-07,70,8.32,40,0.04,,,
-5.5040e-07,74,8.32,-40,0,,,
-5.5000e-07,74,8.16,-40,0,,,
-5.4960e-07,78,8.24,120,0,,,
-5.4920e-07,78,8.32,40,0,,,
-5.4880e-07,86,8.08,40,0,,,
-5.4840e-07,86,8.24,40,0,,,
-5.4800e-07,90,8.32,40,0,,,
-5.4760e-07,90,8.24,40,0,,,
-5.4720e-07,94,8.24,-40,0.04,,,
-5.4680e-07,94,8.16,-40,0.04,,,
-5.4640e-07,94,8.24,-40,0.08,,,
-5.4600e-07,98,8.24,-40,0.04,,,
-5.4560e-07,102,8.24,40,0.04,,,
-5.4520e-07,106,8.32,-40,0,,,
-5.4480e-07,102,8.24,40,0,,,
-5.4440e-07,102,8.24,40,0,,,
-5.4400e-07,98,8.24,40,0,,,
-5.4360e-07,98,8.24,-40,0,,,
-5.4320e-07,98,8.24,40,0,,,
-5.4280e-07,94,8.32,40,0,,,
-5.4240e-07,94,8.32,40,0,,,
-5.4200e-07,94,8.32,40,0,,,
-5.4160e-07,86,8.32,40,-0.04,,,
-5.4120e-07,86,8.4,-40,-0.04,,,
-5.4080e-07,78,8.4,-40,-0.04,,,
-5.4040e-07,74,8.32,40,0,,,
-5.4000e-07,74,8.4,40,0,,,
-5.3960e-07,70,8.48,40,-0.04,,,
-5.3920e-07,66,8.48,40,0,,,
-5.3880e-07,62,8.48,40,0.04,,,
-5.3840e-07,58,8.56,40,-0.04,,,
-5.3800e-07,58,8.48,-40,-0.08,,,
-5.3760e-07,54,8.56,40,0,,,
-5.3720e-07,58,8.56,40,-0.04,,,
-5.3680e-07,58,8.64,-40,-0.04,,,
-5.3640e-07,58,8.56,120,-0.08,,,
-5.3600e-07,54,8.56,120,-0.04,,,
-5.3560e-07,62,8.64,40,-0.04,,,
-5.3520e-07,58,8.64,40,-0.04,,,
-5.3480e-07,66,8.64,-120,0,,,
-5.3440e-07,66,8.64,40,0,,,
-5.3400e-07,70,8.72,40,-0.04,,,
-5.3360e-07,70,8.64,-40,0,,,
-5.3320e-07,74,8.64,40,-0.04,,,
-5.3280e-07,78,8.64,40,-0.04,,,
-5.3240e-07,86,8.64,40,-0.04,,,
-5.3200e-07,90,8.64,40,-0.08,,,
-5.3160e-07,86,8.64,120,-0.04,,,
-5.3120e-07,90,8.72,40,-0.04,,,
-5.3080e-07,90,8.72,40,-0.04,,,
-5.3040e-07,94,8.72,-40,-0.08,,,
-5.3000e-07,94,8.72,-40,-0.04,,,
-5.2960e-07,94,8.72,-40,0,,,
-5.2920e-07,98,8.72,40,-0.04,,,
-5.2880e-07,98,8.64,120,-0.04,,,
-5.2840e-07,98,8.48,120,-0.04,,,
-5.2800e-07,98,8.56,40,-0.04,,,
-5.2760e-07,102,8.48,40,-0.04,,,
-5.2720e-07,102,8.48,40,-0.04,,,
-5.2680e-07,98,8.56,40,-0.04,,,
-5.2640e-07,94,8.48,40,-0.08,,,
-5.2600e-07,94,8.48,120,-0.04,,,
-5.2560e-07,90,8.48,-120,-0.04,,,
-5.2520e-07,90,8.48,-40,-0.04,,,
-5.2480e-07,90,8.4,40,-0.08,,,
-5.2440e-07,90,8.4,40,-0.04,,,
-5.2400e-07,86,8.4,40,0,,,
-5.2360e-07,86,8.56,40,-0.04,,,
-5.2320e-07,74,8.48,40,-0.08,,,
-5.2280e-07,82,8.4,40,-0.04,,,
-5.2240e-07,78,8.48,40,-0.04,,,
-5.2200e-07,78,8.56,40,-0.04,,,
-5.2160e-07,74,8.48,40,-0.04,,,
-5.2120e-07,78,8.4,120,-0.04,,,
-5.2080e-07,78,8.4,120,-0.04,,,
-5.2040e-07,74,8.32,40,-0.08,,,
-5.2000e-07,74,8.4,40,-0.08,,,
-5.1960e-07,78,8.4,-40,-0.08,,,
-5.1920e-07,78,8.48,40,-0.04,,,
-5.1880e-07,78,8.48,40,-0.04,,,
-5.1840e-07,82,8.48,-40,0,,,
-5.1800e-07,82,8.56,-40,0,,,
-5.1760e-07,78,8.56,120,-0.08,,,
-5.1720e-07,82,8.56,40,-0.04,,,
-5.1680e-07,82,8.56,120,-0.04,,,
-5.1640e-07,82,8.64,40,-0.04,,,
-5.1600e-07,90,8.72,-40,-0.04,,,
-5.1560e-07,86,8.64,-40,-0.04,,,
-5.1520e-07,90,8.64,120,-0.04,,,
-5.1480e-07,90,8.56,120,-0.12,,,
-5.1440e-07,94,8.64,40,-0.04,,,
-5.1400e-07,98,8.72,40,-0.04,,,
-5.1360e-07,94,8.72,40,0,,,
-5.1320e-07,94,8.72,40,-0.04,,,
-5.1280e-07,94,8.72,40,-0.04,,,
-5.1240e-07,94,8.8,40,-0.04,,,
-5.1200e-07,94,8.8,40,0,,,
-5.1160e-07,94,8.8,120,-0.04,,,
-5.1120e-07,86,8.8,-40,-0.04,,,
-5.1080e-07,90,8.88,-40,-0.04,,,
-5.1040e-07,86,8.8,40,-0.04,,,
-5.1000e-07,86,8.8,40,-0.04,,,
-5.0960e-07,82,8.88,40,0,,,
-5.0920e-07,82,8.96,40,-0.04,,,
-5.0880e-07,82,8.88,120,0.08,,,
-5.0840e-07,74,8.88,40,0,,,
-5.0800e-07,74,8.96,40,-0.04,,,
-5.0760e-07,74,8.96,-40,-0.04,,,
-5.0720e-07,74,9.04,-40,0,,,
-5.0680e-07,70,9.04,-40,0.04,,,
-5.0640e-07,74,8.96,40,0,,,
-5.0600e-07,70,9.04,40,-0.04,,,
-5.0560e-07,70,9.04,120,0,,,
-5.0520e-07,74,8.96,40,0,,,
-5.0480e-07,66,8.96,40,-0.04,,,
-5.0440e-07,70,9.04,120,0,,,
-5.0400e-07,70,9.04,40,0,,,
-5.0360e-07,70,9.04,120,-0.04,,,
-5.0320e-07,70,9.04,40,-0.04,,,
-5.0280e-07,70,8.96,-40,-0.04,,,
-5.0240e-07,74,9.04,120,0,,,
-5.0200e-07,74,8.96,40,0,,,
-5.0160e-07,78,8.96,40,0,,,
-5.0120e-07,78,9.04,40,0,,,
-5.0080e-07,78,8.88,120,0,,,
-5.0040e-07,78,8.88,40,0,,,
-5.0000e-07,82,8.96,-40,0,,,
-4.9960e-07,78,8.88,40,0,,,
-4.9920e-07,78,9.04,-120,0.08,,,
-4.9880e-07,78,8.96,-40,0.04,,,
-4.9840e-07,86,8.96,-40,0.04,,,
-4.9800e-07,86,8.88,40,-0.04,,,
-4.9760e-07,86,8.88,120,0,,,
-4.9720e-07,86,8.88,40,0,,,
-4.9680e-07,86,8.8,40,0.04,,,
-4.9640e-07,86,8.8,40,0,,,
-4.9600e-07,86,8.72,-40,0,,,
-4.9560e-07,86,8.8,40,0.04,,,
-4.9520e-07,86,8.72,120,0,,,
-4.9480e-07,86,8.72,40,0,,,
-4.9440e-07,90,8.72,-40,0.08,,,
-4.9400e-07,86,8.72,-40,0.08,,,
-4.9360e-07,86,8.72,-40,0.08,,,
-4.9320e-07,86,8.72,40,0.08,,,
-4.9280e-07,90,8.72,40,0.04,,,
-4.9240e-07,90,8.64,-40,-0.04,,,
-4.9200e-07,90,8.72,40,0,,,
-4.9160e-07,90,8.72,40,0.04,,,
-4.9120e-07,86,8.72,40,0,,,
-4.9080e-07,82,8.64,40,0.04,,,
-4.9040e-07,82,8.64,40,0.04,,,
-4.9000e-07,82,8.64,40,0.04,,,
-4.8960e-07,82,8.64,40,0,,,
-4.8920e-07,82,8.64,40,0.04,,,
-4.8880e-07,86,8.64,40,0,,,
-4.8840e-07,86,8.64,40,0,,,
-4.8800e-07,86,8.64,40,0,,,
-4.8760e-07,82,8.64,120,0,,,
-4.8720e-07,86,8.72,40,0,,,
-4.8680e-07,82,8.72,-40,-0.04,,,
-4.8640e-07,82,8.64,40,-0.04,,,
-4.8600e-07,78,8.72,40,-0.04,,,
-4.8560e-07,78,8.64,120,0.04,,,
-4.8520e-07,74,8.64,40,0,,,
-4.8480e-07,78,8.72,40,0,,,
-4.8440e-07,78,8.72,-40,-0.04,,,
-4.8400e-07,82,8.8,-40,0,,,
-4.8360e-07,78,8.8,40,0,,,
-4.8320e-07,78,8.88,40,0,,,
-4.8280e-07,86,8.88,-40,0,,,
-4.8240e-07,82,8.88,-40,0.04,,,
-4.8200e-07,78,8.8,40,0,,,
-4.8160e-07,82,8.8,-40,0,,,
-4.8120e-07,78,8.88,40,0,,,
-4.8080e-07,78,8.88,-40,-0.04,,,
-4.8040e-07,78,8.88,-40,-0.04,,,
-4.8000e-07,78,8.88,40,-0.04,,,
-4.7960e-07,78,8.8,-40,-0.04,,,
-4.7920e-07,78,8.96,40,0.04,,,
-4.7880e-07,74,8.88,40,0,,,
-4.7840e-07,74,8.88,-40,-0.04,,,
-4.7800e-07,74,8.88,-40,0,,,
-4.7760e-07,70,8.96,40,0,,,
-4.7720e-07,74,8.96,40,-0.04,,,
-4.7680e-07,70,8.96,-40,-0.04,,,
-4.7640e-07,74,8.96,-40,-0.04,,,
-4.7600e-07,70,9.04,40,0,,,
-4.7560e-07,70,8.96,120,-0.04,,,
-4.7520e-07,70,9.04,40,0,,,
-4.7480e-07,74,9.04,40,0,,,
-4.7440e-07,74,9.04,40,-0.04,,,
-4.7400e-07,70,9.04,-40,0,,,
-4.7360e-07,70,9.04,40,0.04,,,
-4.7320e-07,70,9.04,40,0,,,
-4.7280e-07,70,8.96,-40,-0.04,,,
-4.7240e-07,70,8.88,120,0,,,
-4.7200e-07,70,9.04,40,-0.04,,,
-4.7160e-07,70,9.04,40,-0.04,,,
-4.7120e-07,74,8.96,40,0,,,
-4.7080e-07,70,8.88,40,-0.04,,,
-4.7040e-07,74,8.96,-40,-0.04,,,
-4.7000e-07,74,8.96,120,-0.08,,,
-4.6960e-07,70,8.96,40,-0.04,,,
-4.6920e-07,74,8.88,40,-0.08,,,
-4.6880e-07,74,8.88,40,-0.12,,,
-4.6840e-07,74,8.88,40,-0.08,,,
-4.6800e-07,78,8.96,40,0,,,
-4.6760e-07,78,8.88,40,-0.08,,,
-4.6720e-07,78,8.88,40,-0.04,,,
-4.6680e-07,78,8.88,40,-0.08,,,
-4.6640e-07,70,8.8,40,-0.08,,,
-4.6600e-07,74,8.88,-40,0,,,
-4.6560e-07,74,8.8,40,0,,,
-4.6520e-07,78,8.8,40,-0.04,,,
-4.6480e-07,74,8.72,40,-0.08,,,
-4.6440e-07,78,8.88,-40,-0.08,,,
-4.6400e-07,78,8.8,40,-0.08,,,
-4.6360e-07,78,8.8,120,-0.04,,,
-4.6320e-07,78,8.88,-40,0,,,
-4.6280e-07,78,8.88,-40,-0.04,,,
-4.6240e-07,78,8.88,-40,-0.12,,,
-4.6200e-07,78,8.8,120,-0.08,,,
-4.6160e-07,82,8.72,-40,-0.08,,,
-4.6120e-07,82,8.8,-40,-0.08,,,
-4.6080e-07,82,8.88,40,-0.04,,,
-4.6040e-07,86,8.72,-40,-0.04,,,
-4.6000e-07,86,8.88,40,-0.08,,,
-4.5960e-07,82,8.88,40,-0.08,,,
-4.5920e-07,82,8.88,40,-0.08,,,
-4.5880e-07,82,8.88,120,-0.08,,,
-4.5840e-07,82,8.96,-40,0,,,
-4.5800e-07,82,8.96,-40,-0.04,,,
-4.5760e-07,86,9.04,40,-0.04,,,
-4.5720e-07,82,9.04,40,0,,,
-4.5680e-07,78,9.04,40,-0.04,,,
-4.5640e-07,86,8.96,40,-0.04,,,
-4.5600e-07,86,8.96,-40,-0.04,,,
-4.5560e-07,86,8.96,-40,-0.04,,,
-4.5520e-07,82,9.04,-40,-0.08,,,
-4.5480e-07,82,9.04,-40,0,,,
-4.5440e-07,82,9.12,40,0,,,
-4.5400e-07,82,9.12,40,0,,,
-4.5360e-07,82,9.12,40,-0.04,,,
-4.5320e-07,78,9.04,-40,-0.08,,,
-4.5280e-07,82,9.12,40,0,,,
-4.5240e-07,78,9.2,40,-0.04,,,
-4.5200e-07,78,9.28,40,-0.04,,,
-4.5160e-07,78,9.12,-40,-0.04,,,
-4.5120e-07,78,9.2,40,0,,,
-4.5080e-07,78,9.28,40,-0.04,,,
-4.5040e-07,78,9.36,40,-0.04,,,
-4.5000e-07,74,9.28,-40,0,,,
-4.4960e-07,74,9.28,120,-0.04,,,
-4.4920e-07,78,9.28,-40,0,,,
-4.4880e-07,74,9.2,-40,-0.04,,,
-4.4840e-07,74,9.28,-40,0,,,
-4.4800e-07,78,9.28,-40,-0.04,,,
-4.4760e-07,78,9.28,40,0,,,
-4.4720e-07,78,9.28,40,0,,,
-4.4680e-07,74,9.28,40,0,,,
-4.4640e-07,74,9.36,-40,-0.04,,,
-4.4600e-07,74,9.28,40,-0.04,,,
-4.4560e-07,74,9.28,40,-0.04,,,
-4.4520e-07,78,9.28,40,0,,,
-4.4480e-07,78,9.28,40,0,,,
-4.4440e-07,78,9.28,40,-0.04,,,
-4.4400e-07,78,9.28,120,0,,,
-4.4360e-07,74,9.2,-40,-0.04,,,
-4.4320e-07,74,9.2,-40,0,,,
-4.4280e-07,78,9.2,40,0,,,
-4.4240e-07,78,9.12,40,0,,,
-4.4200e-07,78,9.12,120,0.04,,,
-4.4160e-07,78,9.12,40,0.04,,,
-4.4120e-07,78,9.2,40,0.04,,,
-4.4080e-07,82,9.2,120,0.04,,,
-4.4040e-07,78,9.2,40,0,,,
-4.4000e-07,78,9.12,40,0,,,
-4.3960e-07,78,9.12,40,0.04,,,
-4.3920e-07,78,9.12,40,0.04,,,
-4.3880e-07,74,9.04,120,0.04,,,
-4.3840e-07,74,9.12,40,0.04,,,
-4.3800e-07,78,9.12,-40,0,,,
-4.3760e-07,74,9.12,40,0.04,,,
-4.3720e-07,78,9.04,40,0.04,,,
-4.3680e-07,74,9.12,40,0,,,
-4.3640e-07,78,9.04,40,0,,,
-4.3600e-07,78,9.04,40,0.04,,,
-4.3560e-07,74,9.04,-40,0.04,,,
-4.3520e-07,74,8.96,40,0.04,,,
-4.3480e-07,74,8.96,-40,0,,,
-4.3440e-07,74,8.96,40,0.04,,,
-4.3400e-07,74,9.04,40,0.04,,,
-4.3360e-07,70,8.96,40,0,,,
-4.3320e-07,70,8.96,40,0,,,
-4.3280e-07,74,9.04,120,0,,,
-4.3240e-07,70,9.12,40,-0.04,,,
-4.3200e-07,66,9.12,40,0,,,
-4.3160e-07,66,9.04,40,0,,,
-4.3120e-07,70,9.12,40,0.04,,,
-4.3080e-07,66,9.04,40,0,,,
-4.3040e-07,70,9.04,40,0,,,
-4.3000e-07,70,9.12,40,0.04,,,
-4.2960e-07,70,9.12,-40,0,,,
-4.2920e-07,66,8.96,-40,-0.04,,,
-4.2880e-07,70,9.12,40,0,,,
-4.2840e-07,70,9.12,-40,0.04,,,
-4.2800e-07,74,9.04,40,0,,,
-4.2760e-07,74,9.12,40,-0.04,,,
-4.2720e-07,70,9.2,40,0,,,
-4.2680e-07,74,9.2,-40,0,,,
-4.2640e-07,78,9.2,40,0,,,
-4.2600e-07,78,9.2,40,0,,,
-4.2560e-07,78,9.12,120,0.04,,,
-4.2520e-07,78,9.2,40,0.04,,,
-4.2480e-07,74,9.28,40,0,,,
-4.2440e-07,74,9.28,40,-0.04,,,
-4.2400e-07,74,9.2,-40,-0.04,,,
-4.2360e-07,78,9.28,40,0,,,
-4.2320e-07,74,9.2,-40,0,,,
-4.2280e-07,74,9.28,40,0.04,,,
-4.2240e-07,70,9.2,-40,0,,,
-4.2200e-07,74,9.28,-40,0,,,
-4.2160e-07,74,9.28,-40,-0.04,,,
-4.2120e-07,74,9.28,40,-0.04,,,
-4.2080e-07,70,9.28,120,0,,,
-4.2040e-07,66,9.28,40,0,,,
-4.2000e-07,70,9.36,120,0,,,
-4.1960e-07,70,9.36,40,0,,,
-4.1920e-07,70,9.36,-40,0,,,
-4.1880e-07,66,9.36,40,0.04,,,
-4.1840e-07,62,9.44,40,0,,,
-4.1800e-07,66,9.44,40,0.04,,,
-4.1760e-07,66,9.36,40,0,,,
-4.1720e-07,66,9.44,-40,0,,,
-4.1680e-07,62,9.44,-40,0,,,
-4.1640e-07,66,9.44,-40,0,,,
-4.1600e-07,66,9.44,40,-0.04,,,
-4.1560e-07,74,9.36,40,-0.04,,,
-4.1520e-07,70,9.36,40,-0.04,,,
-4.1480e-07,70,9.36,40,-0.04,,,
-4.1440e-07,74,9.44,40,-0.04,,,
-4.1400e-07,74,9.36,-40,-0.08,,,
-4.1360e-07,78,9.44,-40,-0.04,,,
-4.1320e-07,78,9.36,-40,-0.04,,,
-4.1280e-07,78,9.44,-40,-0.04,,,
-4.1240e-07,78,9.36,120,-0.04,,,
-4.1200e-07,78,9.44,120,-0.04,,,
-4.1160e-07,82,9.36,40,-0.04,,,
-4.1120e-07,82,9.36,-40,-0.04,,,
-4.1080e-07,82,9.28,40,0.04,,,
-4.1040e-07,78,9.36,40,0,,,
-4.1000e-07,82,9.36,-40,-0.04,,,
-4.0960e-07,78,9.44,-40,-0.04,,,
-4.0920e-07,82,9.36,40,-0.08,,,
-4.0880e-07,82,9.36,40,-0.04,,,
-4.0840e-07,82,9.36,40,-0.04,,,
-4.0800e-07,86,9.36,40,-0.04,,,
-4.0760e-07,78,9.28,40,-0.04,,,
-4.0720e-07,78,9.28,40,-0.04,,,
-4.0680e-07,74,9.28,-40,-0.04,,,
-4.0640e-07,78,9.36,40,-0.04,,,
-4.0600e-07,74,9.36,40,-0.08,,,
-4.0560e-07,82,9.28,40,-0.04,,,
-4.0520e-07,74,9.2,-40,-0.08,,,
-4.0480e-07,70,9.28,40,0,,,
-4.0440e-07,70,9.28,40,-0.04,,,
-4.0400e-07,70,9.2,40,-0.04,,,
-4.0360e-07,74,9.2,-40,-0.04,,,
-4.0320e-07,70,9.28,40,-0.04,,,
-4.0280e-07,70,9.28,40,-0.04,,,
-4.0240e-07,74,9.36,-40,-0.04,,,
-4.0200e-07,70,9.28,120,-0.08,,,
-4.0160e-07,66,9.36,40,0,,,
-4.0120e-07,70,9.36,-40,-0.04,,,
-4.0080e-07,74,9.36,40,-0.04,,,
-4.0040e-07,74,9.36,40,-0.08,,,
-4.0000e-07,70,9.36,40,-0.04,,,
-3.9960e-07,78,9.44,-40,0,,,
-3.9920e-07,78,9.28,40,0,,,
-3.9880e-07,74,9.36,40,-0.04,,,
-3.9840e-07,74,9.36,40,0,,,
-3.9800e-07,78,9.36,40,0,,,
-3.9760e-07,78,9.36,120,-0.04,,,
-3.9720e-07,78,9.44,40,-0.04,,,
-3.9680e-07,82,9.44,-40,0,,,
-3.9640e-07,86,9.44,40,-0.04,,,
-3.9600e-07,82,9.6,-40,-0.04,,,
-3.9560e-07,78,9.6,40,0,,,
-3.9520e-07,82,9.6,120,0,,,
-3.9480e-07,74,9.6,40,-0.04,,,
-3.9440e-07,82,9.68,-40,0,,,
-3.9400e-07,74,9.76,40,0,,,
-3.9360e-07,78,9.76,40,0,,,
-3.9320e-07,78,9.76,40,0,,,
-3.9280e-07,74,9.68,40,0,,,
-3.9240e-07,74,9.68,40,-0.08,,,
-3.9200e-07,70,9.68,120,-0.04,,,
-3.9160e-07,66,9.68,-40,-0.04,,,
-3.9120e-07,66,9.76,40,-0.04,,,
-3.9080e-07,66,9.76,40,-0.04,,,
-3.9040e-07,62,9.68,-40,-0.04,,,
-3.9000e-07,66,9.68,40,0,,,
-3.8960e-07,58,9.76,40,0.04,,,
-3.8920e-07,62,9.76,-40,0,,,
-3.8880e-07,58,9.68,40,0,,,
-3.8840e-07,54,9.68,-40,0.04,,,
-3.8800e-07,58,9.68,40,0,,,
-3.8760e-07,58,9.76,-40,-0.04,,,
-3.8720e-07,58,9.76,-40,0,,,
-3.8680e-07,58,9.76,40,-0.04,,,
-3.8640e-07,58,9.68,40,-0.04,,,
-3.8600e-07,58,9.6,-40,0,,,
-3.8560e-07,58,9.68,-40,0,,,
-3.8520e-07,62,9.68,40,-0.04,,,
-3.8480e-07,58,9.68,40,0.04,,,
-3.8440e-07,70,9.76,40,0,,,
-3.8400e-07,66,9.68,-40,0,,,
-3.8360e-07,66,9.68,40,0,,,
-3.8320e-07,66,9.6,40,0,,,
-3.8280e-07,66,9.6,40,-0.04,,,
-3.8240e-07,70,9.68,-40,0,,,
-3.8200e-07,70,9.6,-40,0.04,,,
-3.8160e-07,74,9.52,40,0,,,
-3.8120e-07,74,9.52,120,0,,,
-3.8080e-07,74,9.6,-40,0,,,
-3.8040e-07,74,9.6,40,0,,,
-3.8000e-07,78,9.6,40,0,,,
-3.7960e-07,78,9.52,40,0,,,
-3.7920e-07,78,9.52,40,0,,,
-3.7880e-07,78,9.52,40,-0.04,,,
-3.7840e-07,82,9.6,40,0,,,
-3.7800e-07,78,9.52,40,0,,,
-3.7760e-07,74,9.52,40,0,,,
-3.7720e-07,78,9.52,40,0,,,
-3.7680e-07,74,9.44,-40,0,,,
-3.7640e-07,78,9.44,40,-0.04,,,
-3.7600e-07,78,9.52,40,-0.04,,,
-3.7560e-07,74,9.52,40,-0.04,,,
-3.7520e-07,66,9.44,40,0,,,
-3.7480e-07,70,9.44,40,0,,,
-3.7440e-07,70,9.52,120,0,,,
-3.7400e-07,70,9.52,40,-0.04,,,
-3.7360e-07,66,9.52,-40,0,,,
-3.7320e-07,66,9.6,40,-0.04,,,
-3.7280e-07,70,9.6,40,0.04,,,
-3.7240e-07,70,9.6,40,-0.04,,,
-3.7200e-07,66,9.6,-40,0,,,
-3.7160e-07,70,9.52,40,0,,,
-3.7120e-07,70,9.6,-40,0,,,
-3.7080e-07,70,9.52,-40,0,,,
-3.7040e-07,70,9.68,-40,0.04,,,
-3.7000e-07,74,9.68,120,-0.04,,,
-3.6960e-07,66,9.68,120,-0.04,,,
-3.6920e-07,70,9.68,40,0,,,
-3.6880e-07,70,9.68,-40,-0.04,,,
-3.6840e-07,74,9.6,40,-0.04,,,
-3.6800e-07,74,9.68,40,0,,,
-3.6760e-07,78,9.68,40,0,,,
-3.6720e-07,74,9.76,40,0,,,
-3.6680e-07,78,9.68,-40,0,,,
-3.6640e-07,74,9.68,-40,-0.04,,,
-3.6600e-07,78,9.76,-40,-0.04,,,
-3.6560e-07,78,9.68,40,-0.04,,,
-3.6520e-07,74,9.76,120,0,,,
-3.6480e-07,74,9.76,40,0.04,,,
-3.6440e-07,78,9.76,40,0,,,
-3.6400e-07,74,9.76,-40,0,,,
-3.6360e-07,74,9.76,40,0,,,
-3.6320e-07,74,9.84,40,-0.04,,,
-3.6280e-07,70,9.84,40,0,,,
-3.6240e-07,74,9.84,40,-0.04,,,
-3.6200e-07,66,9.76,40,-0.04,,,
-3.6160e-07,66,9.76,40,0,,,
-3.6120e-07,70,9.84,40,0,,,
-3.6080e-07,66,9.84,40,-0.04,,,
-3.6040e-07,66,9.92,40,-0.04,,,
-3.6000e-07,62,9.76,40,-0.04,,,
-3.5960e-07,62,9.92,40,0,,,
-3.5920e-07,58,9.76,120,-0.04,,,
-3.5880e-07,58,9.84,40,-0.04,,,
-3.5840e-07,58,9.92,40,0,,,
-3.5800e-07,66,9.84,40,-0.04,,,
-3.5760e-07,62,9.84,40,-0.04,,,
-3.5720e-07,58,9.84,40,0,,,
-3.5680e-07,62,9.92,-40,0,,,
-3.5640e-07,62,9.84,-40,0,,,
-3.5600e-07,62,9.84,-40,0.04,,,
-3.5560e-07,66,9.84,40,-0.04,,,
-3.5520e-07,66,9.92,40,-0.04,,,
-3.5480e-07,66,9.92,40,0,,,
-3.5440e-07,66,9.92,40,0.04,,,
-3.5400e-07,66,9.92,-40,0.04,,,
-3.5360e-07,66,9.92,-40,0,,,
-3.5320e-07,66,9.84,-40,-0.04,,,
-3.5280e-07,70,9.76,-40,-0.04,,,
-3.5240e-07,70,9.84,40,0,,,
-3.5200e-07,74,9.84,40,0,,,
-3.5160e-07,74,9.76,40,-0.04,,,
-3.5120e-07,70,9.76,40,0,,,
-3.5080e-07,74,9.68,40,0,,,
-3.5040e-07,74,9.68,40,-0.04,,,
-3.5000e-07,70,9.68,40,-0.04,,,
-3.4960e-07,70,9.76,120,0,,,
-3.4920e-07,66,9.68,40,-0.08,,,
-3.4880e-07,70,9.84,40,0,,,
-3.4840e-07,70,9.76,40,-0.04,,,
-3.4800e-07,70,9.68,40,-0.08,,,
-3.4760e-07,66,9.68,40,-0.04,,,
-3.4720e-07,66,9.6,-40,-0.04,,,
-3.4680e-07,62,9.6,200,-0.04,,,
-3.4640e-07,66,9.68,40,0,,,
-3.4600e-07,66,9.68,40,0,,,
-3.4560e-07,66,9.84,40,0,,,
-3.4520e-07,66,9.68,40,0,,,
-3.4480e-07,66,9.68,40,0,,,
-3.4440e-07,66,9.68,-40,-0.04,,,
-3.4400e-07,66,9.68,-40,0,,,
-3.4360e-07,70,9.68,120,-0.04,,,
-3.4320e-07,70,9.68,40,-0.04,,,
-3.4280e-07,66,9.76,40,-0.04,,,
-3.4240e-07,66,9.76,120,0,,,
-3.4200e-07,70,9.76,120,0,,,
-3.4160e-07,66,9.76,40,0,,,
-3.4120e-07,70,9.84,40,-0.04,,,
-3.4080e-07,70,9.84,40,0,,,
-3.4040e-07,70,9.84,-40,0,,,
-3.4000e-07,78,9.84,40,-0.04,,,
-3.3960e-07,70,9.84,120,-0.04,,,
-3.3920e-07,74,9.92,120,0,,,
-3.3880e-07,74,9.92,40,-0.04,,,
-3.3840e-07,74,9.92,-40,-0.04,,,
-3.3800e-07,74,9.92,-40,-0.04,,,
-3.3760e-07,74,9.92,40,0,,,
-3.3720e-07,70,9.92,40,-0.04,,,
-3.3680e-07,74,9.92,-40,0,,,
-3.3640e-07,78,10,40,0,,,
-3.3600e-07,78,10,40,-0.04,,,
-3.3560e-07,74,9.92,40,-0.04,,,
-3.3520e-07,78,10,-40,0,,,
-3.3480e-07,78,10.16,-40,0,,,
-3.3440e-07,78,10.08,120,-0.04,,,
-3.3400e-07,70,10.08,40,-0.04,,,
-3.3360e-07,70,10.08,-40,-0.08,,,
-3.3320e-07,70,10.08,40,-0.08,,,
-3.3280e-07,70,10,40,0,,,
-3.3240e-07,66,10.16,120,0,,,
-3.3200e-07,66,10.16,-40,-0.12,,,
-3.3160e-07,66,10,40,-0.08,,,
-3.3120e-07,66,10.08,40,-0.04,,,
-3.3080e-07,58,10.08,-40,0,,,
-3.3040e-07,62,10.08,40,0,,,
-3.3000e-07,62,10.08,-40,0,,,
-3.2960e-07,62,10,40,-0.04,,,
-3.2920e-07,58,10.08,-120,-0.04,,,
-3.2880e-07,58,10.08,40,-0.08,,,
-3.2840e-07,58,10.08,40,0,,,
-3.2800e-07,62,9.92,120,0.04,,,
-3.2760e-07,58,10,-40,0,,,
-3.2720e-07,58,9.92,-40,0,,,
-3.2680e-07,58,9.92,40,-0.04,,,
-3.2640e-07,58,9.92,40,-0.04,,,
-3.2600e-07,58,9.92,40,0,,,
-3.2560e-07,62,10,40,0,,,
-3.2520e-07,58,10,40,0,,,
-3.2480e-07,58,9.84,40,-0.04,,,
-3.2440e-07,62,9.92,40,0,,,
-3.2400e-07,62,9.92,40,-0.04,,,
-3.2360e-07,66,9.84,40,-0.08,,,
-3.2320e-07,66,9.92,-120,0,,,
-3.2280e-07,66,9.84,-40,-0.04,,,
-3.2240e-07,66,9.92,40,-0.04,,,
-3.2200e-07,62,9.92,120,0.04,,,
-3.2160e-07,66,9.84,40,0,,,
-3.2120e-07,62,9.84,40,-0.04,,,
-3.2080e-07,66,9.84,40,0,,,
-3.2040e-07,66,9.76,40,0,,,
-3.2000e-07,74,9.84,40,0,,,
-3.1960e-07,66,9.84,120,0,,,
-3.1920e-07,66,9.84,-40,0,,,
-3.1880e-07,66,9.84,-40,-0.04,,,
-3.1840e-07,70,9.92,40,-0.04,,,
-3.1800e-07,66,10,40,0,,,
-3.1760e-07,62,9.92,40,-0.04,,,
-3.1720e-07,62,9.84,40,-0.04,,,
-3.1680e-07,66,9.92,40,-0.04,,,
-3.1640e-07,66,9.92,40,0,,,
-3.1600e-07,66,9.92,-40,0,,,
-3.1560e-07,62,9.92,-40,0,,,
-3.1520e-07,62,9.92,-40,0,,,
-3.1480e-07,62,9.92,40,-0.04,,,
-3.1440e-07,66,9.92,40,-0.04,,,
-3.1400e-07,62,9.92,40,0.04,,,
-3.1360e-07,62,9.92,-40,0,,,
-3.1320e-07,66,9.92,40,0,,,
-3.1280e-07,62,10,40,-0.04,,,
-3.1240e-07,66,9.84,40,-0.08,,,
-3.1200e-07,62,10,40,-0.04,,,
-3.1160e-07,66,10,40,0,,,
-3.1120e-07,62,10,-40,0,,,
-3.1080e-07,58,10,-40,-0.04,,,
-3.1040e-07,66,10,40,-0.04,,,
-3.1000e-07,62,9.92,-40,-0.04,,,
-3.0960e-07,66,10,40,0,,,
-3.0920e-07,66,10,40,0,,,
-3.0880e-07,66,10,40,-0.04,,,
-3.0840e-07,66,10,40,-0.08,,,
-3.0800e-07,66,10,40,0,,,
-3.0760e-07,66,10.08,-40,0.04,,,
-3.0720e-07,70,10.16,40,0,,,
-3.0680e-07,66,10.08,120,0,,,
-3.0640e-07,62,10.08,40,0,,,
-3.0600e-07,70,10.08,40,-0.04,,,
-3.0560e-07,70,10.08,40,0,,,
-3.0520e-07,66,10.16,40,-0.04,,,
-3.0480e-07,66,10.16,-40,0,,,
-3.0440e-07,66,10.16,40,0,,,
-3.0400e-07,66,10.16,40,0,,,
-3.0360e-07,66,10.16,40,0,,,
-3.0320e-07,62,10.16,40,0.04,,,
-3.0280e-07,62,10.16,120,-0.04,,,
-3.0240e-07,66,10.24,-40,-0.04,,,
-3.0200e-07,66,10.24,40,0,,,
-3.0160e-07,62,10.24,120,0.04,,,
-3.0120e-07,62,10.24,-40,-0.04,,,
-3.0080e-07,66,10.16,40,0,,,
-3.0040e-07,62,10.16,120,0.04,,,
-3.0000e-07,62,10.24,-40,0,,,
-2.9960e-07,62,10.16,-40,-0.04,,,
-2.9920e-07,66,10.24,-40,-0.04,,,
-2.9880e-07,66,10.16,-40,-0.04,,,
-2.9840e-07,58,10.24,40,0,,,
-2.9800e-07,66,10.16,120,0,,,
-2.9760e-07,58,10.24,-40,0,,,
-2.9720e-07,58,10.16,-40,0,,,
-2.9680e-07,62,10.24,40,0,,,
-2.9640e-07,66,10.16,40,-0.04,,,
-2.9600e-07,66,10.16,40,0,,,
-2.9560e-07,66,10.16,40,0,,,
-2.9520e-07,62,10.16,-40,0,,,
-2.9480e-07,66,10.16,40,-0.04,,,
-2.9440e-07,66,10,40,0,,,
-2.9400e-07,62,10.08,40,0.04,,,
-2.9360e-07,66,10.16,40,-0.04,,,
-2.9320e-07,62,10,40,-0.04,,,
-2.9280e-07,66,10.08,-40,0,,,
-2.9240e-07,62,10.08,40,0.04,,,
-2.9200e-07,62,10.08,40,0,,,
-2.9160e-07,66,10,-40,0,,,
-2.9120e-07,66,10,120,0,,,
-2.9080e-07,62,10,40,0,,,
-2.9040e-07,62,9.92,40,0.04,,,
-2.9000e-07,66,9.92,120,0,,,
-2.8960e-07,66,10,120,0,,,
-2.8920e-07,62,9.92,120,0,,,
-2.8880e-07,66,9.92,40,0,,,
-2.8840e-07,66,10,40,0,,,
-2.8800e-07,62,9.92,40,0,,,
-2.8760e-07,70,10,40,0,,,
-2.8720e-07,70,10,-40,0,,,
-2.8680e-07,66,9.92,-120,0,,,
-2.8640e-07,66,10,-40,0,,,
-2.8600e-07,70,10.08,40,0,,,
-2.8560e-07,70,10,40,0,,,
-2.8520e-07,66,10.08,40,0,,,
-2.8480e-07,66,10,-40,0,,,
-2.8440e-07,66,10.16,-40,-0.04,,,
-2.8400e-07,70,10.08,40,0,,,
-2.8360e-07,70,10.08,40,0,,,
-2.8320e-07,70,10.16,-40,0,,,
-2.8280e-07,70,10.08,40,-0.04,,,
-2.8240e-07,70,10.16,40,-0.04,,,
-2.8200e-07,66,10.16,40,-0.04,,,
-2.8160e-07,66,10.32,40,-0.04,,,
-2.8120e-07,66,10.24,120,-0.04,,,
-2.8080e-07,70,10.16,40,-0.04,,,
-2.8040e-07,66,10.24,-40,-0.04,,,
-2.8000e-07,66,10.24,-40,-0.04,,,
-2.7960e-07,66,10.24,-40,0,,,
-2.7920e-07,62,10.32,-40,0,,,
-2.7880e-07,62,10.32,-40,0,,,
-2.7840e-07,62,10.32,40,0,,,
-2.7800e-07,62,10.24,-40,0,,,
-2.7760e-07,62,10.24,-40,0.04,,,
-2.7720e-07,58,10.32,40,0.04,,,
-2.7680e-07,58,10.32,-40,-0.04,,,
-2.7640e-07,58,10.4,40,-0.04,,,
-2.7600e-07,58,10.32,-40,0,,,
-2.7560e-07,54,10.32,-40,0,,,
-2.7520e-07,54,10.32,40,-0.04,,,
-2.7480e-07,54,10.4,-40,0,,,
-2.7440e-07,54,10.4,-40,0,,,
-2.7400e-07,54,10.4,40,-0.04,,,
-2.7360e-07,58,10.32,-40,-0.04,,,
-2.7320e-07,58,10.32,40,0,,,
-2.7280e-07,50,10.32,-40,0,,,
-2.7240e-07,46,10.24,-40,-0.04,,,
-2.7200e-07,54,10.24,40,-0.04,,,
-2.7160e-07,54,10.16,40,0,,,
-2.7120e-07,50,10.32,120,0,,,
-2.7080e-07,58,10.32,40,0,,,
-2.7040e-07,50,10.32,40,-0.04,,,
-2.7000e-07,58,10.32,120,-0.04,,,
-2.6960e-07,58,10.32,40,0,,,
-2.6920e-07,54,10.24,-120,0.04,,,
-2.6880e-07,58,10.24,40,-0.04,,,
-2.6840e-07,58,10.24,40,0,,,
-2.6800e-07,58,10.16,-40,0,,,
-2.6760e-07,58,10.24,40,-0.04,,,
-2.6720e-07,62,10.16,-40,-0.04,,,
-2.6680e-07,58,10.24,40,-0.08,,,
-2.6640e-07,62,10.24,40,0,,,
-2.6600e-07,62,10.16,40,-0.04,,,
-2.6560e-07,62,10.24,40,0,,,
-2.6520e-07,66,10.24,40,-0.04,,,
-2.6480e-07,66,10.24,40,0,,,
-2.6440e-07,66,10.24,120,-0.04,,,
-2.6400e-07,66,10.32,-40,0,,,
-2.6360e-07,66,10.32,40,0,,,
-2.6320e-07,66,10.16,40,0,,,
-2.6280e-07,66,10.24,40,-0.04,,,
-2.6240e-07,62,10.16,40,0,,,
-2.6200e-07,62,10.24,120,0,,,
-2.6160e-07,66,10.24,40,-0.04,,,
-2.6120e-07,58,10.24,40,-0.04,,,
-2.6080e-07,58,10.24,40,0,,,
-2.6040e-07,62,10.24,-120,-0.04,,,
-2.6000e-07,62,10.24,40,0,,,
-2.5960e-07,58,10.24,40,-0.04,,,
-2.5920e-07,58,10.16,40,0.04,,,
-2.5880e-07,58,10.24,40,-0.04,,,
-2.5840e-07,54,10.24,40,-0.04,,,
-2.5800e-07,58,10.24,40,-0.04,,,
-2.5760e-07,54,10.32,40,-0.08,,,
-2.5720e-07,54,10.24,40,-0.04,,,
-2.5680e-07,58,10.32,40,0,,,
-2.5640e-07,58,10.32,40,-0.04,,,
-2.5600e-07,54,10.32,40,0.04,,,
-2.5560e-07,54,10.24,40,0,,,
-2.5520e-07,58,10.32,40,0,,,
-2.5480e-07,58,10.32,-40,-0.04,,,
-2.5440e-07,58,10.32,40,-0.04,,,
-2.5400e-07,54,10.32,40,-0.04,,,
-2.5360e-07,58,10.4,-40,0,,,
-2.5320e-07,58,10.32,-40,-0.04,,,
-2.5280e-07,58,10.4,-40,0,,,
-2.5240e-07,58,10.4,40,-0.04,,,
-2.5200e-07,66,10.4,-40,-0.08,,,
-2.5160e-07,66,10.4,120,0,,,
-2.5120e-07,66,10.4,40,0,,,
-2.5080e-07,66,10.4,40,-0.04,,,
-2.5040e-07,70,10.4,40,-0.04,,,
-2.5000e-07,70,10.4,40,-0.04,,,
-2.4960e-07,70,10.48,40,0,,,
-2.4920e-07,74,10.4,40,-0.04,,,
-2.4880e-07,66,10.4,-40,-0.04,,,
-2.4840e-07,66,10.48,40,-0.04,,,
-2.4800e-07,70,10.56,40,-0.04,,,
-2.4760e-07,70,10.56,40,0,,,
-2.4720e-07,74,10.56,40,-0.04,,,
-2.4680e-07,66,10.48,40,0,,,
-2.4640e-07,66,10.48,40,0,,,
-2.4600e-07,66,10.56,-40,-0.04,,,
-2.4560e-07,66,10.56,40,0,,,
-2.4520e-07,62,10.64,40,0,,,
-2.4480e-07,62,10.64,120,0,,,
-2.4440e-07,62,10.64,40,0,,,
-2.4400e-07,62,10.64,-40,0,,,
-2.4360e-07,58,10.64,40,0,,,
-2.4320e-07,54,10.72,40,-0.04,,,
-2.4280e-07,58,10.64,40,-0.04,,,
-2.4240e-07,58,10.72,40,-0.04,,,
-2.4200e-07,50,10.64,40,-0.04,,,
-2.4160e-07,46,10.64,40,0.04,,,
-2.4120e-07,50,10.64,40,0,,,
-2.4080e-07,46,10.56,-40,-0.04,,,
-2.4040e-07,46,10.64,-40,0,,,
-2.4000e-07,46,10.64,40,0,,,
-2.3960e-07,46,10.64,120,0,,,
-2.3920e-07,46,10.56,40,0,,,
-2.3880e-07,46,10.56,40,-0.04,,,
-2.3840e-07,46,10.64,-40,0,,,
-2.3800e-07,50,10.56,-40,0.04,,,
-2.3760e-07,46,10.48,40,0.04,,,
-2.3720e-07,50,10.48,40,0,,,
-2.3680e-07,50,10.56,40,0,,,
-2.3640e-07,54,10.48,-40,0,,,
-2.3600e-07,58,10.48,40,0.04,,,
-2.3560e-07,58,10.48,40,0,,,
-2.3520e-07,58,10.4,40,0,,,
-2.3480e-07,58,10.4,40,-0.04,,,
-2.3440e-07,62,10.4,-40,0,,,
-2.3400e-07,58,10.4,40,0,,,
-2.3360e-07,62,10.4,40,-0.04,,,
-2.3320e-07,62,10.4,-40,0,,,
-2.3280e-07,66,10.48,-40,0.04,,,
-2.3240e-07,62,10.4,-40,0.04,,,
-2.3200e-07,62,10.4,-40,-0.04,,,
-2.3160e-07,66,10.32,120,-0.04,,,
-2.3120e-07,66,10.48,-40,0,,,
-2.3080e-07,62,10.32,40,0,,,
-2.3040e-07,66,10.32,40,-0.04,,,
-2.3000e-07,66,10.32,40,0,,,
-2.2960e-07,66,10.32,-40,0.04,,,
-2.2920e-07,62,10.4,-40,0,,,
-2.2880e-07,58,10.32,-120,0,,,
-2.2840e-07,62,10.4,40,0,,,
-2.2800e-07,58,10.32,40,0.08,,,
-2.2760e-07,58,10.4,40,0,,,
-2.2720e-07,58,10.48,40,0,,,
-2.2680e-07,58,10.4,40,0,,,
-2.2640e-07,54,10.4,40,0,,,
-2.2600e-07,58,10.4,40,0,,,
-2.2560e-07,54,10.48,40,0,,,
-2.2520e-07,50,10.4,-40,0,,,
-2.2480e-07,50,10.48,40,0,,,
-2.2440e-07,50,10.56,40,0,,,
-2.2400e-07,50,10.48,40,-0.04,,,
-2.2360e-07,54,10.48,120,0,,,
-2.2320e-07,50,10.56,120,-0.04,,,
-2.2280e-07,50,10.56,120,0,,,
-2.2240e-07,50,10.56,40,0,,,
-2.2200e-07,54,10.56,40,0,,,
-2.2160e-07,58,10.56,40,0.04,,,
-2.2120e-07,54,10.64,40,0,,,
-2.2080e-07,58,10.64,120,-0.04,,,
-2.2040e-07,54,10.56,40,0,,,
-2.2000e-07,58,10.64,40,0,,,
-2.1960e-07,58,10.64,-40,0,,,
-2.1920e-07,58,10.64,40,-0.04,,,
-2.1880e-07,54,10.64,40,0,,,
-2.1840e-07,58,10.64,40,0,,,
-2.1800e-07,62,10.64,40,-0.04,,,
-2.1760e-07,62,10.64,40,0,,,
-2.1720e-07,62,10.64,-40,0.04,,,
-2.1680e-07,66,10.64,-40,0.04,,,
-2.1640e-07,66,10.48,40,0,,,
-2.1600e-07,62,10.56,40,0,,,
-2.1560e-07,66,10.64,40,-0.04,,,
-2.1520e-07,66,10.56,-40,0,,,
-2.1480e-07,62,10.64,40,0,,,
-2.1440e-07,58,10.64,-40,-0.04,,,
-2.1400e-07,58,10.64,120,0,,,
-2.1360e-07,58,10.64,40,-0.08,,,
-2.1320e-07,58,10.56,40,-0.08,,,
-2.1280e-07,58,10.56,120,0,,,
-2.1240e-07,54,10.64,-40,-0.04,,,
-2.1200e-07,50,10.56,40,0,,,
-2.1160e-07,54,10.56,-40,-0.04,,,
-2.1120e-07,50,10.48,40,0,,,
-2.1080e-07,46,10.56,40,-0.04,,,
-2.1040e-07,50,10.56,40,0,,,
-2.1000e-07,50,10.56,-120,-0.04,,,
-2.0960e-07,46,10.56,-40,0,,,
-2.0920e-07,46,10.48,120,0,,,
-2.0880e-07,46,10.48,40,0,,,
-2.0840e-07,46,10.48,40,0,,,
-2.0800e-07,46,10.64,40,0,,,
-2.0760e-07,50,10.64,40,-0.04,,,
-2.0720e-07,46,10.56,-40,-0.04,,,
-2.0680e-07,50,10.56,40,-0.04,,,
-2.0640e-07,46,10.56,40,0,,,
-2.0600e-07,46,10.48,40,0,,,
-2.0560e-07,50,10.56,40,-0.04,,,
-2.0520e-07,46,10.48,120,-0.04,,,
-2.0480e-07,54,10.56,120,-0.04,,,
-2.0440e-07,54,10.56,40,-0.04,,,
-2.0400e-07,54,10.48,40,-0.04,,,
-2.0360e-07,58,10.48,40,-0.08,,,
-2.0320e-07,58,10.56,40,-0.04,,,
-2.0280e-07,62,10.56,40,-0.04,,,
-2.0240e-07,66,10.64,40,-0.04,,,
-2.0200e-07,58,10.56,40,-0.08,,,
-2.0160e-07,62,10.64,120,-0.04,,,
-2.0120e-07,62,10.64,40,0,,,
-2.0080e-07,62,10.48,-40,0,,,
-2.0040e-07,66,10.56,-40,-0.04,,,
-2.0000e-07,66,10.48,-40,-0.04,,,
-1.9960e-07,62,10.48,-40,-0.08,,,
-1.9920e-07,66,10.56,40,-0.04,,,
-1.9880e-07,62,10.56,40,-0.04,,,
-1.9840e-07,66,10.48,-40,0,,,
-1.9800e-07,62,10.56,40,-0.08,,,
-1.9760e-07,62,10.64,40,-0.04,,,
-1.9720e-07,58,10.56,40,-0.04,,,
-1.9680e-07,58,10.56,40,0,,,
-1.9640e-07,58,10.56,40,-0.04,,,
-1.9600e-07,54,10.64,-120,-0.04,,,
-1.9560e-07,58,10.64,40,0,,,
-1.9520e-07,58,10.64,40,-0.04,,,
-1.9480e-07,54,10.64,-40,0,,,
-1.9440e-07,50,10.64,40,0,,,
-1.9400e-07,50,10.56,120,-0.04,,,
-1.9360e-07,46,10.64,40,-0.04,,,
-1.9320e-07,50,10.64,-40,-0.04,,,
-1.9280e-07,50,10.64,-40,-0.04,,,
-1.9240e-07,50,10.64,40,-0.04,,,
-1.9200e-07,46,10.72,40,-0.04,,,
-1.9160e-07,50,10.72,40,-0.04,,,
-1.9120e-07,50,10.8,40,-0.04,,,
-1.9080e-07,46,10.8,40,-0.04,,,
-1.9040e-07,46,10.72,40,-0.04,,,
-1.9000e-07,54,10.72,40,-0.04,,,
-1.8960e-07,58,10.8,-40,-0.04,,,
-1.8920e-07,50,10.8,-40,-0.04,,,
-1.8880e-07,54,10.8,40,0,,,
-1.8840e-07,58,10.8,120,-0.04,,,
-1.8800e-07,58,10.96,-40,-0.04,,,
-1.8760e-07,58,10.88,40,-0.04,,,
-1.8720e-07,58,10.88,-40,-0.04,,,
-1.8680e-07,62,10.88,-40,-0.04,,,
-1.8640e-07,58,10.88,-40,-0.04,,,
-1.8600e-07,54,10.8,40,-0.04,,,
-1.8560e-07,62,10.88,40,-0.08,,,
-1.8520e-07,58,10.88,40,-0.04,,,
-1.8480e-07,58,10.88,40,-0.04,,,
-1.8440e-07,58,10.88,40,-0.04,,,
-1.8400e-07,58,10.88,40,0,,,
-1.8360e-07,58,10.8,40,-0.04,,,
-1.8320e-07,58,10.96,40,0,,,
-1.8280e-07,58,10.8,40,0,,,
-1.8240e-07,58,10.72,40,-0.04,,,
-1.8200e-07,54,10.88,40,-0.04,,,
-1.8160e-07,58,10.88,-40,-0.04,,,
-1.8120e-07,58,10.88,40,0,,,
-1.8080e-07,54,10.72,40,0,,,
-1.8040e-07,54,10.72,40,-0.04,,,
-1.8000e-07,50,10.72,-40,-0.04,,,
-1.7960e-07,50,10.64,-40,0,,,
-1.7920e-07,46,10.64,-40,-0.04,,,
-1.7880e-07,46,10.72,40,-0.04,,,
-1.7840e-07,46,10.72,40,-0.04,,,
-1.7800e-07,46,10.72,40,-0.04,,,
-1.7760e-07,42,10.64,-40,0,,,
-1.7720e-07,46,10.64,40,0,,,
-1.7680e-07,42,10.56,-40,-0.08,,,
-1.7640e-07,46,10.56,40,-0.04,,,
-1.7600e-07,46,10.64,40,0.04,,,
-1.7560e-07,50,10.48,40,0.04,,,
-1.7520e-07,46,10.56,-40,-0.04,,,
-1.7480e-07,46,10.56,40,0,,,
-1.7440e-07,46,10.56,-40,0,,,
-1.7400e-07,50,10.64,40,-0.04,,,
-1.7360e-07,50,10.64,40,0,,,
-1.7320e-07,50,10.64,-40,-0.08,,,
-1.7280e-07,50,10.64,40,0,,,
-1.7240e-07,54,10.56,40,-0.04,,,
-1.7200e-07,54,10.56,40,0,,,
-1.7160e-07,58,10.56,40,-0.04,,,
-1.7120e-07,62,10.48,40,0,,,
-1.7080e-07,58,10.64,120,-0.08,,,
-1.7040e-07,62,10.56,-40,0,,,
-1.7000e-07,66,10.56,-40,0,,,
-1.6960e-07,62,10.56,-40,0,,,
-1.6920e-07,58,10.56,40,0,,,
-1.6880e-07,58,10.56,40,0,,,
-1.6840e-07,62,10.56,-40,0,,,
-1.6800e-07,62,10.56,40,0,,,
-1.6760e-07,58,10.56,40,-0.04,,,
-1.6720e-07,58,10.56,40,0,,,
-1.6680e-07,62,10.64,40,0,,,
-1.6640e-07,58,10.64,40,0,,,
-1.6600e-07,58,10.56,40,0,,,
-1.6560e-07,58,10.64,120,0,,,
-1.6520e-07,54,10.64,-40,0.08,,,
-1.6480e-07,54,10.72,40,0,,,
-1.6440e-07,58,10.64,-40,0,,,
-1.6400e-07,54,10.64,40,0,,,
-1.6360e-07,54,10.72,40,-0.04,,,
-1.6320e-07,46,10.72,-40,0,,,
-1.6280e-07,46,10.64,40,-0.04,,,
-1.6240e-07,46,10.72,-40,-0.04,,,
-1.6200e-07,46,10.8,-40,0,,,
-1.6160e-07,46,10.8,120,-0.04,,,
-1.6120e-07,42,10.8,-40,0,,,
-1.6080e-07,46,10.72,-40,0,,,
-1.6040e-07,46,10.72,40,0.04,,,
-1.6000e-07,46,10.8,-40,0.04,,,
-1.5960e-07,46,10.64,-40,0,,,
-1.5920e-07,42,10.72,40,0.04,,,
-1.5880e-07,42,10.72,40,-0.04,,,
-1.5840e-07,46,10.8,40,-0.04,,,
-1.5800e-07,46,10.72,-40,0,,,
-1.5760e-07,46,10.72,-40,0,,,
-1.5720e-07,46,10.72,-40,-0.04,,,
-1.5680e-07,50,10.8,-40,0,,,
-1.5640e-07,50,10.8,40,0,,,
-1.5600e-07,50,10.72,-40,0,,,
-1.5560e-07,50,10.72,120,0.04,,,
-1.5520e-07,50,10.8,40,-0.04,,,
-1.5480e-07,50,10.72,-40,0,,,
-1.5440e-07,54,10.72,40,-0.04,,,
-1.5400e-07,58,10.72,40,-0.04,,,
-1.5360e-07,54,10.72,120,0,,,
-1.5320e-07,54,10.72,40,0,,,
-1.5280e-07,58,10.64,-40,0.04,,,
-1.5240e-07,58,10.64,40,0,,,
-1.5200e-07,58,10.64,-40,-0.04,,,
-1.5160e-07,58,10.8,40,-0.08,,,
-1.5120e-07,54,10.72,40,0,,,
-1.5080e-07,54,10.72,120,0,,,
-1.5040e-07,58,10.72,120,-0.04,,,
-1.5000e-07,54,10.72,40,-0.04,,,
-1.4960e-07,50,10.72,40,0,,,
-1.4920e-07,50,10.72,-40,-0.04,,,
-1.4880e-07,54,10.64,120,-0.04,,,
-1.4840e-07,46,10.72,40,0,,,
-1.4800e-07,42,10.8,40,-0.04,,,
-1.4760e-07,46,10.8,120,-0.04,,,
-1.4720e-07,46,10.72,40,-0.04,,,
-1.4680e-07,46,10.64,40,-0.08,,,
-1.4640e-07,46,10.72,40,-0.08,,,
-1.4600e-07,46,10.72,40,0,,,
-1.4560e-07,42,10.64,120,0,,,
-1.4520e-07,46,10.72,120,-0.04,,,
-1.4480e-07,46,10.56,40,-0.04,,,
-1.4440e-07,46,10.72,120,0,,,
-1.4400e-07,42,10.72,40,-0.04,,,
-1.4360e-07,46,10.8,40,-0.08,,,
-1.4320e-07,46,10.72,-40,-0.08,,,
-1.4280e-07,46,10.72,-40,-0.04,,,
-1.4240e-07,50,10.72,-40,-0.04,,,
-1.4200e-07,46,10.72,40,0,,,
-1.4160e-07,46,10.72,40,0,,,
-1.4120e-07,50,10.8,40,0,,,
-1.4080e-07,50,10.8,40,-0.08,,,
-1.4040e-07,50,10.72,40,-0.04,,,
-1.4000e-07,50,10.8,-40,0,,,
-1.3960e-07,50,10.8,-40,0,,,
-1.3920e-07,54,10.72,-40,0,,,
-1.3880e-07,58,10.8,-40,0,,,
-1.3840e-07,58,10.8,-40,0,,,
-1.3800e-07,54,10.72,-40,-0.04,,,
-1.3760e-07,54,10.8,120,0,,,
-1.3720e-07,58,10.8,40,-0.04,,,
-1.3680e-07,58,10.88,40,0.04,,,
-1.3640e-07,58,10.8,40,-0.04,,,
-1.3600e-07,58,10.96,-40,0,,,
-1.3560e-07,54,10.88,-40,-0.04,,,
-1.3520e-07,58,10.88,-40,0,,,
-1.3480e-07,58,10.8,40,-0.04,,,
-1.3440e-07,62,10.88,40,-0.04,,,
-1.3400e-07,58,10.96,40,-0.04,,,
-1.3360e-07,58,10.96,40,-0.04,,,
-1.3320e-07,58,10.96,40,-0.04,,,
-1.3280e-07,50,10.96,-40,-0.04,,,
-1.3240e-07,54,10.96,40,-0.08,,,
-1.3200e-07,54,10.96,40,-0.04,,,
-1.3160e-07,58,11.04,40,0,,,
-1.3120e-07,54,11.04,-40,0,,,
-1.3080e-07,50,11.04,40,-0.04,,,
-1.3040e-07,50,11.04,-40,-0.04,,,
-1.3000e-07,50,10.96,40,0,,,
-1.2960e-07,46,11.04,40,0,,,
-1.2920e-07,46,11.04,40,-0.08,,,
-1.2880e-07,46,11.04,-40,0,,,
-1.2840e-07,42,11.04,40,-0.08,,,
-1.2800e-07,42,11.04,-40,-0.08,,,
-1.2760e-07,46,11.12,40,-0.04,,,
-1.2720e-07,42,11.12,40,-0.08,,,
-1.2680e-07,42,11.12,120,-0.04,,,
-1.2640e-07,38,11.04,-40,0,,,
-1.2600e-07,38,11.04,-40,-0.08,,,
-1.2560e-07,42,11.04,-40,-0.04,,,
-1.2520e-07,42,11.04,40,-0.04,,,
-1.2480e-07,42,11.04,-40,0,,,
-1.2440e-07,42,11.04,-120,-0.04,,,
-1.2400e-07,42,11.04,-120,-0.04,,,
-1.2360e-07,42,11.04,40,-0.04,,,
-1.2320e-07,42,11.04,40,0,,,
-1.2280e-07,46,11.04,40,0,,,
-1.2240e-07,42,11.04,40,-0.04,,,
-1.2200e-07,42,10.88,40,-0.04,,,
-1.2160e-07,42,10.96,40,0,,,
-1.2120e-07,46,10.96,40,0,,,
-1.2080e-07,42,10.96,40,0,,,
-1.2040e-07,46,10.96,-40,-0.04,,,
-1.2000e-07,50,10.88,40,-0.04,,,
-1.1960e-07,50,10.96,-40,0,,,
-1.1920e-07,50,10.8,40,0.04,,,
-1.1880e-07,58,10.8,120,-0.04,,,
-1.1840e-07,58,10.88,40,0,,,
-1.1800e-07,54,10.8,40,0.04,,,
-1.1760e-07,58,10.8,40,0,,,
-1.1720e-07,54,10.8,40,-0.04,,,
-1.1680e-07,54,10.88,40,-0.04,,,
-1.1640e-07,54,10.8,-40,-0.04,,,
-1.1600e-07,58,10.8,120,-0.04,,,
-1.1560e-07,58,10.72,40,-0.04,,,
-1.1520e-07,58,10.8,40,0,,,
-1.1480e-07,50,10.72,40,0,,,
-1.1440e-07,50,10.72,-40,0,,,
-1.1400e-07,50,10.64,40,-0.04,,,
-1.1360e-07,54,10.72,40,0,,,
-1.1320e-07,50,10.8,120,0,,,
-1.1280e-07,46,10.8,40,0,,,
-1.1240e-07,50,10.8,40,0,,,
-1.1200e-07,50,10.72,40,0,,,
-1.1160e-07,46,10.8,40,0,,,
-1.1120e-07,46,10.8,-40,0,,,
-1.1080e-07,46,10.8,120,0.04,,,
-1.1040e-07,46,10.88,40,0.04,,,
-1.1000e-07,46,10.88,40,0,,,
-1.0960e-07,42,10.8,40,0,,,
-1.0920e-07,38,10.88,-40,-0.04,,,
-1.0880e-07,42,10.88,40,-0.04,,,
-1.0840e-07,38,10.8,40,-0.04,,,
-1.0800e-07,38,10.96,-40,-0.04,,,
-1.0760e-07,42,10.96,-40,-0.04,,,
-1.0720e-07,42,10.88,-40,0,,,
-1.0680e-07,38,10.88,40,0,,,
-1.0640e-07,42,11.04,40,0.04,,,
-1.0600e-07,42,10.96,40,-0.04,,,
-1.0560e-07,42,10.88,40,0,,,
-1.0520e-07,46,10.88,120,0.04,,,
-1.0480e-07,46,11.04,120,0,,,
-1.0440e-07,46,10.88,40,0,,,
-1.0400e-07,50,10.96,40,0.04,,,
-1.0360e-07,46,10.96,40,0,,,
-1.0320e-07,46,11.04,40,0,,,
-1.0280e-07,50,11.04,120,-0.04,,,
-1.0240e-07,46,11.04,40,0,,,
-1.0200e-07,54,11.04,40,0,,,
-1.0160e-07,54,10.96,120,0,,,
-1.0120e-07,54,11.04,40,-0.04,,,
-1.0080e-07,58,11.04,40,-0.04,,,
-1.0040e-07,50,10.96,40,-0.04,,,
-1.0000e-07,54,11.04,40,-0.04,,,
-9.9600e-08,54,10.96,40,0,,,
-9.9200e-08,50,11.12,40,-0.04,,,
-9.8800e-08,54,10.96,40,0,,,
-9.8400e-08,50,10.96,40,0,,,
-9.8000e-08,50,10.96,-40,0,,,
-9.7600e-08,50,10.96,-40,-0.04,,,
-9.7200e-08,50,11.04,-40,-0.08,,,
-9.6800e-08,50,11.04,-40,-0.04,,,
-9.6400e-08,50,11.04,40,0,,,
-9.6000e-08,46,11.04,-40,0,,,
-9.5600e-08,46,10.88,-40,-0.04,,,
-9.5200e-08,46,11.12,-40,-0.08,,,
-9.4800e-08,46,11.04,-40,-0.04,,,
-9.4400e-08,38,11.04,-40,0,,,
-9.4000e-08,38,11.04,40,0,,,
-9.3600e-08,38,11.12,-40,0,,,
-9.3200e-08,42,11.04,40,-0.04,,,
-9.2800e-08,34,11.04,40,-0.04,,,
-9.2400e-08,38,10.96,40,-0.04,,,
-9.2000e-08,34,11.04,40,0,,,
-9.1600e-08,34,11.04,120,0,,,
-9.1200e-08,34,11.04,40,-0.08,,,
-9.0800e-08,38,11.04,-40,-0.04,,,
-9.0400e-08,38,11.12,40,-0.08,,,
-9.0000e-08,38,11.04,-40,-0.04,,,
-8.9600e-08,38,11.04,40,-0.04,,,
-8.9200e-08,38,10.96,-40,0,,,
-8.8800e-08,34,11.04,40,0.04,,,
-8.8400e-08,34,11.04,40,-0.04,,,
-8.8000e-08,42,11.04,-40,-0.04,,,
-8.7600e-08,42,10.96,40,0,,,
-8.7200e-08,38,11.04,-40,0,,,
-8.6800e-08,46,11.04,-40,0,,,
-8.6400e-08,46,11.04,40,0,,,
-8.6000e-08,46,11.04,40,-0.04,,,
-8.5600e-08,50,11.04,40,-0.04,,,
-8.5200e-08,50,11.04,40,-0.04,,,
-8.4800e-08,50,11.04,40,-0.04,,,
-8.4400e-08,54,10.96,120,-0.04,,,
-8.4000e-08,54,11.04,120,0,,,
-8.3600e-08,54,11.04,120,-0.04,,,
-8.3200e-08,54,11.12,40,-0.04,,,
-8.2800e-08,50,11.04,-40,-0.04,,,
-8.2400e-08,58,11.04,40,0,,,
-8.2000e-08,50,11.12,40,-0.08,,,
-8.1600e-08,58,11.04,40,-0.08,,,
-8.1200e-08,58,11.04,40,-0.08,,,
-8.0800e-08,54,11.04,40,-0.08,,,
-8.0400e-08,54,11.04,40,-0.04,,,
-8.0000e-08,54,11.12,40,0,,,
-7.9600e-08,50,11.04,40,-0.04,,,
-7.9200e-08,46,11.12,40,-0.08,,,
-7.8800e-08,54,11.12,40,0,,,
-7.8400e-08,46,11.12,40,-0.04,,,
-7.8000e-08,46,11.12,40,-0.08,,,
-7.7600e-08,42,11.12,-40,-0.04,,,
-7.7200e-08,46,11.12,-40,-0.04,,,
-7.6800e-08,38,11.2,-40,-0.04,,,
-7.6400e-08,38,11.2,40,-0.04,,,
-7.6000e-08,42,11.12,-40,-0.08,,,
-7.5600e-08,42,11.28,40,-0.04,,,
-7.5200e-08,42,11.28,40,-0.04,,,
-7.4800e-08,38,11.28,40,-0.04,,,
-7.4400e-08,38,11.2,-40,-0.04,,,
-7.4000e-08,38,11.28,40,-0.08,,,
-7.3600e-08,38,11.28,40,-0.04,,,
-7.3200e-08,42,11.28,-40,-0.08,,,
-7.2800e-08,42,11.36,-40,-0.04,,,
-7.2400e-08,38,11.36,40,-0.04,,,
-7.2000e-08,42,11.28,40,-0.04,,,
-7.1600e-08,42,11.2,40,-0.08,,,
-7.1200e-08,34,11.36,40,-0.04,,,
-7.0800e-08,46,11.36,-40,-0.08,,,
-7.0400e-08,42,11.36,40,-0.04,,,
-7.0000e-08,46,11.36,40,0,,,
-6.9600e-08,42,11.36,40,0,,,
-6.9200e-08,42,11.36,-120,-0.04,,,
-6.8800e-08,42,11.36,120,0,,,
-6.8400e-08,46,11.28,40,-0.04,,,
-6.8000e-08,42,11.28,40,0,,,
-6.7600e-08,42,11.36,40,-0.04,,,
-6.7200e-08,46,11.28,40,-0.04,,,
-6.6800e-08,42,11.36,-40,-0.04,,,
-6.6400e-08,50,11.28,-40,0,,,
-6.6000e-08,46,11.28,-40,-0.04,,,
-6.5600e-08,50,11.36,-40,-0.08,,,
-6.5200e-08,54,11.28,40,-0.04,,,
-6.4800e-08,54,11.28,40,0.04,,,
-6.4400e-08,50,11.2,-40,0,,,
-6.4000e-08,46,11.2,-40,0.04,,,
-6.3600e-08,42,11.12,-40,0,,,
-6.3200e-08,42,11.28,40,0.04,,,
-6.2800e-08,38,11.2,40,0,,,
-6.2400e-08,38,11.2,-40,0,,,
-6.2000e-08,42,11.2,40,-0.04,,,
-6.1600e-08,38,11.2,40,-0.04,,,
-6.1200e-08,34,11.12,-40,0,,,
-6.0800e-08,38,11.12,40,-0.04,,,
-6.0400e-08,38,11.04,40,-0.04,,,
-6.0000e-08,42,11.12,120,-0.04,,,
-5.9600e-08,38,11.04,40,-0.04,,,
-5.9200e-08,38,11.12,-40,-0.04,,,
-5.8800e-08,38,11.12,-40,0,,,
-5.8400e-08,34,11.04,40,-0.04,,,
-5.8000e-08,34,11.04,40,-0.08,,,
-5.7600e-08,38,11.04,40,-0.04,,,
-5.7200e-08,38,10.96,40,0,,,
-5.6800e-08,34,11.12,-40,-0.04,,,
-5.6400e-08,38,11.12,-40,0,,,
-5.6000e-08,34,11.12,-40,0.04,,,
-5.5600e-08,38,11.12,40,0.04,,,
-5.5200e-08,38,11.12,40,0,,,
-5.4800e-08,38,11.04,40,-0.04,,,
-5.4400e-08,42,11.12,-40,0,,,
-5.4000e-08,38,11.04,-40,0,,,
-5.3600e-08,42,11.12,120,0,,,
-5.3200e-08,42,11.12,-40,-0.04,,,
-5.2800e-08,42,11.12,-40,0,,,
-5.2400e-08,42,11.2,120,-0.04,,,
-5.2000e-08,46,11.12,120,0,,,
-5.1600e-08,50,11.12,40,0,,,
-5.1200e-08,50,11.04,40,0,,,
-5.0800e-08,46,11.12,40,-0.04,,,
-5.0400e-08,46,11.28,-40,0.04,,,
-5.0000e-08,42,11.12,-40,0,,,
-4.9600e-08,46,11.12,40,0,,,
-4.9200e-08,50,11.12,40,-0.04,,,
-4.8800e-08,46,11.28,-40,0,,,
-4.8400e-08,46,11.2,40,0.04,,,
-4.8000e-08,46,11.28,40,0,,,
-4.7600e-08,46,11.2,40,0,,,
-4.7200e-08,50,11.2,40,0,,,
-4.6800e-08,50,11.12,40,0,,,
-4.6400e-08,42,11.2,40,0,,,
-4.6000e-08,46,11.12,-40,-0.04,,,
-4.5600e-08,42,11.28,-40,-0.04,,,
-4.5200e-08,42,11.2,40,-0.04,,,
-4.4800e-08,42,11.28,40,-0.04,,,
-4.4400e-08,38,11.2,40,0,,,
-4.4000e-08,42,11.2,-40,0,,,
-4.3600e-08,42,11.12,-40,-0.04,,,
-4.3200e-08,46,11.12,40,-0.04,,,
-4.2800e-08,42,11.12,120,0,,,
-4.2400e-08,38,11.12,-40,0,,,
-4.2000e-08,38,11.2,40,0,,,
-4.1600e-08,38,11.2,40,0,,,
-4.1200e-08,38,11.2,40,-0.04,,,
-4.0800e-08,38,11.2,40,-0.04,,,
-4.0400e-08,30,11.2,40,-0.04,,,
-4.0000e-08,30,11.28,40,0.04,,,
-3.9600e-08,34,11.2,40,0,,,
-3.9200e-08,38,11.2,40,0.04,,,
-3.8800e-08,38,11.12,40,-0.04,,,
-3.8400e-08,34,11.28,40,-0.04,,,
-3.8000e-08,38,11.28,40,0,,,
-3.7600e-08,34,11.12,40,0,,,
-3.7200e-08,38,11.2,40,0,,,
-3.6800e-08,34,11.2,-40,-0.04,,,
-3.6400e-08,38,11.28,40,0,,,
-3.6000e-08,38,11.12,-40,-0.04,,,
-3.5600e-08,38,11.28,-40,-0.04,,,
-3.5200e-08,42,11.2,-40,-0.08,,,
-3.4800e-08,38,11.28,-40,-0.04,,,
-3.4400e-08,42,11.28,40,0,,,
-3.4000e-08,42,11.28,-40,-0.08,,,
-3.3600e-08,38,11.2,40,-0.08,,,
-3.3200e-08,38,11.2,40,0,,,
-3.2800e-08,42,11.28,40,-0.04,,,
-3.2400e-08,42,11.28,40,0,,,
-3.2000e-08,42,11.28,-40,0,,,
-3.1600e-08,46,11.12,40,-0.04,,,
-3.1200e-08,46,11.28,40,-0.04,,,
-3.0800e-08,38,11.28,40,-0.04,,,
-3.0400e-08,46,11.2,40,0,,,
-3.0000e-08,46,11.2,40,0,,,
-2.9600e-08,38,11.28,-40,-0.04,,,
-2.9200e-08,42,11.2,40,0.04,,,
-2.8800e-08,42,11.12,-40,-0.04,,,
-2.8400e-08,38,11.28,-40,-0.04,,,
-2.8000e-08,38,11.2,40,-0.04,,,
-2.7600e-08,38,11.36,40,-0.04,,,
-2.7200e-08,42,11.2,-40,0,,,
-2.6800e-08,42,11.12,-40,-0.04,,,
-2.6400e-08,38,11.2,40,0,,,
-2.6000e-08,42,11.28,40,0,,,
-2.5600e-08,34,11.2,40,0,,,
-2.5200e-08,38,11.12,40,-0.04,,,
-2.4800e-08,42,11.2,40,-0.04,,,
-2.4400e-08,42,11.2,40,-0.04,,,
-2.4000e-08,38,11.28,40,-0.04,,,
-2.3600e-08,42,11.2,40,-0.04,,,
-2.3200e-08,38,11.28,40,-0.04,,,
-2.2800e-08,38,11.28,40,0.04,,,
-2.2400e-08,38,11.28,40,-0.04,,,
-2.2000e-08,38,11.28,40,-0.04,,,
-2.1600e-08,38,11.28,40,0,,,
-2.1200e-08,42,11.28,40,-0.04,,,
-2.0800e-08,38,11.28,40,0,,,
-2.0400e-08,42,11.28,120,0,,,
-2.0000e-08,46,11.36,40,0,,,
-1.9600e-08,42,11.36,40,-0.04,,,
-1.9200e-08,42,11.28,40,0,,,
-1.8800e-08,42,11.36,40,0,,,
-1.8400e-08,42,11.28,-40,0,,,
-1.8000e-08,38,11.36,40,-0.04,,,
-1.7600e-08,42,11.44,-40,-0.04,,,
-1.7200e-08,42,11.36,120,-0.04,,,
-1.6800e-08,34,11.44,40,-0.08,,,
-1.6400e-08,42,11.36,-40,-0.04,,,
-1.6000e-08,42,11.44,40,0,,,
-1.5600e-08,46,11.44,-40,0,,,
-1.5200e-08,42,11.44,40,0,,,
-1.4800e-08,42,11.36,-40,-0.04,,,
-1.4400e-08,42,11.52,40,0,,,
-1.4000e-08,42,11.52,-40,0,,,
-1.3600e-08,42,11.52,-40,0,,,
-1.3200e-08,42,11.44,-40,-0.04,,,
-1.2800e-08,38,11.6,120,-0.04,,,
-1.2400e-08,42,11.44,-40,0,,,
-1.2000e-08,42,11.44,40,-0.04,,,
-1.1600e-08,34,11.44,40,-0.04,,,
-1.1200e-08,38,11.44,40,-0.04,,,
-1.0800e-08,38,11.44,-40,0,,,
-1.0400e-08,34,11.44,40,0,,,
-1.0000e-08,38,11.44,40,0.04,,,
-9.6000e-09,30,11.44,-40,-0.04,,,
-9.2000e-09,34,11.36,40,-0.04,,,
-8.8000e-09,38,11.36,-40,-0.04,,,
-8.4000e-09,34,11.44,120,-0.04,,,
-8.0000e-09,34,11.36,120,-0.04,,,
-7.6000e-09,34,11.36,40,-0.04,,,
-7.2000e-09,34,11.36,40,0,,,
-6.8000e-09,34,11.36,-40,0,,,
-6.4000e-09,34,11.2,40,0,,,
-6.0000e-09,38,11.28,120,0,,,
-5.6000e-09,34,11.2,-40,-0.04,,,
-5.2000e-09,30,11.36,40,0,,,
-4.8000e-09,34,11.28,-40,-0.04,,,
-4.4000e-09,30,11.28,40,-0.04,,,
-4.0000e-09,34,11.28,40,-0.04,,,
-3.6000e-09,38,11.2,40,0,,,
-3.2000e-09,34,11.2,40,0,,,
-2.8000e-09,38,11.2,40,0.04,,,
-2.4000e-09,38,11.28,120,0,,,
-2.0000e-09,38,11.2,40,-0.04,,,
-1.6000e-09,38,11.12,40,0,,,
-1.2000e-09,42,11.2,40,-0.04,,,
-8.0000e-10,38,11.28,40,0.16,,,
-4.0000e-10,38,11.12,40,0.76,,,
0.0000e+00,42,11.2,-40,1.2,,,
4.0000e-10,38,11.2,-40,1.48,,,
8.0000e-10,38,11.2,40,1.76,,,
1.2000e-09,42,11.12,40,1.96,,,
1.6000e-09,42,11.2,-40,2.08,,,
2.0000e-09,42,11.2,-40,2.16,,,
2.4000e-09,42,11.2,40,2.2,,,
2.8000e-09,38,11.12,40,2.2,,,
3.2000e-09,34,11.28,40,2.24,,,
3.6000e-09,30,11.2,40,2.24,,,
4.0000e-09,34,11.28,40,2.2,,,
4.4000e-09,38,11.28,40,2.24,,,
4.8000e-09,38,11.2,40,2.24,,,
5.2000e-09,34,11.2,-40,2.28,,,
5.6000e-09,34,11.2,40,2.24,,,
6.0000e-09,34,11.2,40,2.24,,,
6.4000e-09,38,11.12,120,2.24,,,
6.8000e-09,34,11.12,-40,2.28,,,
7.2000e-09,38,11.12,-40,2.24,,,
7.6000e-09,38,11.12,-40,2.28,,,
8.0000e-09,38,11.28,40,2.32,,,
8.4000e-09,38,11.2,40,2.28,,,
8.8000e-09,38,11.28,40,2.28,,,
9.2000e-09,42,11.2,40,2.28,,,
9.6000e-09,42,11.12,-40,2.28,,,
1.0000e-08,38,11.28,40,2.24,,,
1.0400e-08,38,11.28,40,2.24,,,
1.0800e-08,34,11.28,40,2.28,,,
1.1200e-08,38,11.2,40,2.32,,,
1.1600e-08,42,11.28,-40,2.28,,,
1.2000e-08,38,11.28,40,2.28,,,
1.2400e-08,38,11.28,-40,2.32,,,
1.2800e-08,42,11.28,-40,2.36,,,
1.3200e-08,42,11.28,40,2.36,,,
1.3600e-08,38,11.28,40,2.36,,,
1.4000e-08,42,11.28,40,2.36,,,
1.4400e-08,38,11.28,-40,2.32,,,
1.4800e-08,42,11.28,40,2.32,,,
1.5200e-08,38,11.28,40,2.24,,,
1.5600e-08,42,11.2,40,2.32,,,
1.6000e-08,42,11.28,40,2.24,,,
1.6400e-08,38,11.28,120,2.28,,,
1.6800e-08,42,11.36,40,2.28,,,
1.7200e-08,38,11.36,120,2.28,,,
1.7600e-08,42,11.28,40,2.32,,,
1.8000e-08,38,11.36,-40,2.32,,,
1.8400e-08,38,11.36,40,2.28,,,
1.8800e-08,38,11.36,40,2.32,,,
1.9200e-08,38,11.36,40,2.32,,,
1.9600e-08,38,11.28,120,2.36,,,
2.0000e-08,38,11.36,40,2.28,,,
2.0400e-08,42,11.36,120,2.32,,,
2.0800e-08,38,11.28,-40,2.36,,,
2.1200e-08,34,11.36,120,2.32,,,
2.1600e-08,34,11.44,120,2.4,,,
2.2000e-08,30,11.36,40,2.36,,,
2.2400e-08,34,11.36,-40,2.32,,,
2.2800e-08,30,11.36,40,2.32,,,
2.3200e-08,26,11.36,40,2.32,,,
2.3600e-08,34,11.36,40,2.36,,,
2.4000e-08,34,11.36,40,2.32,,,
2.4400e-08,34,11.44,120,2.36,,,
2.4800e-08,30,11.28,40,2.32,,,
2.5200e-08,30,11.36,-40,2.28,,,
2.5600e-08,30,11.36,40,2.32,,,
2.6000e-08,34,11.28,-40,2.32,,,
2.6400e-08,34,11.44,40,2.32,,,
2.6800e-08,34,11.28,40,2.36,,,
2.7200e-08,30,11.36,40,2.36,,,
2.7600e-08,30,11.28,40,2.32,,,
2.8000e-08,34,11.36,120,2.32,,,
2.8400e-08,30,11.28,120,2.32,,,
2.8800e-08,34,11.36,-40,2.32,,,
2.9200e-08,34,11.28,40,2.36,,,
2.9600e-08,30,11.28,40,2.36,,,
3.0000e-08,34,11.2,120,2.36,,,
3.0400e-08,34,11.2,40,2.36,,,
3.0800e-08,42,11.36,40,2.36,,,
3.1200e-08,34,11.28,40,2.32,,,
3.1600e-08,38,11.28,120,2.32,,,
3.2000e-08,42,11.28,40,2.4,,,
3.2400e-08,42,11.28,40,2.44,,,
3.2800e-08,42,11.2,40,2.32,,,
3.3200e-08,42,11.28,40,2.32,,,
3.3600e-08,38,11.36,40,2.32,,,
3.4000e-08,42,11.36,40,2.36,,,
3.4400e-08,46,11.36,-40,2.28,,,
3.4800e-08,42,11.36,40,2.36,,,
3.5200e-08,42,11.28,120,2.36,,,
3.5600e-08,42,11.28,40,2.32,,,
3.6000e-08,42,11.44,40,2.36,,,
3.6400e-08,42,11.44,40,2.36,,,
3.6800e-08,42,11.36,40,2.32,,,
3.7200e-08,34,11.44,40,2.36,,,
3.7600e-08,38,11.36,40,2.4,,,
3.8000e-08,38,11.44,40,2.36,,,
3.8400e-08,34,11.44,40,2.36,,,
3.8800e-08,38,11.44,40,2.4,,,
3.9200e-08,38,11.44,40,2.36,,,
3.9600e-08,34,11.6,40,2.36,,,
4.0000e-08,34,11.44,40,2.36,,,
4.0400e-08,34,11.44,-40,2.36,,,
4.0800e-08,34,11.52,-40,2.36,,,
4.1200e-08,30,11.44,120,2.36,,,
4.1600e-08,38,11.52,40,2.36,,,
4.2000e-08,30,11.6,40,2.36,,,
4.2400e-08,30,11.52,40,2.36,,,
4.2800e-08,30,11.6,40,2.36,,,
4.3200e-08,30,11.52,120,2.36,,,
4.3600e-08,26,11.52,40,2.4,,,
4.4000e-08,26,11.6,40,2.36,,,
4.4400e-08,30,11.6,-40,2.36,,,
4.4800e-08,26,11.6,120,2.36,,,
4.5200e-08,30,11.52,-40,2.36,,,
4.5600e-08,30,11.52,-40,2.4,,,
4.6000e-08,30,11.6,120,2.36,,,
4.6400e-08,30,11.52,40,2.4,,,
4.6800e-08,30,11.6,120,2.36,,,
4.7200e-08,34,11.52,40,2.4,,,
4.7600e-08,30,11.52,40,2.44,,,
4.8000e-08,34,11.52,40,2.36,,,
4.8400e-08,34,11.52,40,2.36,,,
4.8800e-08,30,11.52,40,2.32,,,
4.9200e-08,38,11.44,40,2.36,,,
4.9600e-08,34,11.52,40,2.44,,,
5.0000e-08,38,11.44,40,2.4,,,
5.0400e-08,38,11.44,-40,2.4,,,
5.0800e-08,34,11.44,120,2.32,,,
5.1200e-08,38,11.44,40,2.32,,,
5.1600e-08,34,11.36,40,2.32,,,
5.2000e-08,34,11.36,40,2.36,,,
5.2400e-08,38,11.36,40,2.36,,,
5.2800e-08,34,11.36,40,2.36,,,
5.3200e-08,34,11.36,40,2.36,,,
5.3600e-08,38,11.36,40,2.4,,,
5.4000e-08,34,11.44,40,2.36,,,
5.4400e-08,30,11.44,40,2.32,,,
5.4800e-08,30,11.36,-40,2.4,,,
5.5200e-08,30,11.44,40,2.4,,,
5.5600e-08,34,11.36,40,2.4,,,
5.6000e-08,30,11.28,40,2.36,,,
5.6400e-08,30,11.36,40,2.4,,,
5.6800e-08,26,11.36,40,2.36,,,
5.7200e-08,26,11.36,40,2.4,,,
5.7600e-08,26,11.28,120,2.4,,,
5.8000e-08,26,11.36,40,2.4,,,
5.8400e-08,22,11.36,40,2.4,,,
5.8800e-08,22,11.36,-40,2.4,,,
5.9200e-08,22,11.36,40,2.36,,,
5.9600e-08,30,11.28,40,2.36,,,
6.0000e-08,26,11.36,40,2.4,,,
6.0400e-08,30,11.28,40,2.36,,,
6.0800e-08,30,11.28,-40,2.36,,,
6.1200e-08,30,11.36,-40,2.4,,,
6.1600e-08,30,11.28,40,2.36,,,
6.2000e-08,30,11.36,40,2.4,,,
6.2400e-08,30,11.44,-40,2.32,,,
6.2800e-08,30,11.36,-40,2.4,,,
6.3200e-08,30,11.36,-40,2.44,,,
6.3600e-08,30,11.44,200,2.4,,,
6.4000e-08,34,11.44,40,2.36,,,
6.4400e-08,34,11.28,-40,2.36,,,
6.4800e-08,38,11.44,40,2.36,,,
6.5200e-08,34,11.44,-40,2.32,,,
6.5600e-08,38,11.36,40,2.32,,,
6.6000e-08,42,11.52,40,2.4,,,
6.6400e-08,34,11.36,40,2.4,,,
6.6800e-08,42,11.36,40,2.36,,,
6.7200e-08,38,11.36,40,2.4,,,
6.7600e-08,38,11.44,120,2.4,,,
6.8000e-08,42,11.36,40,2.44,,,
6.8400e-08,42,11.44,40,2.36,,,
6.8800e-08,42,11.36,40,2.36,,,
6.9200e-08,42,11.36,40,2.36,,,
6.9600e-08,38,11.44,40,2.36,,,
7.0000e-08,46,11.44,40,2.4,,,
7.0400e-08,42,11.36,40,2.36,,,
7.0800e-08,34,11.44,-40,2.36,,,
7.1200e-08,38,11.44,40,2.36,,,
7.1600e-08,30,11.52,-40,2.36,,,
7.2000e-08,30,11.44,40,2.36,,,
7.2400e-08,26,11.52,40,2.4,,,
7.2800e-08,30,11.52,40,2.4,,,
7.3200e-08,30,11.44,40,2.36,,,
7.3600e-08,30,11.44,40,2.4,,,
7.4000e-08,26,11.52,40,2.4,,,
7.4400e-08,30,11.44,-40,2.4,,,
7.4800e-08,26,11.52,40,2.32,,,
7.5200e-08,26,11.44,40,2.36,,,
7.5600e-08,22,11.44,120,2.4,,,
7.6000e-08,26,11.52,40,2.36,,,
7.6400e-08,26,11.52,40,2.36,,,
7.6800e-08,30,11.52,40,2.32,,,
7.7200e-08,26,11.52,40,2.32,,,
7.7600e-08,26,11.6,40,2.36,,,
7.8000e-08,26,11.52,120,2.36,,,
7.8400e-08,30,11.52,120,2.4,,,
7.8800e-08,30,11.52,-40,2.4,,,
7.9200e-08,26,11.6,40,2.4,,,
7.9600e-08,26,11.52,40,2.36,,,
8.0000e-08,30,11.52,40,2.32,,,
8.0400e-08,30,11.52,-40,2.4,,,
8.0800e-08,34,11.6,-40,2.32,,,
8.1200e-08,34,11.52,40,2.36,,,
8.1600e-08,30,11.52,120,2.4,,,
8.2000e-08,30,11.44,120,2.36,,,
8.2400e-08,34,11.52,120,2.4,,,
8.2800e-08,34,11.52,40,2.4,,,
8.3200e-08,34,11.52,40,2.4,,,
8.3600e-08,30,11.52,40,2.32,,,
8.4000e-08,34,11.52,40,2.36,,,
8.4400e-08,34,11.44,120,2.4,,,
8.4800e-08,34,11.36,40,2.4,,,
8.5200e-08,34,11.28,-40,2.4,,,
8.5600e-08,30,11.44,40,2.36,,,
8.6000e-08,34,11.44,40,2.4,,,
8.6400e-08,34,11.44,40,2.4,,,
8.6800e-08,34,11.44,-40,2.4,,,
8.7200e-08,34,11.36,40,2.36,,,
8.7600e-08,30,11.44,40,2.36,,,
8.8000e-08,30,11.36,40,2.4,,,
8.8400e-08,30,11.44,40,2.4,,,
8.8800e-08,34,11.44,-40,2.36,,,
8.9200e-08,30,11.36,40,2.36,,,
8.9600e-08,30,11.44,-40,2.36,,,
9.0000e-08,30,11.44,40,2.32,,,
9.0400e-08,30,11.36,40,2.36,,,
9.0800e-08,26,11.44,40,2.4,,,
9.1200e-08,30,11.44,120,2.36,,,
9.1600e-08,26,11.52,40,2.4,,,
9.2000e-08,26,11.52,120,2.44,,,
9.2400e-08,30,11.44,120,2.36,,,
9.2800e-08,26,11.44,40,2.4,,,
9.3200e-08,30,11.44,-40,2.36,,,
9.3600e-08,26,11.6,-40,2.4,,,
9.4000e-08,30,11.52,-40,2.4,,,
9.4400e-08,30,11.52,-40,2.36,,,
9.4800e-08,30,11.52,40,2.4,,,
9.5200e-08,30,11.44,40,2.36,,,
9.5600e-08,30,11.52,40,2.36,,,
9.6000e-08,30,11.6,40,2.44,,,
9.6400e-08,30,11.52,40,2.4,,,
9.6800e-08,26,11.68,40,2.4,,,
9.7200e-08,30,11.6,40,2.4,,,
9.7600e-08,30,11.52,40,2.44,,,
9.8000e-08,30,11.52,40,2.4,,,
9.8400e-08,30,11.68,40,2.4,,,
9.8800e-08,30,11.52,40,2.4,,,
9.9200e-08,30,11.6,40,2.44,,,
9.9600e-08,34,11.68,40,2.36,,,
1.0000e-07,34,11.68,-40,2.4,,,
1.0040e-07,38,11.68,120,2.4,,,
1.0080e-07,34,11.68,-40,2.4,,,
1.0120e-07,34,11.68,120,2.36,,,
1.0160e-07,34,11.68,-40,2.44,,,
1.0200e-07,30,11.68,-40,2.44,,,
1.0240e-07,34,11.6,40,2.36,,,
1.0280e-07,34,11.6,40,2.4,,,
1.0320e-07,30,11.68,-40,2.36,,,
1.0360e-07,34,11.68,-40,2.36,,,
1.0400e-07,30,11.6,40,2.4,,,
1.0440e-07,30,11.6,-40,2.4,,,
1.0480e-07,30,11.6,-40,2.4,,,
1.0520e-07,30,11.6,40,2.36,,,
1.0560e-07,30,11.6,-40,2.36,,,
1.0600e-07,30,11.6,-40,2.36,,,
1.0640e-07,34,11.6,40,2.4,,,
1.0680e-07,30,11.52,40,2.36,,,
1.0720e-07,26,11.52,40,2.4,,,
1.0760e-07,26,11.52,40,2.36,,,
1.0800e-07,26,11.52,40,2.4,,,
1.0840e-07,26,11.52,40,2.4,,,
1.0880e-07,26,11.6,120,2.36,,,
1.0920e-07,26,11.52,40,2.4,,,
1.0960e-07,26,11.6,-120,2.4,,,
1.1000e-07,22,11.6,-40,2.4,,,
1.1040e-07,22,11.52,-40,2.4,,,
1.1080e-07,22,11.44,40,2.44,,,
1.1120e-07,22,11.52,40,2.44,,,
1.1160e-07,22,11.52,40,2.4,,,
1.1200e-07,26,11.52,-40,2.4,,,
1.1240e-07,22,11.52,40,2.4,,,
1.1280e-07,22,11.44,-40,2.4,,,
1.1320e-07,22,11.52,40,2.4,,,
1.1360e-07,26,11.52,-40,2.4,,,
1.1400e-07,26,11.52,-40,2.4,,,
1.1440e-07,26,11.52,-40,2.44,,,
1.1480e-07,26,11.52,-40,2.36,,,
1.1520e-07,26,11.44,40,2.4,,,
1.1560e-07,26,11.52,-40,2.36,,,
1.1600e-07,26,11.36,40,2.44,,,
1.1640e-07,26,11.44,120,2.4,,,
1.1680e-07,26,11.52,120,2.44,,,
1.1720e-07,34,11.44,-40,2.44,,,
1.1760e-07,30,11.52,-40,2.4,,,
1.1800e-07,26,11.52,40,2.4,,,
1.1840e-07,26,11.44,40,2.32,,,
1.1880e-07,30,11.44,-40,2.32,,,
1.1920e-07,30,11.44,40,2.4,,,
1.1960e-07,30,11.36,120,2.36,,,
1.2000e-07,30,11.44,40,2.4,,,
1.2040e-07,30,11.36,-40,2.4,,,
1.2080e-07,30,11.44,120,2.36,,,
1.2120e-07,30,11.36,40,2.36,,,
1.2160e-07,30,11.44,40,2.4,,,
1.2200e-07,30,11.44,120,2.36,,,
1.2240e-07,30,11.44,120,2.44,,,
1.2280e-07,38,11.44,120,2.4,,,
1.2320e-07,30,11.44,120,2.4,,,
1.2360e-07,30,11.44,40,2.4,,,
1.2400e-07,26,11.44,-40,2.44,,,
1.2440e-07,30,11.52,40,2.36,,,
1.2480e-07,26,11.52,40,2.4,,,
1.2520e-07,26,11.44,120,2.36,,,
1.2560e-07,22,11.44,40,2.4,,,
1.2600e-07,26,11.52,40,2.4,,,
1.2640e-07,26,11.44,40,2.4,,,
1.2680e-07,26,11.52,40,2.36,,,
1.2720e-07,26,11.52,120,2.4,,,
1.2760e-07,22,11.52,40,2.36,,,
1.2800e-07,26,11.6,40,2.4,,,
1.2840e-07,22,11.6,40,2.44,,,
1.2880e-07,22,11.6,120,2.4,,,
1.2920e-07,26,11.52,120,2.36,,,
1.2960e-07,26,11.6,-40,2.4,,,
1.3000e-07,26,11.52,-40,2.36,,,
1.3040e-07,26,11.6,40,2.44,,,
1.3080e-07,26,11.52,120,2.32,,,
1.3120e-07,30,11.68,40,2.32,,,
1.3160e-07,22,11.52,-40,2.4,,,
1.3200e-07,30,11.6,40,2.4,,,
1.3240e-07,22,11.6,-40,2.44,,,
1.3280e-07,30,11.52,40,2.4,,,
1.3320e-07,22,11.6,-40,2.32,,,
1.3360e-07,26,11.68,40,2.4,,,
1.3400e-07,26,11.68,-40,2.4,,,
1.3440e-07,26,11.6,-40,2.36,,,
1.3480e-07,30,11.6,-40,2.4,,,
1.3520e-07,30,11.6,-40,2.4,,,
1.3560e-07,30,11.6,40,2.36,,,
1.3600e-07,26,11.6,40,2.4,,,
1.3640e-07,26,11.68,40,2.36,,,
1.3680e-07,34,11.68,40,2.36,,,
1.3720e-07,30,11.68,120,2.36,,,
1.3760e-07,30,11.6,40,2.36,,,
1.3800e-07,30,11.6,40,2.4,,,
1.3840e-07,26,11.68,40,2.4,,,
1.3880e-07,22,11.68,40,2.4,,,
1.3920e-07,26,11.44,120,2.4,,,
1.3960e-07,26,11.44,40,2.36,,,
1.4000e-07,26,11.6,-40,2.4,,,
1.4040e-07,26,11.6,40,2.4,,,
1.4080e-07,26,11.52,40,2.4,,,
1.4120e-07,30,11.52,-40,2.36,,,
1.4160e-07,26,11.6,40,2.4,,,
1.4200e-07,22,11.52,-40,2.4,,,
1.4240e-07,26,11.52,40,2.36,,,
1.4280e-07,22,11.52,120,2.4,,,
1.4320e-07,22,11.52,120,2.4,,,
1.4360e-07,22,11.44,-40,2.36,,,
1.4400e-07,22,11.52,40,2.36,,,
1.4440e-07,26,11.52,40,2.4,,,
1.4480e-07,26,11.52,40,2.36,,,
1.4520e-07,26,11.52,40,2.36,,,
1.4560e-07,26,11.52,40,2.4,,,
1.4600e-07,22,11.52,40,2.32,,,
1.4640e-07,22,11.52,40,2.36,,,
1.4680e-07,22,11.44,-40,2.36,,,
1.4720e-07,26,11.44,-40,2.4,,,
1.4760e-07,26,11.44,-40,2.4,,,
1.4800e-07,26,11.52,40,2.4,,,
1.4840e-07,26,11.52,40,2.4,,,
1.4880e-07,26,11.6,-40,2.44,,,
1.4920e-07,22,11.6,-40,2.36,,,
1.4960e-07,26,11.52,40,2.4,,,
1.5000e-07,26,11.52,40,2.44,,,
1.5040e-07,26,11.52,40,2.4,,,
1.5080e-07,26,11.52,-40,2.44,,,
1.5120e-07,22,11.52,-40,2.4,,,
1.5160e-07,26,11.52,-40,2.36,,,
1.5200e-07,26,11.68,40,2.44,,,
1.5240e-07,26,11.6,120,2.4,,,
1.5280e-07,30,11.52,40,2.4,,,
1.5320e-07,30,11.6,40,2.44,,,
1.5360e-07,26,11.6,40,2.44,,,
1.5400e-07,26,11.6,-40,2.4,,,
1.5440e-07,22,11.68,40,2.4,,,
1.5480e-07,26,11.68,40,2.4,,,
1.5520e-07,26,11.6,40,2.4,,,
1.5560e-07,26,11.68,-40,2.44,,,
1.5600e-07,26,11.68,40,2.44,,,
1.5640e-07,26,11.6,40,2.36,,,
1.5680e-07,26,11.68,-40,2.44,,,
1.5720e-07,26,11.6,40,2.4,,,
1.5760e-07,26,11.68,-40,2.4,,,
1.5800e-07,22,11.6,40,2.36,,,
1.5840e-07,22,11.68,-40,2.36,,,
1.5880e-07,26,11.6,40,2.36,,,
1.5920e-07,22,11.6,40,2.4,,,
1.5960e-07,26,11.68,40,2.36,,,
1.6000e-07,22,11.68,-40,2.36,,,
1.6040e-07,22,11.68,-40,2.4,,,
1.6080e-07,22,11.68,40,2.4,,,
1.6120e-07,22,11.68,40,2.4,,,
1.6160e-07,26,11.6,-40,2.32,,,
1.6200e-07,22,11.6,-40,2.4,,,
1.6240e-07,22,11.68,40,2.4,,,
1.6280e-07,26,11.68,40,2.4,,,
1.6320e-07,26,11.68,40,2.4,,,
1.6360e-07,22,11.68,40,2.32,,,
1.6400e-07,22,11.68,-40,2.36,,,
1.6440e-07,22,11.68,-40,2.4,,,
1.6480e-07,18,11.6,40,2.44,,,
1.6520e-07,22,11.68,40,2.4,,,
1.6560e-07,22,11.6,40,2.36,,,
1.6600e-07,22,11.68,-40,2.4,,,
1.6640e-07,18,11.6,40,2.44,,,
1.6680e-07,18,11.6,-40,2.36,,,
1.6720e-07,18,11.52,-40,2.4,,,
1.6760e-07,22,11.6,-40,2.44,,,
1.6800e-07,22,11.68,40,2.4,,,
1.6840e-07,22,11.68,120,2.4,,,
1.6880e-07,22,11.6,40,2.4,,,
1.6920e-07,18,11.6,40,2.44,,,
1.6960e-07,26,11.52,40,2.4,,,
1.7000e-07,22,11.52,40,2.4,,,
1.7040e-07,22,11.6,120,2.44,,,
1.7080e-07,22,11.6,120,2.4,,,
1.7120e-07,22,11.6,-40,2.4,,,
1.7160e-07,22,11.6,40,2.4,,,
1.7200e-07,22,11.52,40,2.44,,,
1.7240e-07,22,11.52,120,2.32,,,
1.7280e-07,22,11.44,40,2.4,,,
1.7320e-07,26,11.52,120,2.4,,,
1.7360e-07,18,11.52,-40,2.4,,,
1.7400e-07,22,11.52,-40,2.44,,,
1.7440e-07,18,11.52,40,2.44,,,
1.7480e-07,26,11.52,40,2.4,,,
1.7520e-07,26,11.44,120,2.44,,,
1.7560e-07,26,11.6,40,2.4,,,
1.7600e-07,22,11.44,40,2.36,,,
1.7640e-07,18,11.6,40,2.36,,,
1.7680e-07,22,11.52,-120,2.4,,,
1.7720e-07,22,11.52,-40,2.4,,,
1.7760e-07,22,11.52,40,2.4,,,
1.7800e-07,26,11.52,40,2.4,,,
1.7840e-07,26,11.52,-40,2.44,,,
1.7880e-07,26,11.44,-40,2.4,,,
1.7920e-07,22,11.52,40,2.4,,,
1.7960e-07,22,11.52,40,2.36,,,
1.8000e-07,22,11.52,40,2.4,,,
1.8040e-07,22,11.52,40,2.36,,,
1.8080e-07,26,11.44,-40,2.36,,,
1.8120e-07,22,11.52,40,2.44,,,
1.8160e-07,26,11.52,40,2.4,,,
1.8200e-07,26,11.52,40,2.36,,,
1.8240e-07,26,11.52,40,2.4,,,
1.8280e-07,22,11.52,40,2.44,,,
1.8320e-07,26,11.52,-40,2.44,,,
1.8360e-07,22,11.6,40,2.44,,,
1.8400e-07,22,11.6,-40,2.4,,,
1.8440e-07,22,11.6,-40,2.36,,,
1.8480e-07,26,11.6,40,2.4,,,
1.8520e-07,22,11.6,40,2.36,,,
1.8560e-07,26,11.6,-40,2.4,,,
1.8600e-07,26,11.68,40,2.4,,,
1.8640e-07,26,11.68,40,2.4,,,
1.8680e-07,22,11.68,40,2.4,,,
1.8720e-07,22,11.6,40,2.4,,,
1.8760e-07,22,11.68,40,2.4,,,
1.8800e-07,22,11.6,40,2.36,,,
1.8840e-07,22,11.6,40,2.36,,,
1.8880e-07,22,11.6,40,2.36,,,
1.8920e-07,26,11.68,-40,2.36,,,
1.8960e-07,26,11.68,40,2.36,,,
1.9000e-07,18,11.68,40,2.36,,,
1.9040e-07,22,11.6,40,2.32,,,
1.9080e-07,22,11.6,-40,2.36,,,
1.9120e-07,26,11.68,40,2.4,,,
1.9160e-07,18,11.68,-120,2.32,,,
1.9200e-07,18,11.68,-40,2.44,,,
1.9240e-07,18,11.68,40,2.44,,,
1.9280e-07,26,11.68,40,2.4,,,
1.9320e-07,22,11.68,40,2.4,,,
1.9360e-07,14,11.68,-40,2.36,,,
1.9400e-07,18,11.68,40,2.4,,,
1.9440e-07,18,11.6,40,2.36,,,
1.9480e-07,22,11.6,-40,2.4,,,
1.9520e-07,18,11.68,40,2.4,,,
1.9560e-07,18,11.68,40,2.4,,,
1.9600e-07,22,11.68,-120,2.4,,,
1.9640e-07,22,11.68,-40,2.44,,,
1.9680e-07,18,11.68,40,2.36,,,
1.9720e-07,18,11.6,40,2.4,,,
1.9760e-07,18,11.52,40,2.44,,,
1.9800e-07,22,11.6,-40,2.4,,,
1.9840e-07,18,11.6,40,2.44,,,
1.9880e-07,22,11.6,-40,2.44,,,
1.9920e-07,22,11.68,-40,2.44,,,
1.9960e-07,22,11.68,40,2.4,,,
2.0000e-07,22,11.68,-40,2.4,,,
2.0040e-07,22,11.68,40,2.36,,,
2.0080e-07,22,11.52,40,2.36,,,
2.0120e-07,22,11.44,40,2.4,,,
2.0160e-07,22,11.52,40,2.4,,,
2.0200e-07,22,11.52,40,2.4,,,
2.0240e-07,18,11.6,40,2.36,,,
2.0280e-07,18,11.52,40,2.4,,,
2.0320e-07,22,11.6,40,2.4,,,
2.0360e-07,22,11.6,40,2.4,,,
2.0400e-07,18,11.6,40,2.36,,,
2.0440e-07,22,11.6,-40,2.36,,,
2.0480e-07,22,11.6,-40,2.4,,,
2.0520e-07,14,11.52,40,2.4,,,
2.0560e-07,18,11.52,-40,2.4,,,
2.0600e-07,22,11.6,-40,2.4,,,
2.0640e-07,18,11.6,40,2.44,,,
2.0680e-07,22,11.68,-40,2.36,,,
2.0720e-07,18,11.6,-40,2.36,,,
2.0760e-07,22,11.6,40,2.36,,,
2.0800e-07,22,11.44,40,2.4,,,
2.0840e-07,18,11.6,40,2.4,,,
2.0880e-07,22,11.6,40,2.4,,,
2.0920e-07,18,11.52,40,2.44,,,
2.0960e-07,14,11.68,40,2.4,,,
2.1000e-07,18,11.52,40,2.36,,,
2.1040e-07,18,11.52,-40,2.4,,,
2.1080e-07,22,11.6,40,2.4,,,
2.1120e-07,18,11.6,120,2.44,,,
2.1160e-07,26,11.68,40,2.4,,,
2.1200e-07,22,11.68,-40,2.44,,,
2.1240e-07,22,11.6,40,2.44,,,
2.1280e-07,22,11.6,40,2.4,,,
2.1320e-07,18,11.52,40,2.44,,,
2.1360e-07,22,11.68,120,2.44,,,
2.1400e-07,22,11.68,40,2.44,,,
2.1440e-07,22,11.68,40,2.44,,,
2.1480e-07,22,11.68,-40,2.36,,,
2.1520e-07,22,11.68,-40,2.4,,,
2.1560e-07,18,11.68,40,2.44,,,
2.1600e-07,22,11.68,-40,2.44,,,
2.1640e-07,22,11.68,-40,2.4,,,
2.1680e-07,14,11.68,40,2.4,,,
2.1720e-07,18,11.76,40,2.4,,,
2.1760e-07,22,11.76,40,2.4,,,
2.1800e-07,22,11.76,40,2.4,,,
2.1840e-07,18,11.68,40,2.4,,,
2.1880e-07,22,11.76,40,2.44,,,
2.1920e-07,18,11.76,40,2.4,,,
2.1960e-07,18,11.68,120,2.4,,,
2.2000e-07,22,11.76,-40,2.4,,,
2.2040e-07,22,11.68,-40,2.4,,,
2.2080e-07,18,11.68,-40,2.36,,,
2.2120e-07,18,11.68,40,2.4,,,
2.2160e-07,18,11.76,40,2.4,,,
2.2200e-07,18,11.76,40,2.44,,,
2.2240e-07,18,11.76,-40,2.4,,,
2.2280e-07,18,11.68,-40,2.4,,,
2.2320e-07,14,11.68,40,2.4,,,
2.2360e-07,18,11.76,40,2.36,,,
2.2400e-07,14,11.76,40,2.36,,,
2.2440e-07,18,11.76,-40,2.4,,,
2.2480e-07,10,11.76,40,2.4,,,
2.2520e-07,10,11.68,40,2.36,,,
2.2560e-07,10,11.68,40,2.36,,,
2.2600e-07,14,11.68,40,2.4,,,
2.2640e-07,18,11.68,40,2.44,,,
2.2680e-07,18,11.68,-40,2.4,,,
2.2720e-07,14,11.68,40,2.36,,,
2.2760e-07,14,11.68,120,2.4,,,
2.2800e-07,14,11.6,40,2.4,,,
2.2840e-07,18,11.6,-40,2.4,,,
2.2880e-07,18,11.6,40,2.36,,,
2.2920e-07,18,11.6,120,2.4,,,
2.2960e-07,18,11.68,-40,2.36,,,
2.3000e-07,18,11.6,-40,2.4,,,
2.3040e-07,18,11.6,40,2.4,,,
2.3080e-07,18,11.6,40,2.36,,,
2.3120e-07,14,11.6,40,2.36,,,
2.3160e-07,18,11.6,120,2.36,,,
2.3200e-07,22,11.6,40,2.36,,,
2.3240e-07,22,11.52,120,2.4,,,
2.3280e-07,22,11.52,40,2.4,,,
2.3320e-07,22,11.6,40,2.4,,,
2.3360e-07,22,11.6,-40,2.4,,,
2.3400e-07,22,11.6,-40,2.4,,,
2.3440e-07,18,11.6,120,2.44,,,
2.3480e-07,22,11.52,40,2.44,,,
2.3520e-07,22,11.6,-40,2.4,,,
2.3560e-07,22,11.52,40,2.4,,,
2.3600e-07,22,11.68,40,2.4,,,
2.3640e-07,18,11.6,40,2.4,,,
2.3680e-07,14,11.6,40,2.4,,,
2.3720e-07,14,11.6,-40,2.36,,,
2.3760e-07,18,11.6,40,2.36,,,
2.3800e-07,18,11.6,-40,2.4,,,
2.3840e-07,18,11.6,120,2.36,,,
2.3880e-07,22,11.6,-40,2.36,,,
2.3920e-07,14,11.6,-40,2.36,,,
2.3960e-07,14,11.68,40,2.36,,,
2.4000e-07,18,11.6,40,2.36,,,
2.4040e-07,18,11.6,40,2.4,,,
2.4080e-07,14,11.68,40,2.36,,,
2.4120e-07,14,11.6,40,2.36,,,
2.4160e-07,14,11.68,40,2.4,,,
2.4200e-07,14,11.68,-40,2.4,,,
2.4240e-07,18,11.68,40,2.32,,,
2.4280e-07,14,11.68,-40,2.36,,,
2.4320e-07,18,11.68,120,2.36,,,
2.4360e-07,14,11.6,40,2.36,,,
2.4400e-07,14,11.68,40,2.4,,,
2.4440e-07,14,11.68,-40,2.48,,,
2.4480e-07,18,11.68,-40,2.4,,,
2.4520e-07,18,11.6,40,2.4,,,
2.4560e-07,14,11.6,-40,2.4,,,
2.4600e-07,22,11.76,40,2.4,,,
2.4640e-07,22,11.6,40,2.36,,,
2.4680e-07,22,11.68,120,2.36,,,
2.4720e-07,22,11.68,-40,2.36,,,
2.4760e-07,22,11.68,-40,2.36,,,
2.4800e-07,18,11.68,40,2.4,,,
2.4840e-07,18,11.68,40,2.4,,,
2.4880e-07,26,11.68,-40,2.44,,,
2.4920e-07,18,11.68,40,2.36,,,
2.4960e-07,22,11.76,-40,2.36,,,
2.5000e-07,22,11.76,-40,2.4,,,
2.5040e-07,22,11.68,40,2.44,,,
2.5080e-07,22,11.68,120,2.44,,,
2.5120e-07,22,11.68,40,2.4,,,
2.5160e-07,18,11.68,40,2.4,,,
2.5200e-07,18,11.6,-40,2.4,,,
2.5240e-07,22,11.68,40,2.36,,,
2.5280e-07,14,11.76,40,2.36,,,
2.5320e-07,18,11.68,40,2.36,,,
2.5360e-07,18,11.68,-40,2.36,,,
2.5400e-07,14,11.68,40,2.36,,,
2.5440e-07,14,11.6,-40,2.4,,,
2.5480e-07,14,11.68,40,2.4,,,
2.5520e-07,14,11.68,40,2.4,,,
2.5560e-07,14,11.68,40,2.36,,,
2.5600e-07,18,11.6,-40,2.4,,,
2.5640e-07,18,11.6,-40,2.4,,,
2.5680e-07,18,11.6,40,2.44,,,
2.5720e-07,18,11.6,40,2.4,,,
2.5760e-07,14,11.68,120,2.48,,,
2.5800e-07,14,11.6,-40,2.4,,,
2.5840e-07,14,11.52,-40,2.44,,,
2.5880e-07,18,11.6,120,2.48,,,
2.5920e-07,14,11.52,40,2.4,,,
2.5960e-07,14,11.6,120,2.4,,,
2.6000e-07,14,11.6,120,2.36,,,
2.6040e-07,18,11.6,40,2.4,,,
2.6080e-07,18,11.6,40,2.4,,,
2.6120e-07,18,11.6,40,2.4,,,
2.6160e-07,18,11.6,-40,2.36,,,
2.6200e-07,18,11.52,40,2.36,,,
2.6240e-07,18,11.52,40,2.4,,,
2.6280e-07,14,11.6,40,2.4,,,
2.6320e-07,18,11.6,-40,2.4,,,
2.6360e-07,22,11.6,-40,2.4,,,
2.6400e-07,18,11.52,40,2.4,,,
2.6440e-07,18,11.6,40,2.44,,,
2.6480e-07,18,11.6,-120,2.36,,,
2.6520e-07,18,11.6,40,2.4,,,
2.6560e-07,18,11.52,120,2.4,,,
2.6600e-07,14,11.6,40,2.44,,,
2.6640e-07,18,11.6,40,2.44,,,
2.6680e-07,14,11.6,-40,2.36,,,
2.6720e-07,14,11.6,-40,2.44,,,
2.6760e-07,18,11.6,40,2.4,,,
2.6800e-07,14,11.6,-40,2.36,,,
2.6840e-07,14,11.52,40,2.4,,,
2.6880e-07,18,11.52,40,2.4,,,
2.6920e-07,18,11.68,-40,2.36,,,
2.6960e-07,18,11.6,40,2.36,,,
2.7000e-07,18,11.68,-40,2.32,,,
2.7040e-07,14,11.6,40,2.36,,,
2.7080e-07,18,11.68,40,2.4,,,
2.7120e-07,18,11.68,40,2.4,,,
2.7160e-07,14,11.6,40,2.4,,,
2.7200e-07,14,11.6,-40,2.36,,,
2.7240e-07,22,11.68,-40,2.36,,,
2.7280e-07,14,11.6,120,2.36,,,
2.7320e-07,14,11.68,40,2.36,,,
2.7360e-07,14,11.68,40,2.36,,,
2.7400e-07,18,11.76,40,2.4,,,
2.7440e-07,14,11.68,120,2.4,,,
2.7480e-07,14,11.76,40,2.36,,,
2.7520e-07,14,11.68,40,2.44,,,
2.7560e-07,14,11.68,-40,2.4,,,
2.7600e-07,18,11.68,40,2.4,,,
2.7640e-07,18,11.76,120,2.4,,,
2.7680e-07,18,11.76,-40,2.36,,,
2.7720e-07,18,11.68,40,2.4,,,
2.7760e-07,14,11.76,40,2.36,,,
2.7800e-07,14,11.68,40,2.36,,,
2.7840e-07,18,11.76,40,2.36,,,
2.7880e-07,18,11.68,40,2.36,,,
2.7920e-07,18,11.68,40,2.36,,,
2.7960e-07,14,11.76,40,2.36,,,
2.8000e-07,14,11.68,40,2.4,,,
2.8040e-07,18,11.6,40,2.36,,,
2.8080e-07,14,11.68,40,2.4,,,
2.8120e-07,10,11.68,120,2.4,,,
2.8160e-07,18,11.68,40,2.4,,,
2.8200e-07,10,11.68,40,2.4,,,
2.8240e-07,14,11.76,40,2.4,,,
2.8280e-07,10,11.68,-40,2.36,,,
2.8320e-07,10,11.68,40,2.36,,,
2.8360e-07,6,11.68,40,2.36,,,
2.8400e-07,14,11.68,40,2.36,,,
2.8440e-07,14,11.68,40,2.4,,,
2.8480e-07,14,11.68,40,2.4,,,
2.8520e-07,14,11.68,40,2.4,,,
2.8560e-07,10,11.68,120,2.4,,,
2.8600e-07,14,11.68,120,2.48,,,
2.8640e-07,14,11.6,40,2.4,,,
2.8680e-07,10,11.68,40,2.36,,,
2.8720e-07,10,11.68,-40,2.36,,,
2.8760e-07,10,11.68,40,2.36,,,
2.8800e-07,14,11.6,-40,2.36,,,
2.8840e-07,14,11.6,40,2.36,,,
2.8880e-07,18,11.6,-40,2.4,,,
2.8920e-07,14,11.68,-40,2.4,,,
2.8960e-07,14,11.68,-40,2.4,,,
2.9000e-07,14,11.52,40,2.4,,,
2.9040e-07,14,11.6,120,2.44,,,
2.9080e-07,14,11.6,120,2.44,,,
2.9120e-07,14,11.6,40,2.36,,,
2.9160e-07,18,11.6,40,2.4,,,
2.9200e-07,14,11.6,40,2.44,,,
2.9240e-07,18,11.6,40,2.44,,,
2.9280e-07,22,11.6,40,2.44,,,
2.9320e-07,18,11.68,120,2.4,,,
2.9360e-07,18,11.6,40,2.4,,,
2.9400e-07,22,11.6,40,2.36,,,
2.9440e-07,18,11.6,-40,2.4,,,
2.9480e-07,22,11.6,-40,2.4,,,
2.9520e-07,18,11.52,40,2.4,,,
2.9560e-07,18,11.6,120,2.44,,,
2.9600e-07,14,11.52,-40,2.44,,,
2.9640e-07,14,11.52,40,2.4,,,
2.9680e-07,14,11.6,-40,2.44,,,
2.9720e-07,14,11.6,40,2.4,,,
2.9760e-07,14,11.6,120,2.4,,,
2.9800e-07,14,11.6,40,2.4,,,
2.9840e-07,18,11.6,40,2.44,,,
2.9880e-07,14,11.68,40,2.4,,,
2.9920e-07,18,11.6,40,2.36,,,
2.9960e-07,10,11.6,40,2.4,,,
3.0000e-07,14,11.6,-40,2.4,,,
3.0040e-07,14,11.6,40,2.4,,,
3.0080e-07,14,11.68,40,2.4,,,
3.0120e-07,14,11.68,40,2.36,,,
3.0160e-07,10,11.68,40,2.4,,,
3.0200e-07,10,11.76,-40,2.4,,,
3.0240e-07,18,11.6,-40,2.4,,,
3.0280e-07,14,11.76,120,2.36,,,
3.0320e-07,10,11.68,-40,2.4,,,
3.0360e-07,10,11.68,-40,2.36,,,
3.0400e-07,10,11.68,40,2.4,,,
3.0440e-07,14,11.6,40,2.4,,,
3.0480e-07,14,11.76,40,2.4,,,
3.0520e-07,14,11.68,40,2.44,,,
3.0560e-07,14,11.76,40,2.4,,,
3.0600e-07,14,11.6,40,2.36,,,
3.0640e-07,14,11.68,40,2.4,,,
3.0680e-07,14,11.68,-40,2.36,,,
3.0720e-07,14,11.68,40,2.44,,,
3.0760e-07,14,11.6,40,2.44,,,
3.0800e-07,14,11.68,-40,2.4,,,
3.0840e-07,18,11.68,40,2.4,,,
3.0880e-07,14,11.6,120,2.4,,,
3.0920e-07,18,11.6,-40,2.44,,,
3.0960e-07,18,11.6,-40,2.4,,,
3.1000e-07,14,11.68,40,2.4,,,
3.1040e-07,14,11.68,-40,2.44,,,
3.1080e-07,14,11.6,40,2.4,,,
3.1120e-07,14,11.6,40,2.4,,,
3.1160e-07,14,11.6,40,2.4,,,
3.1200e-07,10,11.6,120,2.4,,,
3.1240e-07,14,11.6,40,2.4,,,
3.1280e-07,10,11.6,40,2.4,,,
3.1320e-07,14,11.6,40,2.4,,,
3.1360e-07,10,11.6,120,2.4,,,
3.1400e-07,14,11.6,120,2.44,,,
3.1440e-07,14,11.68,40,2.36,,,
3.1480e-07,14,11.68,120,2.36,,,
3.1520e-07,14,11.6,40,2.4,,,
3.1560e-07,6,11.6,40,2.4,,,
3.1600e-07,14,11.6,-40,2.44,,,
3.1640e-07,10,11.6,-40,2.36,,,
3.1680e-07,14,11.6,40,2.36,,,
3.1720e-07,6,11.52,40,2.4,,,
3.1760e-07,10,11.52,-40,2.36,,,
3.1800e-07,6,11.6,40,2.4,,,
3.1840e-07,6,11.52,-40,2.44,,,
3.1880e-07,6,11.6,40,2.4,,,
3.1920e-07,10,11.52,120,2.44,,,
3.1960e-07,6,11.52,40,2.4,,,
3.2000e-07,10,11.52,40,2.4,,,
3.2040e-07,10,11.6,40,2.44,,,
3.2080e-07,10,11.52,40,2.4,,,
3.2120e-07,10,11.52,-40,2.44,,,
3.2160e-07,6,11.52,40,2.4,,,
3.2200e-07,10,11.6,40,2.4,,,
3.2240e-07,14,11.52,-40,2.36,,,
3.2280e-07,10,11.52,-40,2.4,,,
3.2320e-07,14,11.52,-40,2.36,,,
3.2360e-07,10,11.52,-40,2.36,,,
3.2400e-07,14,11.52,-40,2.4,,,
3.2440e-07,14,11.52,40,2.36,,,
3.2480e-07,14,11.52,40,2.44,,,
3.2520e-07,18,11.52,40,2.44,,,
3.2560e-07,18,11.52,40,2.36,,,
3.2600e-07,10,11.52,40,2.36,,,
3.2640e-07,14,11.52,-40,2.36,,,
3.2680e-07,14,11.52,120,2.4,,,
3.2720e-07,14,11.6,120,2.4,,,
3.2760e-07,18,11.52,-40,2.44,,,
3.2800e-07,14,11.6,-40,2.44,,,
3.2840e-07,14,11.6,120,2.4,,,
3.2880e-07,18,11.68,40,2.36,,,
3.2920e-07,14,11.6,40,2.36,,,
3.2960e-07,10,11.68,40,2.4,,,
3.3000e-07,14,11.68,40,2.36,,,
3.3040e-07,14,11.6,40,2.32,,,
3.3080e-07,10,11.68,40,2.4,,,
3.3120e-07,10,11.6,40,2.4,,,
3.3160e-07,10,11.68,40,2.36,,,
3.3200e-07,6,11.68,40,2.4,,,
3.3240e-07,14,11.68,40,2.36,,,
3.3280e-07,14,11.68,40,2.4,,,
3.3320e-07,14,11.68,40,2.4,,,
3.3360e-07,10,11.68,40,2.4,,,
3.3400e-07,6,11.76,40,2.4,,,
3.3440e-07,6,11.68,-40,2.36,,,
3.3480e-07,14,11.68,-40,2.4,,,
3.3520e-07,10,11.68,40,2.32,,,
3.3560e-07,6,11.68,40,2.36,,,
3.3600e-07,10,11.76,-40,2.4,,,
3.3640e-07,6,11.68,40,2.4,,,
3.3680e-07,10,11.68,40,2.4,,,
3.3720e-07,6,11.68,40,2.36,,,
3.3760e-07,6,11.68,-40,2.36,,,
3.3800e-07,6,11.68,120,2.4,,,
3.3840e-07,10,11.68,40,2.4,,,
3.3880e-07,10,11.6,40,2.4,,,
3.3920e-07,6,11.76,40,2.36,,,
3.3960e-07,6,11.68,-40,2.36,,,
3.4000e-07,14,11.76,40,2.4,,,
3.4040e-07,6,11.68,-40,2.4,,,
3.4080e-07,14,11.68,40,2.36,,,
3.4120e-07,10,11.68,40,2.4,,,
3.4160e-07,10,11.68,40,2.44,,,
3.4200e-07,14,11.68,40,2.4,,,
3.4240e-07,10,11.68,120,2.4,,,
3.4280e-07,10,11.76,-40,2.4,,,
3.4320e-07,10,11.68,40,2.4,,,
3.4360e-07,14,11.68,40,2.4,,,
3.4400e-07,14,11.68,-40,2.4,,,
3.4440e-07,10,11.68,40,2.4,,,
3.4480e-07,14,11.6,40,2.44,,,
3.4520e-07,14,11.68,40,2.44,,,
3.4560e-07,10,11.6,40,2.44,,,
3.4600e-07,10,11.6,40,2.44,,,
3.4640e-07,14,11.68,-40,2.36,,,
3.4680e-07,10,11.68,-40,2.36,,,
3.4720e-07,14,11.6,-40,2.4,,,
3.4760e-07,10,11.6,40,2.36,,,
3.4800e-07,10,11.6,120,2.44,,,
3.4840e-07,6,11.6,120,2.36,,,
3.4880e-07,6,11.68,40,2.4,,,
3.4920e-07,6,11.6,-40,2.36,,,
3.4960e-07,10,11.6,120,2.44,,,
3.5000e-07,10,11.52,-40,2.4,,,
3.5040e-07,10,11.6,40,2.4,,,
3.5080e-07,6,11.6,-40,2.36,,,
3.5120e-07,10,11.6,-40,2.36,,,
3.5160e-07,10,11.6,120,2.4,,,
3.5200e-07,6,11.6,120,2.44,,,
3.5240e-07,6,11.68,40,2.44,,,
3.5280e-07,10,11.6,40,2.4,,,
3.5320e-07,6,11.6,40,2.4,,,
3.5360e-07,6,11.68,-40,2.4,,,
3.5400e-07,10,11.68,-40,2.4,,,
3.5440e-07,10,11.52,40,2.4,,,
3.5480e-07,10,11.68,-40,2.4,,,
3.5520e-07,6,11.6,40,2.44,,,
3.5560e-07,6,11.68,-40,2.4,,,
3.5600e-07,6,11.68,40,2.36,,,
3.5640e-07,6,11.68,40,2.4,,,
3.5680e-07,14,11.6,120,2.44,,,
3.5720e-07,14,11.6,-40,2.44,,,
3.5760e-07,14,11.6,-40,2.44,,,
3.5800e-07,10,11.6,40,2.44,,,
3.5840e-07,10,11.6,-40,2.36,,,
3.5880e-07,10,11.6,-40,2.36,,,
3.5920e-07,14,11.68,-40,2.44,,,
3.5960e-07,10,11.68,-40,2.4,,,
3.6000e-07,10,11.6,120,2.44,,,
3.6040e-07,14,11.6,40,2.48,,,
3.6080e-07,14,11.68,-40,2.4,,,
3.6120e-07,10,11.68,-40,2.4,,,
3.6160e-07,10,11.6,40,2.44,,,
3.6200e-07,10,11.68,40,2.4,,,
3.6240e-07,10,11.68,40,2.4,,,
3.6280e-07,10,11.68,120,2.4,,,
3.6320e-07,10,11.6,40,2.4,,,
3.6360e-07,14,11.68,-40,2.44,,,
3.6400e-07,14,11.68,40,2.4,,,
3.6440e-07,6,11.68,40,2.4,,,
3.6480e-07,14,11.68,40,2.4,,,
3.6520e-07,10,11.68,-40,2.36,,,
3.6560e-07,10,11.6,-40,2.4,,,
3.6600e-07,6,11.6,40,2.36,,,
3.6640e-07,6,11.6,-40,2.4,,,
3.6680e-07,6,11.68,-40,2.36,,,
3.6720e-07,6,11.6,-40,2.36,,,
3.6760e-07,6,11.6,40,2.4,,,
3.6800e-07,6,11.6,-40,2.4,,,
3.6840e-07,6,11.6,-40,2.4,,,
3.6880e-07,6,11.6,-40,2.4,,,
3.6920e-07,6,11.68,-40,2.44,,,
3.6960e-07,6,11.6,120,2.4,,,
3.7000e-07,6,11.6,40,2.36,,,
3.7040e-07,6,11.68,120,2.44,,,
3.7080e-07,14,11.6,40,2.4,,,
3.7120e-07,6,11.6,40,2.44,,,
3.7160e-07,6,11.68,40,2.44,,,
3.7200e-07,6,11.68,-40,2.4,,,
3.7240e-07,6,11.6,40,2.36,,,
3.7280e-07,10,11.6,40,2.4,,,
3.7320e-07,6,11.6,-40,2.4,,,
3.7360e-07,6,11.6,40,2.4,,,
3.7400e-07,6,11.52,-40,2.36,,,
3.7440e-07,6,11.6,40,2.4,,,
3.7480e-07,10,11.6,-40,2.4,,,
3.7520e-07,10,11.6,-40,2.36,,,
3.7560e-07,6,11.52,40,2.4,,,
3.7600e-07,6,11.52,40,2.44,,,
3.7640e-07,6,11.6,40,2.44,,,
3.7680e-07,6,11.44,-40,2.4,,,
3.7720e-07,6,11.6,40,2.4,,,
3.7760e-07,10,11.52,40,2.4,,,
3.7800e-07,6,11.52,40,2.4,,,
3.7840e-07,10,11.52,40,2.4,,,
3.7880e-07,14,11.52,40,2.4,,,
3.7920e-07,6,11.6,40,2.4,,,
3.7960e-07,10,11.52,40,2.36,,,
3.8000e-07,6,11.52,40,2.36,,,
3.8040e-07,14,11.52,40,2.36,,,
3.8080e-07,6,11.52,40,2.4,,,
3.8120e-07,6,11.52,40,2.4,,,
3.8160e-07,6,11.52,40,2.36,,,
3.8200e-07,6,11.6,40,2.36,,,
3.8240e-07,6,11.52,40,2.4,,,
3.8280e-07,6,11.6,-40,2.4,,,
3.8320e-07,6,11.6,-40,2.4,,,
3.8360e-07,6,11.6,40,2.4,,,
3.8400e-07,6,11.6,120,2.36,,,
3.8440e-07,10,11.6,40,2.36,,,
3.8480e-07,6,11.6,40,2.32,,,
3.8520e-07,6,11.68,-40,2.36,,,
3.8560e-07,6,11.6,40,2.4,,,
3.8600e-07,6,11.6,-40,2.4,,,
3.8640e-07,6,11.6,40,2.36,,,
3.8680e-07,6,11.68,40,2.4,,,
3.8720e-07,6,11.6,120,2.4,,,
3.8760e-07,6,11.6,40,2.4,,,
3.8800e-07,2,11.6,-40,2.4,,,
3.8840e-07,6,11.6,-40,2.36,,,
3.8880e-07,6,11.68,120,2.36,,,
3.8920e-07,2,11.68,120,2.4,,,
3.8960e-07,2,11.68,40,2.4,,,
3.9000e-07,6,11.68,40,2.36,,,
3.9040e-07,6,11.6,-40,2.4,,,
3.9080e-07,2,11.68,40,2.4,,,
3.9120e-07,6,11.68,-40,2.4,,,
3.9160e-07,-2,11.76,40,2.36,,,
3.9200e-07,2,11.68,40,2.4,,,
3.9240e-07,6,11.68,40,2.4,,,
3.9280e-07,6,11.68,40,2.4,,,
3.9320e-07,6,11.68,40,2.36,,,
3.9360e-07,6,11.68,40,2.36,,,
3.9400e-07,6,11.68,40,2.36,,,
3.9440e-07,6,11.76,120,2.48,,,
3.9480e-07,6,11.76,120,2.4,,,
3.9520e-07,6,11.76,-40,2.36,,,
3.9560e-07,6,11.68,40,2.36,,,
3.9600e-07,6,11.6,40,2.4,,,
3.9640e-07,2,11.76,-40,2.32,,,
3.9680e-07,6,11.76,40,2.4,,,
3.9720e-07,6,11.68,40,2.4,,,
3.9760e-07,6,11.68,-40,2.36,,,
3.9800e-07,6,11.68,-120,2.36,,,
3.9840e-07,6,11.68,40,2.4,,,
3.9880e-07,6,11.6,40,2.4,,,
3.9920e-07,6,11.68,40,2.44,,,
3.9960e-07,2,11.68,40,2.36,,,
4.0000e-07,6,11.68,40,2.4,,,
4.0040e-07,2,11.6,40,2.4,,,
4.0080e-07,2,11.68,40,2.4,,,
4.0120e-07,6,11.68,40,2.4,,,
4.0160e-07,2,11.68,40,2.36,,,
4.0200e-07,-2,11.6,40,2.4,,,
4.0240e-07,2,11.6,-40,2.4,,,
4.0280e-07,2,11.68,40,2.4,,,
4.0320e-07,-2,11.6,40,2.4,,,
4.0360e-07,2,11.6,40,2.44,,,
4.0400e-07,2,11.52,40,2.44,,,
4.0440e-07,2,11.68,40,2.4,,,
4.0480e-07,2,11.68,40,2.4,,,
4.0520e-07,2,11.6,40,2.4,,,
4.0560e-07,-2,11.6,40,2.4,,,
4.0600e-07,-2,11.52,40,2.44,,,
4.0640e-07,2,11.52,-40,2.48,,,
4.0680e-07,2,11.6,-40,2.36,,,
4.0720e-07,2,11.68,-40,2.36,,,
4.0760e-07,-2,11.6,40,2.4,,,
4.0800e-07,-2,11.6,-40,2.4,,,
4.0840e-07,2,11.68,-40,2.44,,,
4.0880e-07,2,11.52,120,2.4,,,
4.0920e-07,2,11.6,40,2.4,,,
4.0960e-07,2,11.68,40,2.36,,,
4.1000e-07,2,11.6,40,2.44,,,
4.1040e-07,2,11.6,40,2.44,,,
4.1080e-07,6,11.52,40,2.4,,,
4.1120e-07,6,11.6,40,2.4,,,
4.1160e-07,2,11.52,40,2.4,,,
4.1200e-07,2,11.52,-40,2.4,,,
4.1240e-07,2,11.52,40,2.4,,,
4.1280e-07,2,11.52,40,2.4,,,
4.1320e-07,2,11.52,40,2.44,,,
4.1360e-07,6,11.6,120,2.4,,,
4.1400e-07,2,11.6,120,2.36,,,
4.1440e-07,2,11.6,40,2.4,,,
4.1480e-07,2,11.52,40,2.36,,,
4.1520e-07,2,11.52,40,2.4,,,
4.1560e-07,6,11.6,40,2.4,,,
4.1600e-07,6,11.52,120,2.4,,,
4.1640e-07,-2,11.6,40,2.44,,,
4.1680e-07,2,11.6,40,2.44,,,
4.1720e-07,2,11.6,40,2.44,,,
4.1760e-07,-2,11.6,40,2.4,,,
4.1800e-07,2,11.6,-40,2.44,,,
4.1840e-07,2,11.52,40,2.44,,,
4.1880e-07,2,11.52,40,2.44,,,
4.1920e-07,-2,11.6,40,2.4,,,
4.1960e-07,-2,11.6,40,2.4,,,
4.2000e-07,-2,11.52,-120,2.4,,,
4.2040e-07,-2,11.52,40,2.4,,,
4.2080e-07,-6,11.6,-40,2.4,,,
4.2120e-07,2,11.52,40,2.4,,,
4.2160e-07,-2,11.52,40,2.4,,,
4.2200e-07,-2,11.6,40,2.4,,,
4.2240e-07,-2,11.6,40,2.4,,,
4.2280e-07,-2,11.52,40,2.36,,,
4.2320e-07,-2,11.52,40,2.36,,,
4.2360e-07,-6,11.52,-40,2.44,,,
4.2400e-07,-6,11.52,-40,2.44,,,
4.2440e-07,-2,11.6,40,2.4,,,
4.2480e-07,-2,11.6,40,2.4,,,
4.2520e-07,-2,11.6,40,2.4,,,
4.2560e-07,2,11.52,40,2.4,,,
4.2600e-07,2,11.44,40,2.4,,,
4.2640e-07,-2,11.52,-40,2.4,,,
4.2680e-07,-2,11.52,40,2.4,,,
4.2720e-07,-2,11.52,40,2.44,,,
4.2760e-07,-2,11.6,-40,2.36,,,
4.2800e-07,2,11.6,-40,2.44,,,
4.2840e-07,2,11.52,40,2.4,,,
4.2880e-07,-2,11.52,40,2.4,,,
4.2920e-07,2,11.6,-40,2.4,,,
4.2960e-07,-2,11.6,120,2.36,,,
4.3000e-07,2,11.6,40,2.36,,,
4.3040e-07,2,11.52,40,2.36,,,
4.3080e-07,-2,11.44,40,2.36,,,
4.3120e-07,-6,11.52,-120,2.44,,,
4.3160e-07,-6,11.44,40,2.4,,,
4.3200e-07,-6,11.44,120,2.4,,,
4.3240e-07,-2,11.36,40,2.4,,,
4.3280e-07,-6,11.36,-40,2.44,,,
4.3320e-07,-6,11.44,-40,2.4,,,
4.3360e-07,-10,11.36,-40,2.44,,,
4.3400e-07,-6,11.44,40,2.36,,,
4.3440e-07,-6,11.36,40,2.36,,,
4.3480e-07,-6,11.44,40,2.36,,,
4.3520e-07,-14,11.44,-40,2.4,,,
4.3560e-07,-10,11.28,-40,2.44,,,
4.3600e-07,-6,11.36,-40,2.44,,,
4.3640e-07,-10,11.44,40,2.4,,,
4.3680e-07,-10,11.36,40,2.4,,,
4.3720e-07,-6,11.36,40,2.4,,,
4.3760e-07,-10,11.36,40,2.4,,,
4.3800e-07,-6,11.36,-40,2.44,,,
4.3840e-07,-10,11.36,40,2.4,,,
4.3880e-07,-6,11.36,-40,2.4,,,
4.3920e-07,-6,11.36,40,2.4,,,
4.3960e-07,-6,11.36,-40,2.4,,,
4.4000e-07,-6,11.36,-40,2.44,,,
4.4040e-07,-6,11.36,-40,2.4,,,
4.4080e-07,-10,11.36,120,2.4,,,
4.4120e-07,-10,11.36,40,2.36,,,
4.4160e-07,-6,11.44,-40,2.36,,,
4.4200e-07,-6,11.44,40,2.4,,,
4.4240e-07,-6,11.52,40,2.4,,,
4.4280e-07,-10,11.44,40,2.4,,,
4.4320e-07,-6,11.36,-40,2.44,,,
4.4360e-07,-6,11.36,40,2.4,,,
4.4400e-07,-6,11.36,40,2.36,,,
4.4440e-07,-6,11.36,-40,2.4,,,
4.4480e-07,-10,11.52,120,2.36,,,
4.4520e-07,-6,11.52,40,2.4,,,
4.4560e-07,-10,11.52,40,2.4,,,
4.4600e-07,-6,11.44,40,2.44,,,
4.4640e-07,-6,11.52,-40,2.4,,,
4.4680e-07,-6,11.52,40,2.36,,,
4.4720e-07,-6,11.52,-40,2.36,,,
4.4760e-07,-10,11.52,40,2.44,,,
4.4800e-07,-10,11.44,40,2.44,,,
4.4840e-07,-10,11.52,40,2.48,,,
4.4880e-07,-14,11.44,-40,2.4,,,
4.4920e-07,-10,11.52,40,2.4,,,
4.4960e-07,-14,11.52,40,2.4,,,
4.5000e-07,-10,11.44,40,2.4,,,
4.5040e-07,-14,11.52,-40,2.4,,,
4.5080e-07,-14,11.52,-40,2.36,,,
4.5120e-07,-18,11.52,-40,2.44,,,
4.5160e-07,-18,11.52,-40,2.4,,,
4.5200e-07,-18,11.52,120,2.4,,,
4.5240e-07,-14,11.44,-40,2.36,,,
4.5280e-07,-18,11.52,40,2.4,,,
4.5320e-07,-18,11.52,40,2.36,,,
4.5360e-07,-14,11.52,40,2.4,,,
4.5400e-07,-18,11.44,40,2.48,,,
4.5440e-07,-18,11.44,-40,2.44,,,
4.5480e-07,-18,11.44,40,2.32,,,
4.5520e-07,-18,11.52,40,2.4,,,
4.5560e-07,-18,11.52,40,2.4,,,
4.5600e-07,-18,11.52,40,2.36,,,
4.5640e-07,-18,11.52,40,2.4,,,
4.5680e-07,-22,11.44,120,2.4,,,
4.5720e-07,-18,11.44,40,2.4,,,
4.5760e-07,-18,11.36,40,2.44,,,
4.5800e-07,-18,11.44,40,2.4,,,
4.5840e-07,-18,11.44,40,2.4,,,
4.5880e-07,-18,11.44,120,2.4,,,
4.5920e-07,-22,11.44,40,2.4,,,
4.5960e-07,-18,11.44,40,2.44,,,
4.6000e-07,-14,11.44,-40,2.44,,,
4.6040e-07,-14,11.36,-40,2.36,,,
4.6080e-07,-18,11.36,40,2.4,,,
4.6120e-07,-18,11.44,40,2.4,,,
4.6160e-07,-14,11.36,120,2.36,,,
4.6200e-07,-14,11.36,40,2.4,,,
4.6240e-07,-18,11.36,40,2.48,,,
4.6280e-07,-18,11.36,40,2.4,,,
4.6320e-07,-14,11.36,40,2.44,,,
4.6360e-07,-14,11.36,40,2.44,,,
4.6400e-07,-18,11.36,40,2.36,,,
4.6440e-07,-18,11.36,40,2.4,,,
4.6480e-07,-14,11.36,-40,2.4,,,
4.6520e-07,-18,11.36,-40,2.4,,,
4.6560e-07,-18,11.36,40,2.36,,,
4.6600e-07,-18,11.36,40,2.4,,,
4.6640e-07,-18,11.28,-120,2.44,,,
4.6680e-07,-22,11.28,40,2.4,,,
4.6720e-07,-26,11.28,40,2.36,,,
4.6760e-07,-26,11.28,40,2.4,,,
4.6800e-07,-22,11.36,-120,2.4,,,
4.6840e-07,-22,11.36,40,2.44,,,
4.6880e-07,-26,11.28,40,2.44,,,
4.6920e-07,-26,11.28,40,2.4,,,
4.6960e-07,-26,11.28,40,2.48,,,
4.7000e-07,-22,11.28,-40,2.4,,,
4.7040e-07,-22,11.36,40,2.4,,,
4.7080e-07,-26,11.36,40,2.4,,,
4.7120e-07,-26,11.28,40,2.48,,,
4.7160e-07,-22,11.28,40,2.4,,,
4.7200e-07,-30,11.2,40,2.4,,,
4.7240e-07,-26,11.36,40,2.44,,,
4.7280e-07,-26,11.2,-40,2.44,,,
4.7320e-07,-22,11.28,-40,2.4,,,
4.7360e-07,-30,11.2,-40,2.4,,,
4.7400e-07,-22,11.2,40,2.44,,,
4.7440e-07,-26,11.36,-40,2.36,,,
4.7480e-07,-26,11.28,40,2.44,,,
4.7520e-07,-26,11.28,120,2.44,,,
4.7560e-07,-26,11.2,40,2.4,,,
4.7600e-07,-26,11.28,120,2.4,,,
4.7640e-07,-30,11.2,40,2.48,,,
4.7680e-07,-30,11.28,-40,2.44,,,
4.7720e-07,-26,11.28,40,2.4,,,
4.7760e-07,-34,11.28,40,2.36,,,
4.7800e-07,-30,11.28,120,2.4,,,
4.7840e-07,-26,11.2,40,2.44,,,
4.7880e-07,-22,11.2,-40,2.4,,,
4.7920e-07,-26,11.28,-40,2.44,,,
4.7960e-07,-30,11.2,-40,2.4,,,
4.8000e-07,-30,11.28,40,2.4,,,
4.8040e-07,-34,11.12,-40,2.4,,,
4.8080e-07,-30,11.28,-40,2.4,,,
4.8120e-07,-30,11.28,-40,2.44,,,
4.8160e-07,-34,11.12,40,2.44,,,
4.8200e-07,-34,11.12,40,2.4,,,
4.8240e-07,-38,11.2,40,2.44,,,
4.8280e-07,-34,11.12,40,2.44,,,
4.8320e-07,-42,11.2,40,2.4,,,
4.8360e-07,-34,11.12,-40,2.4,,,
4.8400e-07,-38,11.12,-40,2.4,,,
4.8440e-07,-46,11.12,40,2.4,,,
4.8480e-07,-42,11.2,-40,2.44,,,
4.8520e-07,-42,11.04,40,2.4,,,
4.8560e-07,-46,11.04,-40,2.36,,,
4.8600e-07,-42,11.04,-40,2.4,,,
4.8640e-07,-50,11.12,40,2.44,,,
4.8680e-07,-46,11.12,40,2.36,,,
4.8720e-07,-46,11.12,-40,2.4,,,
4.8760e-07,-50,10.88,-40,2.36,,,
4.8800e-07,-50,11.12,-40,2.4,,,
4.8840e-07,-54,11.04,40,2.4,,,
4.8880e-07,-54,11.04,40,2.4,,,
4.8920e-07,-54,10.8,40,2.36,,,
4.8960e-07,-54,10.88,40,2.36,,,
4.9000e-07,-58,10.8,40,2.36,,,
4.9040e-07,-58,10.88,40,2.4,,,
4.9080e-07,-58,10.8,40,2.4,,,
4.9120e-07,-58,10.8,-40,2.4,,,
4.9160e-07,-58,10.8,-40,2.4,,,
4.9200e-07,-58,10.72,40,2.4,,,
4.9240e-07,-62,10.72,-40,2.4,,,
4.9280e-07,-62,10.72,-40,2.4,,,
4.9320e-07,-58,10.8,-40,2.36,,,
4.9360e-07,-66,10.72,-40,2.36,,,
4.9400e-07,-70,10.8,40,2.36,,,
4.9440e-07,-70,10.64,-40,2.44,,,
4.9480e-07,-70,10.64,40,2.36,,,
4.9520e-07,-70,10.64,-40,2.36,,,
4.9560e-07,-70,10.64,40,2.4,,,
4.9600e-07,-74,10.64,-40,2.36,,,
4.9640e-07,-78,10.64,-40,2.4,,,
4.9680e-07,-78,10.64,40,2.4,,,
4.9720e-07,-86,10.64,40,2.44,,,
4.9760e-07,-86,10.64,40,2.36,,,
4.9800e-07,-90,10.64,40,2.44,,,
4.9840e-07,-98,10.56,40,2.4,,,
4.9880e-07,-102,10.56,-40,2.16,,,
4.9920e-07,-106,10.48,40,1.68,,,
4.9960e-07,-114,10.4,120,1.16,,,
5.0000e-07,-114,10.48,40,0.72,,,
5.0040e-07,-114,10.48,40,0.44,,,
5.0080e-07,-118,10.48,120,0.32,,,
5.0120e-07,-122,10.4,40,0.28,,,
5.0160e-07,-126,10.32,40,0.28,,,
5.0200e-07,-130,10.48,40,0.24,,,
5.0240e-07,-138,10.4,40,0.2,,,
5.0280e-07,-138,10.48,40,0.24,,,
5.0320e-07,-138,10.72,40,0.16,,,
5.0360e-07,-154,10.8,40,0.16,,,
5.0400e-07,-154,10.88,40,0.12,,,
5.0440e-07,-162,10.88,40,0.16,,,
5.0480e-07,-158,10.72,40,0.2,,,
5.0520e-07,-158,10.56,40,0.12,,,
5.0560e-07,-166,10.4,-40,0.12,,,
5.0600e-07,-170,10.24,40,0.16,,,
5.0640e-07,-174,10.08,40,0.12,,,
5.0680e-07,-182,10.08,40,0.12,,,
5.0720e-07,-182,9.92,40,0.12,,,
5.0760e-07,-194,9.84,40,0.08,,,
5.0800e-07,-190,10,40,0.08,,,
5.0840e-07,-194,10.24,40,0.04,,,
5.0880e-07,-190,10.56,40,0.08,,,
5.0920e-07,-198,10.56,-40,0.16,,,
5.0960e-07,-202,10,-40,0.12,,,
5.1000e-07,-194,9.36,120,0.12,,,
5.1040e-07,-178,9.04,40,0.12,,,
5.1080e-07,-174,9.2,40,0.12,,,
5.1120e-07,-174,10.24,40,0.04,,,
5.1160e-07,-166,11.44,40,0.04,,,
5.1200e-07,-178,12.32,120,0,,,
5.1240e-07,-186,12.56,40,0.04,,,
5.1280e-07,-202,12.08,40,0.08,,,
5.1320e-07,-218,11.2,40,0.04,,,
5.1360e-07,-222,10.32,120,0.04,,,
5.1400e-07,-234,10.08,40,0.08,,,
5.1440e-07,-254,10.16,40,0.08,,,
5.1480e-07,-262,10.96,40,-0.04,,,
5.1520e-07,-278,11.68,40,0.08,,,
5.1560e-07,-278,11.76,40,0.12,,,
5.1600e-07,-246,11.6,40,0.12,,,
5.1640e-07,-242,10.88,40,0.12,,,
5.1680e-07,-250,10.16,40,0.12,,,
5.1720e-07,-254,9.76,40,0.08,,,
5.1760e-07,-278,10,40,0.08,,,
5.1800e-07,-282,10.48,-40,0.04,,,
5.1840e-07,-246,11.2,-40,0.04,,,
5.1880e-07,-214,11.76,-40,0.04,,,
5.1920e-07,-178,11.76,40,0.08,,,
5.1960e-07,-126,11.44,-40,0.08,,,
5.2000e-07,-122,10.88,-40,0.08,,,
5.2040e-07,-102,10.4,-40,0.12,,,
5.2080e-07,-78,10.4,40,0.08,,,
5.2120e-07,-78,10.96,120,0.04,,,
5.2160e-07,-62,11.76,120,0.08,,,
5.2200e-07,-50,12.16,120,0.04,,,
5.2240e-07,-54,11.92,40,0.04,,,
5.2280e-07,-30,10.88,-40,0.04,,,
5.2320e-07,-26,9.76,-40,0.08,,,
5.2360e-07,-26,9.12,40,0,,,
5.2400e-07,-6,9.44,40,0.04,,,
5.2440e-07,6,10.4,-40,0.08,,,
5.2480e-07,14,11.44,-40,0.08,,,
5.2520e-07,30,12.08,-40,0.08,,,
5.2560e-07,34,11.92,40,0.08,,,
5.2600e-07,70,11.04,40,0,,,
5.2640e-07,98,10,40,0.04,,,
5.2680e-07,102,9.52,40,0.08,,,
5.2720e-07,102,9.6,40,0.04,,,
5.2760e-07,78,10.24,-40,0.08,,,
5.2800e-07,42,10.88,-40,0.12,,,
5.2840e-07,26,11.2,40,0.04,,,
5.2880e-07,6,10.88,40,0.04,,,
5.2920e-07,10,10.48,40,0.04,,,
5.2960e-07,34,9.84,40,0.04,,,
5.3000e-07,42,9.92,40,0.04,,,
5.3040e-07,42,10.32,40,0.08,,,
5.3080e-07,34,10.48,120,0.04,,,
5.3120e-07,14,10.72,120,0.04,,,
5.3160e-07,2,10.72,40,0.04,,,
5.3200e-07,-26,10.48,-40,0.04,,,
5.3240e-07,-62,10.32,40,0.04,,,
5.3280e-07,-78,10.08,40,0.04,,,
5.3320e-07,-90,10,-40,0.08,,,
5.3360e-07,-94,10.08,120,0.04,,,
5.3400e-07,-90,10.08,120,0.04,,,
5.3440e-07,-110,10.24,40,0.08,,,
5.3480e-07,-114,10.56,-40,0,,,
5.3520e-07,-106,11.04,40,0.04,,,
5.3560e-07,-106,10.96,-40,0.08,,,
5.3600e-07,-86,10.8,-40,0.08,,,
5.3640e-07,-70,10.16,40,0,,,
5.3680e-07,-82,9.6,120,0,,,
5.3720e-07,-94,9.04,40,0.08,,,
5.3760e-07,-118,9.04,-40,0.04,,,
5.3800e-07,-154,9.44,40,0.08,,,
5.3840e-07,-154,10,40,0.08,,,
5.3880e-07,-162,10.4,40,0.04,,,
5.3920e-07,-158,10.4,120,0.04,,,
5.3960e-07,-118,10.16,-40,0.04,,,
5.4000e-07,-102,9.92,40,0,,,
5.4040e-07,-86,9.84,40,0.08,,,
5.4080e-07,-82,9.92,40,0.04,,,
5.4120e-07,-102,10.24,40,0.04,,,
5.4160e-07,-122,10.48,-40,0.04,,,
5.4200e-07,-138,10.24,40,0.04,,,
5.4240e-07,-158,9.68,120,0.04,,,
5.4280e-07,-178,9.12,40,0.08,,,
5.4320e-07,-186,8.8,40,0.04,,,
5.4360e-07,-210,8.88,40,0.04,,,
5.4400e-07,-214,9.04,120,0,,,
5.4440e-07,-218,9.2,40,0,,,
5.4480e-07,-218,9.12,40,0,,,
5.4520e-07,-186,8.96,40,0.04,,,
5.4560e-07,-158,8.32,120,0.08,,,
5.4600e-07,-146,7.76,40,0.08,,,
5.4640e-07,-154,7.76,-40,0.04,,,
5.4680e-07,-174,8.32,40,-0.04,,,
5.4720e-07,-186,8.96,120,0,,,
5.4760e-07,-202,9.36,120,0.04,,,
5.4800e-07,-222,9.28,120,0.04,,,
5.4840e-07,-230,8.88,120,0.04,,,
5.4880e-07,-242,8.32,200,0.04,,,
5.4920e-07,-250,8,360,0,,,
5.4960e-07,-226,8.08,360,0,,,
5.5000e-07,-218,8.32,600,0.04,,,
5.5040e-07,-226,8.64,840,0,,,
5.5080e-07,-242,9.28,1320,0.04,,,
5.5120e-07,-294,9.36,2040,0.04,,,
5.5160e-07,-350,8.96,2920,0.04,,,
5.5200e-07,-386,8.24,3400,0,,,
5.5240e-07,-418,7.36,3480,0.04,,,
5.5280e-07,-426,6.72,3320,0,,,
5.5320e-07,-454,6.64,3400,0,,,
5.5360e-07,-478,7.2,3480,0.04,,,
5.5400e-07,-482,8,3400,0.04,,,
5.5440e-07,-494,8.88,3320,0.04,,,
5.5480e-07, -inf,9.68,3000,0,,,
5.5520e-07, -inf,10,2760,-0.04,,,
5.5560e-07,-470,10,2200,0,,,
5.5600e-07,-498,9.84,1480,0.04,,,
5.5640e-07,-494,9.6,840,-0.04,,,
5.5680e-07,-478,9.44,680,0,,,
5.5720e-07, -inf,9.52,520,0.04,,,
5.5760e-07, -inf,9.68,440,0.04,,,
5.5800e-07,-490,9.92,280,0.08,,,
5.5840e-07, -inf,10,120,0.04,,,
5.5880e-07, -inf,9.68,40,0.04,,,
5.5920e-07, -inf,9.6,-40,0.08,,,
5.5960e-07, -inf,9.2,-200,0.04,,,
5.6000e-07, -inf,9.36,-440,0,,,
5.6040e-07, -inf,9.52,-440,0.04,,,
5.6080e-07,-482,9.68,-440,0.04,,,
5.6120e-07,-442,10.08,-360,0.04,,,
5.6160e-07,-426,10.16,-200,0.08,,,
5.6200e-07,-386,10,-120,0,,,
5.6240e-07,-330,9.84,-40,0.04,,,
5.6280e-07,-282,9.6,-120,0,,,
5.6320e-07,-210,9.6,-120,0.04,,,
5.6360e-07,-150,10,-120,0.04,,,
5.6400e-07,-134,10.48,-120,-0.04,,,
5.6440e-07,-102,10.88,-120,0,,,
5.6480e-07,-62,11.04,-40,0,,,
5.6520e-07,-46,10.8,120,0.04,,,
5.6560e-07,-10,10.56,200,0.04,,,
5.6600e-07,22,10.08,360,0.04,,,
5.6640e-07,50,10,120,0,,,
5.6680e-07,86,9.84,40,0,,,
5.6720e-07,98,9.92,40,0.04,,,
5.6760e-07,86,10,-40,0.04,,,
5.6800e-07,74,10.16,40,0.04,,,
5.6840e-07,70,10.32,40,0.04,,,
5.6880e-07,90,10.24,-40,0.04,,,
5.6920e-07,118,10.16,200,0.04,,,
5.6960e-07,146,10.16,120,0,,,
5.7000e-07,170,10.24,40,0.04,,,
5.7040e-07,174,10.16,-40,0.04,,,
5.7080e-07,170,10.16,-120,0.04,,,
5.7120e-07,158,10.24,-120,0.04,,,
5.7160e-07,126,10.24,-120,0,,,
5.7200e-07,102,10.08,-40,0,,,
5.7240e-07,78,9.84,40,-0.04,,,
5.7280e-07,54,9.68,40,0,,,
5.7320e-07,38,9.68,40,0.04,,,
5.7360e-07,42,9.68,120,0.04,,,
5.7400e-07,46,9.84,120,0.04,,,
5.7440e-07,54,10.16,120,0,,,
5.7480e-07,54,10.16,200,0,,,
5.7520e-07,34,10,200,0,,,
5.7560e-07,18,9.92,120,0.04,,,
5.7600e-07,-14,9.6,40,0.04,,,
5.7640e-07,-18,9.36,40,0.04,,,
5.7680e-07,-6,9.52,40,0.04,,,
5.7720e-07,-22,9.92,-40,0.04,,,
5.7760e-07,-42,10.32,-40,0,,,
5.7800e-07,-66,10.32,40,0,,,
5.7840e-07,-82,10.32,-40,0,,,
5.7880e-07,-62,9.84,-120,0.04,,,
5.7920e-07,-54,9.6,-200,0.04,,,
5.7960e-07,-50,9.36,-280,0.04,,,
5.8000e-07,-50,9.44,-200,0.04,,,
5.8040e-07,-58,9.52,-120,0.04,,,
5.8080e-07,-82,9.36,-40,0,,,
5.8120e-07,-110,9.04,-40,-0.04,,,
5.8160e-07,-130,8.72,-40,0,,,
5.8200e-07,-150,8.48,120,0,,,
5.8240e-07,-166,8.64,120,0.04,,,
5.8280e-07,-170,8.96,120,0.04,,,
5.8320e-07,-158,9.52,120,0,,,
5.8360e-07,-130,9.68,120,0,,,
5.8400e-07,-102,9.6,200,0,,,
5.8440e-07,-86,9.36,200,0,,,
5.8480e-07,-82,9.04,120,0.04,,,
5.8520e-07,-86,8.96,120,0.04,,,
5.8560e-07,-106,8.88,120,0,,,
5.8600e-07,-126,9.12,200,0,,,
5.8640e-07,-130,9.28,200,0,,,
5.8680e-07,-142,9.36,120,0.04,,,
5.8720e-07,-154,9.2,40,0.04,,,
5.8760e-07,-142,8.96,-40,0,,,
5.8800e-07,-134,8.64,120,0.04,,,
5.8840e-07,-134,8.64,120,0,,,
5.8880e-07,-130,8.8,120,0,,,
5.8920e-07,-134,9.12,120,0,,,
5.8960e-07,-146,9.28,40,0.04,,,
5.9000e-07,-166,9.36,120,0.04,,,
5.9040e-07,-190,9.36,40,0.04,,,
5.9080e-07,-214,9.04,40,0.08,,,
5.9120e-07,-230,8.72,-40,0.08,,,
5.9160e-07,-242,8.64,-40,0.04,,,
5.9200e-07,-250,8.4,40,0,,,
5.9240e-07,-246,8.48,120,0.04,,,
5.9280e-07,-250,8.8,200,0,,,
5.9320e-07,-242,9.12,120,0.04,,,
5.9360e-07,-238,9.6,120,0.04,,,
5.9400e-07,-234,9.76,120,0.04,,,
5.9440e-07,-226,9.44,40,0,,,
5.9480e-07,-222,8.88,-40,0.04,,,
5.9520e-07,-218,8.4,-40,0.04,,,
5.9560e-07,-230,8.24,40,0.04,,,
5.9600e-07,-226,8.48,120,0,,,
5.9640e-07,-226,8.88,120,0,,,
5.9680e-07,-210,9.28,120,0,,,
5.9720e-07,-190,9.36,40,0.08,,,
5.9760e-07,-174,9.2,-40,0.04,,,
5.9800e-07,-158,8.88,40,0,,,
5.9840e-07,-150,8.72,120,0,,,
5.9880e-07,-138,8.8,-40,0,,,
5.9920e-07,-138,9.12,-40,0,,,
5.9960e-07,-134,9.36,-40,0.04,,,
6.0000e-07,-122,9.52,40,0.04,,,
6.0040e-07,-106,9.52,-40,0.04,,,
6.0080e-07,-74,9.2,40,0.04,,,
6.0120e-07,-62,8.72,40,-0.04,,,
6.0160e-07,-58,8.56,120,0,,,
6.0200e-07,-58,8.4,-40,0,,,
6.0240e-07,-58,8.64,-120,0,,,
6.0280e-07,-50,8.88,-120,0,,,
6.0320e-07,-34,9.28,40,0.04,,,
6.0360e-07,-22,9.44,40,0.04,,,
6.0400e-07,-18,9.52,-40,0,,,
6.0440e-07,-2,9.52,-40,0,,,
6.0480e-07,14,9.28,-40,0,,,
6.0520e-07,30,9.12,-40,0.04,,,
6.0560e-07,46,8.96,-40,-0.04,,,
6.0600e-07,54,9.04,40,-0.04,,,
6.0640e-07,58,9.12,-40,-0.04,,,
6.0680e-07,46,9.44,-40,0.04,,,
6.0720e-07,26,9.44,-40,0.04,,,
6.0760e-07,18,9.28,-40,0.08,,,
6.0800e-07,18,9.12,-40,0,,,
6.0840e-07,18,8.8,-40,0,,,
6.0880e-07,14,8.64,-40,-0.04,,,
6.0920e-07,6,8.88,-40,-0.04,,,
6.0960e-07,6,9.2,-120,-0.04,,,
6.1000e-07,6,9.52,-40,0,,,
6.1040e-07,18,9.68,-40,-0.04,,,
6.1080e-07,26,9.52,-40,0.04,,,
6.1120e-07,18,9.28,-40,0,,,
6.1160e-07,10,9.28,-200,-0.04,,,
6.1200e-07,6,9.12,-120,-0.08,,,
6.1240e-07,2,9.28,-40,-0.04,,,
6.1280e-07,2,9.36,120,0,,,
6.1320e-07,2,9.44,-40,0,,,
6.1360e-07,14,9.52,-40,-0.04,,,
6.1400e-07,34,9.52,-120,-0.04,,,
6.1440e-07,46,9.28,-40,0,,,
6.1480e-07,58,9.04,-40,0,,,
6.1520e-07,74,9.12,120,0,,,
6.1560e-07,82,9.28,-40,0,,,
6.1600e-07,82,9.28,-40,0.04,,,
6.1640e-07,86,9.36,-40,-0.08,,,
6.1680e-07,86,9.28,-40,0,,,
6.1720e-07,82,9.28,-40,0,,,
6.1760e-07,74,9.36,40,0,,,
6.1800e-07,66,9.28,-40,0,,,
6.1840e-07,66,9.2,-40,0,,,
6.1880e-07,70,9.28,-40,0,,,
6.1920e-07,74,9.44,40,0,,,
6.1960e-07,78,9.52,40,0,,,
6.2000e-07,78,9.52,-40,0.04,,,
6.2040e-07,74,9.36,-40,0,,,
6.2080e-07,66,9.2,-40,0,,,
6.2120e-07,58,9.04,-40,0,,,
6.2160e-07,50,8.88,-40,0,,,
6.2200e-07,38,8.88,-40,0.04,,,
6.2240e-07,26,9.12,40,0.04,,,
6.2280e-07,18,9.36,120,-0.04,,,
6.2320e-07,10,9.52,40,0,,,
6.2360e-07,14,9.44,40,0,,,
6.2400e-07,22,9.12,40,-0.04,,,
6.2440e-07,30,9.04,-40,0,,,
6.2480e-07,26,9.12,40,0.04,,,
6.2520e-07,26,9.12,-40,0,,,
6.2560e-07,18,9.12,-40,-0.04,,,
6.2600e-07,10,9.12,40,0.04,,,
6.2640e-07,-2,9.2,120,0,,,
6.2680e-07,-6,9.2,120,0.04,,,
6.2720e-07,-14,9.28,-40,0.04,,,
6.2760e-07,-14,9.04,40,0.08,,,
6.2800e-07,-10,8.88,40,0.04,,,
6.2840e-07,-6,8.96,40,0.08,,,
6.2880e-07,-6,8.96,-40,0.04,,,
6.2920e-07,2,9.04,-40,0.04,,,
6.2960e-07,6,9.12,-120,0,,,
6.3000e-07,14,9.44,-40,0,,,
6.3040e-07,22,9.52,40,0,,,
6.3080e-07,26,9.36,40,0.08,,,
6.3120e-07,34,9.2,120,0.04,,,
6.3160e-07,38,9.2,40,0,,,
6.3200e-07,38,9.12,40,0.04,,,
6.3240e-07,34,9.12,120,0.04,,,
6.3280e-07,30,9.12,120,0,,,
6.3320e-07,30,9.12,40,0.04,,,
6.3360e-07,38,9.36,40,0.12,,,
6.3400e-07,46,9.36,40,0.04,,,
6.3440e-07,62,9.44,40,0,,,
6.3480e-07,78,9.2,40,0.04,,,
6.3520e-07,82,9.28,40,0,,,
6.3560e-07,82,9.28,-40,0,,,
6.3600e-07,78,9.28,40,-0.04,,,
6.3640e-07,74,9.12,40,0,,,
6.3680e-07,62,8.96,-40,0.08,,,
6.3720e-07,54,8.96,40,0,,,
6.3760e-07,38,8.96,40,0,,,
6.3800e-07,38,8.96,-40,0,,,
6.3840e-07,34,8.96,-40,-0.04,,,
6.3880e-07,42,9.12,40,0.04,,,
6.3920e-07,42,9.28,-40,0,,,
6.3960e-07,42,9.52,40,0,,,
6.4000e-07,42,9.52,40,0,,,
6.4040e-07,46,9.36,-40,0,,,
6.4080e-07,50,9.44,40,0,,,
6.4120e-07,54,9.44,-40,0.04,,,
6.4160e-07,46,9.36,40,0.04,,,
6.4200e-07,50,9.36,-40,0.04,,,
6.4240e-07,42,9.28,-40,0.04,,,
6.4280e-07,30,9.2,-40,0,,,
6.4320e-07,22,8.96,-40,0,,,
6.4360e-07,14,8.88,120,0.04,,,
6.4400e-07,6,8.72,40,0,,,
6.4440e-07,10,9.04,120,0.04,,,
6.4480e-07,30,9.2,-40,0,,,
6.4520e-07,42,9.2,-40,0,,,
6.4560e-07,50,9.04,-40,0,,,
6.4600e-07,50,8.96,40,0.04,,,
6.4640e-07,42,9.04,40,0,,,
6.4680e-07,18,8.96,120,0.08,,,
6.4720e-07,2,8.96,120,0,,,
6.4760e-07,-14,9.2,40,0,,,
6.4800e-07,-30,9.36,-40,-0.04,,,
6.4840e-07,-42,9.52,-40,0,,,
6.4880e-07,-50,9.36,-120,0,,,
6.4920e-07,-58,9.2,40,0,,,
6.4960e-07,-54,8.96,-40,0,,,
6.5000e-07,-58,8.88,-40,0,,,
6.5040e-07,-62,8.96,40,0,,,
6.5080e-07,-58,9.12,40,0,,,
6.5120e-07,-58,9.28,120,0.04,,,
6.5160e-07,-54,9.28,120,0,,,
6.5200e-07,-66,9.36,40,0,,,
6.5240e-07,-78,9.28,-40,0,,,
6.5280e-07,-90,9.36,-40,0,,,
6.5320e-07,-98,9.36,40,0,,,
6.5360e-07,-98,9.36,40,0,,,
6.5400e-07,-98,9.36,40,0.04,,,
6.5440e-07,-102,9.36,120,0,,,
6.5480e-07,-98,9.44,40,0,,,
6.5520e-07,-94,9.44,40,0,,,
6.5560e-07,-86,9.28,40,0,,,
6.5600e-07,-90,9.12,40,0,,,
6.5640e-07,-98,8.96,-40,-0.04,,,
6.5680e-07,-106,8.88,-120,0,,,
6.5720e-07,-130,8.56,-40,-0.04,,,
6.5760e-07,-146,8.32,40,0,,,
6.5800e-07,-158,8.4,40,0,,,
6.5840e-07,-158,8.72,120,-0.04,,,
6.5880e-07,-158,8.96,40,0,,,
6.5920e-07,-154,9.2,-40,0,,,
6.5960e-07,-146,9.52,-40,0,,,
6.6000e-07,-150,9.52,40,0,,,
6.6040e-07,-154,9.44,40,-0.04,,,
6.6080e-07,-158,9.28,40,0,,,
6.6120e-07,-166,8.88,40,-0.04,,,
6.6160e-07,-186,8.56,40,-0.04,,,
6.6200e-07,-198,8.4,200,0,,,
6.6240e-07,-202,8.4,40,0,,,
6.6280e-07,-206,8.32,-40,-0.04,,,
6.6320e-07,-202,8.32,40,-0.08,,,
6.6360e-07,-198,8.56,40,0,,,
6.6400e-07,-190,8.88,40,0,,,
6.6440e-07,-182,8.96,120,-0.04,,,
6.6480e-07,-174,8.96,40,-0.04,,,
6.6520e-07,-162,9.04,-40,0,,,
6.6560e-07,-146,9.04,40,-0.04,,,
6.6600e-07,-134,9.28,40,0,,,
6.6640e-07,-122,9.44,40,0.04,,,
6.6680e-07,-118,9.44,40,0.08,,,
6.6720e-07,-110,9.44,40,0.04,,,
6.6760e-07,-110,9.28,40,0.04,,,
6.6800e-07,-102,8.96,40,-0.04,,,
6.6840e-07,-94,8.64,40,-0.04,,,
6.6880e-07,-82,8.64,40,0,,,
6.6920e-07,-66,8.72,40,0,,,
6.6960e-07,-50,8.96,40,0.04,,,
6.7000e-07,-30,8.96,40,0.04,,,
6.7040e-07,-22,9.12,40,0,,,
6.7080e-07,-14,9.2,-40,0,,,
6.7120e-07,-10,9.36,-40,0,,,
6.7160e-07,-6,9.28,40,0,,,
6.7200e-07,2,9.2,40,0,,,
6.7240e-07,2,9.04,40,0.04,,,
6.7280e-07,6,9.04,-40,0.04,,,
6.7320e-07,10,9.04,-40,0,,,
6.7360e-07,14,9.04,-40,0,,,
6.7400e-07,22,9.12,40,0.04,,,
6.7440e-07,26,9.2,40,0,,,
6.7480e-07,42,9.52,40,0,,,
6.7520e-07,50,9.44,-40,0,,,
6.7560e-07,58,9.28,-40,0,,,
6.7600e-07,58,9.12,-40,0,,,
6.7640e-07,62,9.12,-40,0,,,
6.7680e-07,62,9.12,40,0,,,
6.7720e-07,66,9.04,-40,0,,,
6.7760e-07,66,9.04,40,0.04,,,
6.7800e-07,66,9.04,40,0,,,
6.7840e-07,78,9.12,40,0,,,
6.7880e-07,82,9.28,-40,0,,,
6.7920e-07,86,9.44,-40,0,,,
6.7960e-07,94,9.52,40,-0.04,,,
6.8000e-07,106,9.36,-40,0.04,,,
6.8040e-07,114,9.36,-40,0.04,,,
6.8080e-07,118,9.12,-40,0,,,
6.8120e-07,118,8.96,40,-0.04,,,
6.8160e-07,114,8.96,40,-0.08,,,
6.8200e-07,114,9.28,-40,-0.04,,,
6.8240e-07,106,9.52,40,0,,,
6.8280e-07,102,9.76,-120,0,,,
6.8320e-07,102,9.76,-40,0,,,
6.8360e-07,110,9.6,-120,-0.04,,,
6.8400e-07,118,9.12,-40,0.04,,,
6.8440e-07,122,8.8,120,-0.04,,,
6.8480e-07,130,8.72,40,0.04,,,
6.8520e-07,130,9.04,40,0,,,
6.8560e-07,134,9.52,-40,0,,,
6.8600e-07,130,9.84,-40,-0.04,,,
6.8640e-07,134,10,-40,0,,,
6.8680e-07,130,9.76,-40,0,,,
6.8720e-07,130,9.52,-40,0,,,
6.8760e-07,134,9.28,40,0,,,
6.8800e-07,138,9.04,40,0.04,,,
6.8840e-07,130,8.56,-40,0.04,,,
6.8880e-07,134,8.32,40,0,,,
6.8920e-07,130,8,-40,0,,,
6.8960e-07,130,8,-40,0.04,,,
6.9000e-07,122,8.32,-40,0.04,,,
6.9040e-07,122,8.88,-40,0,,,
6.9080e-07,126,9.12,-40,0,,,
6.9120e-07,122,9.36,-40,0,,,
6.9160e-07,118,9.52,40,0,,,
6.9200e-07,110,9.76,-40,0.04,,,
6.9240e-07,102,9.92,40,0.04,,,
6.9280e-07,86,10,-40,0.04,,,
6.9320e-07,78,9.92,120,0,,,
6.9360e-07,70,9.36,-40,0,,,
6.9400e-07,66,8.88,-40,0,,,
6.9440e-07,58,8.32,40,0,,,
6.9480e-07,50,8.16,40,-0.04,,,
6.9520e-07,38,8.24,40,-0.04,,,
6.9560e-07,30,8.48,-40,0,,,
6.9600e-07,18,8.72,40,0,,,
6.9640e-07,10,8.96,40,0.04,,,
6.9680e-07,2,9.2,-40,0.04,,,
6.9720e-07,-2,9.44,40,0.04,,,
6.9760e-07,-14,9.68,-40,0.04,,,
6.9800e-07,-14,9.84,40,0.08,,,
6.9840e-07,-14,9.84,40,0.08,,,
6.9880e-07,-14,9.68,40,0.04,,,
6.9920e-07,-18,9.36,40,0,,,
6.9960e-07,-14,9.12,40,0.04,,,
7.0000e-07,-26,8.96,40,0,,,
7.0040e-07,-34,9.04,-40,0,,,
7.0080e-07,-38,9.12,40,0,,,
7.0120e-07,-38,9.2,120,-0.04,,,
7.0160e-07,-46,9.52,40,0,,,
7.0200e-07,-50,9.36,-40,0,,,
7.0240e-07,-54,9.2,40,0,,,
7.0280e-07,-66,8.96,40,-0.04,,,
7.0320e-07,-70,8.72,120,0.04,,,
7.0360e-07,-74,8.96,40,0.04,,,
7.0400e-07,-86,9.04,40,0,,,
7.0440e-07,-98,9.12,-40,0,,,
7.0480e-07,-102,9.28,-40,0,,,
7.0520e-07,-114,9.2,40,-0.04,,,
7.0560e-07,-118,9.2,40,0,,,
7.0600e-07,-118,9.2,-40,0,,,
7.0640e-07,-126,9.12,40,-0.04,,,
7.0680e-07,-134,9.28,120,0.04,,,
7.0720e-07,-134,9.2,-120,0.04,,,
7.0760e-07,-142,9.28,40,0.08,,,
7.0800e-07,-142,9.44,40,0,,,
7.0840e-07,-146,9.84,-40,0.04,,,
7.0880e-07,-146,9.76,40,0.08,,,
7.0920e-07,-150,9.76,40,-0.04,,,
7.0960e-07,-150,9.52,40,0,,,
7.1000e-07,-150,9.36,40,-0.04,,,
7.1040e-07,-146,9.04,40,0.04,,,
7.1080e-07,-142,8.88,40,0.04,,,
7.1120e-07,-142,8.88,40,0,,,
7.1160e-07,-138,9.04,-40,-0.04,,,
7.1200e-07,-146,9.28,40,0.04,,,
7.1240e-07,-142,9.52,40,0,,,
7.1280e-07,-142,9.76,-40,-0.04,,,
7.1320e-07,-146,9.68,40,-0.04,,,
7.1360e-07,-146,9.6,-40,-0.04,,,
7.1400e-07,-150,9.44,40,-0.04,,,
7.1440e-07,-154,9.36,-40,-0.04,,,
7.1480e-07,-158,9.2,120,-0.12,,,
7.1520e-07,-154,9.2,40,-0.08,,,
7.1560e-07,-154,9.36,-40,-0.08,,,
7.1600e-07,-158,9.44,-40,-0.04,,,
7.1640e-07,-158,9.44,-40,0,,,
7.1680e-07,-158,9.44,40,0.04,,,
7.1720e-07,-162,9.36,-40,0,,,
7.1760e-07,-162,9.28,40,-0.04,,,
7.1800e-07,-158,9.44,40,-0.04,,,
7.1840e-07,-154,9.52,120,-0.04,,,
7.1880e-07,-142,9.68,40,-0.12,,,
7.1920e-07,-138,9.68,40,-0.08,,,
7.1960e-07,-126,9.6,40,-0.08,,,
7.2000e-07,-122,9.2,40,-0.04,,,
7.2040e-07,-106,9.12,-40,-0.08,,,
7.2080e-07,-98,8.96,40,-0.12,,,
7.2120e-07,-86,9.12,-40,-0.08,,,
7.2160e-07,-82,9.2,40,-0.04,,,
7.2200e-07,-66,9.52,40,0,,,
7.2240e-07,-54,9.68,120,-0.04,,,
7.2280e-07,-50,9.68,120,-0.04,,,
7.2320e-07,-46,9.6,40,-0.04,,,
7.2360e-07,-38,9.68,-40,-0.04,,,
7.2400e-07,-34,9.76,-200,-0.12,,,
7.2440e-07,-26,10,-40,-0.04,,,
7.2480e-07,-14,10.08,40,-0.04,,,
7.2520e-07,-6,10.08,40,-0.08,,,
7.2560e-07,2,9.84,-40,-0.08,,,
7.2600e-07,14,9.52,-40,-0.04,,,
7.2640e-07,22,9.04,40,-0.08,,,
7.2680e-07,34,8.56,40,-0.08,,,
7.2720e-07,42,8.16,-40,0,,,
7.2760e-07,46,8.32,-40,-0.04,,,
7.2800e-07,46,8.8,-40,-0.08,,,
7.2840e-07,54,9.12,-40,-0.08,,,
7.2880e-07,54,9.36,40,0,,,
7.2920e-07,58,9.36,40,-0.08,,,
7.2960e-07,66,9.44,40,-0.04,,,
7.3000e-07,70,9.44,40,-0.04,,,
7.3040e-07,78,9.44,-40,-0.04,,,
7.3080e-07,78,9.52,-40,-0.08,,,
7.3120e-07,86,9.44,120,-0.08,,,
7.3160e-07,90,9.36,40,-0.08,,,
7.3200e-07,94,9.2,-40,-0.08,,,
7.3240e-07,98,8.88,-40,-0.08,,,
7.3280e-07,98,8.64,40,-0.04,,,
7.3320e-07,98,8.4,-40,-0.04,,,
7.3360e-07,102,8.48,40,-0.04,,,
7.3400e-07,102,8.48,-40,-0.08,,,
7.3440e-07,110,8.64,-40,-0.08,,,
7.3480e-07,110,8.8,-40,-0.08,,,
7.3520e-07,118,8.88,-40,-0.08,,,
7.3560e-07,118,9.04,-40,-0.08,,,
7.3600e-07,126,9.12,120,-0.08,,,
7.3640e-07,122,9.12,40,-0.08,,,
7.3680e-07,126,9.12,40,-0.08,,,
7.3720e-07,126,9.12,40,-0.04,,,
7.3760e-07,122,8.96,40,-0.04,,,
7.3800e-07,122,8.96,120,0,,,
7.3840e-07,122,8.8,40,0,,,
7.3880e-07,118,8.72,40,-0.04,,,
7.3920e-07,122,8.64,40,0,,,
7.3960e-07,114,8.48,-40,0,,,
7.4000e-07,118,8.72,-40,0.04,,,
7.4040e-07,118,8.8,120,0.04,,,
7.4080e-07,118,8.8,40,0,,,
7.4120e-07,110,8.72,200,-0.04,,,
7.4160e-07,106,8.72,120,0,,,
7.4200e-07,106,8.56,-40,0,,,
7.4240e-07,90,8.56,-40,0,,,
7.4280e-07,82,8.72,40,-0.04,,,
7.4320e-07,82,8.72,-40,0,,,
7.4360e-07,70,8.64,40,-0.04,,,
7.4400e-07,70,8.56,40,-0.04,,,
7.4440e-07,70,8.56,120,0,,,
7.4480e-07,66,8.48,40,0,,,
7.4520e-07,62,8.56,-40,0,,,
7.4560e-07,62,8.72,40,0.04,,,
7.4600e-07,58,8.88,40,0,,,
7.4640e-07,46,8.96,40,0,,,
7.4680e-07,38,9.12,40,0,,,
7.4720e-07,34,9.12,40,-0.04,,,
7.4760e-07,30,9.12,40,0.04,,,
7.4800e-07,22,9.12,40,0.04,,,
7.4840e-07,22,9.2,40,0.04,,,
7.4880e-07,18,9.2,-40,0.04,,,
7.4920e-07,14,9.2,40,0.04,,,
7.4960e-07,6,9.36,-40,0.04,,,
7.5000e-07,6,9.36,40,0,,,
7.5040e-07,6,9.36,40,0.08,,,
7.5080e-07,-2,9.2,40,0.04,,,
7.5120e-07,-10,9.28,40,0,,,
7.5160e-07,-14,9.12,40,0.04,,,
7.5200e-07,-26,9.2,40,0.04,,,
7.5240e-07,-26,9.04,40,0,,,
7.5280e-07,-34,8.88,40,0.08,,,
7.5320e-07,-42,8.72,-40,0.08,,,
7.5360e-07,-42,8.88,-40,0.08,,,
7.5400e-07,-50,8.96,-40,0.04,,,
7.5440e-07,-50,9.28,40,0.12,,,
7.5480e-07,-50,9.28,40,0.08,,,
7.5520e-07,-50,9.28,40,0.08,,,
7.5560e-07,-50,9.28,40,0.08,,,
7.5600e-07,-54,9.28,40,0.04,,,
7.5640e-07,-54,9.28,40,0.04,,,
7.5680e-07,-58,9.2,120,0.04,,,
7.5720e-07,-58,9.2,40,0,,,
7.5760e-07,-66,9.2,40,0,,,
7.5800e-07,-70,9.28,120,0,,,
7.5840e-07,-74,9.2,40,0.04,,,
7.5880e-07,-74,9.12,40,0.04,,,
7.5920e-07,-82,8.96,40,0.04,,,
7.5960e-07,-86,8.96,40,0.08,,,
7.6000e-07,-90,8.72,-40,0.04,,,
7.6040e-07,-94,8.72,-40,0.08,,,
7.6080e-07,-98,8.72,-40,0.08,,,
7.6120e-07,-102,8.8,-40,0.04,,,
7.6160e-07,-110,8.8,40,0.04,,,
7.6200e-07,-114,8.88,40,0.08,,,
7.6240e-07,-118,9.04,40,0,,,
7.6280e-07,-122,9.04,-40,0,,,
7.6320e-07,-130,9.04,-40,0,,,
7.6360e-07,-130,8.96,-40,0,,,
7.6400e-07,-126,8.96,-40,0.08,,,
7.6440e-07,-130,8.96,40,0.04,,,
7.6480e-07,-130,8.96,40,-0.04,,,
7.6520e-07,-126,8.96,40,0,,,
7.6560e-07,-130,8.96,-40,0.04,,,
7.6600e-07,-122,8.72,-40,0.08,,,
7.6640e-07,-126,8.72,-40,0.04,,,
7.6680e-07,-126,8.64,40,0,,,
7.6720e-07,-122,8.64,40,0,,,
7.6760e-07,-122,8.72,40,-0.04,,,
7.6800e-07,-118,8.72,-40,-0.04,,,
7.6840e-07,-110,8.48,-40,0,,,
7.6880e-07,-110,8.48,-120,0,,,
7.6920e-07,-106,8.48,40,0,,,
7.6960e-07,-98,8.48,40,-0.04,,,
7.7000e-07,-94,8.64,40,0,,,
7.7040e-07,-86,8.72,40,0.04,,,
7.7080e-07,-78,8.72,-40,0.04,,,
7.7120e-07,-78,8.72,-40,0,,,
7.7160e-07,-74,8.72,120,0,,,
7.7200e-07,-74,8.88,-40,0,,,
7.7240e-07,-70,8.96,40,0,,,
7.7280e-07,-62,9.12,40,0,,,
7.7320e-07,-62,9.36,-40,-0.04,,,
7.7360e-07,-58,9.28,40,0,,,
7.7400e-07,-58,9.2,40,0,,,
7.7440e-07,-54,9.28,40,-0.04,,,
7.7480e-07,-50,9.12,-40,0,,,
7.7520e-07,-50,8.96,-40,0,,,
7.7560e-07,-50,8.88,40,0.04,,,
7.7600e-07,-42,8.88,40,0,,,
7.7640e-07,-42,8.72,40,-0.04,,,
7.7680e-07,-34,8.72,-40,-0.04,,,
7.7720e-07,-38,8.56,-40,0,,,
7.7760e-07,-34,8.4,40,0,,,
7.7800e-07,-38,8.56,40,-0.08,,,
7.7840e-07,-30,8.56,40,-0.08,,,
7.7880e-07,-30,8.72,40,-0.04,,,
7.7920e-07,-22,8.88,40,0,,,
7.7960e-07,-22,9.04,40,-0.04,,,
7.8000e-07,-18,9.12,40,-0.04,,,
7.8040e-07,-14,8.96,-40,0,,,
7.8080e-07,-6,8.88,40,-0.04,,,
7.8120e-07,-6,8.72,-40,-0.04,,,
7.8160e-07,-2,8.64,40,-0.04,,,
7.8200e-07,-2,8.56,-40,-0.04,,,
7.8240e-07,6,8.4,120,-0.04,,,
7.8280e-07,6,8.4,40,-0.08,,,
7.8320e-07,10,8.4,-40,-0.08,,,
7.8360e-07,14,8.32,40,0,,,
7.8400e-07,22,8.4,-40,-0.08,,,
7.8440e-07,26,8.4,-40,-0.08,,,
7.8480e-07,34,8.48,-40,-0.12,,,
7.8520e-07,34,8.56,120,-0.04,,,
7.8560e-07,42,8.64,-40,-0.04,,,
7.8600e-07,54,8.72,-40,-0.08,,,
7.8640e-07,58,8.72,40,0,,,
7.8680e-07,62,8.72,120,-0.04,,,
7.8720e-07,66,8.72,40,-0.04,,,
7.8760e-07,74,8.64,40,-0.04,,,
7.8800e-07,78,8.56,40,-0.12,,,
7.8840e-07,82,8.56,40,0,,,
7.8880e-07,82,8.56,40,-0.08,,,
7.8920e-07,86,8.48,40,-0.08,,,
7.8960e-07,90,8.56,-40,-0.12,,,
7.9000e-07,90,8.56,40,-0.08,,,
7.9040e-07,90,8.72,-40,-0.04,,,
7.9080e-07,86,8.8,40,-0.04,,,
7.9120e-07,90,8.96,120,-0.04,,,
7.9160e-07,90,8.88,40,-0.08,,,
7.9200e-07,90,8.72,40,-0.08,,,
7.9240e-07,86,8.72,40,-0.04,,,
7.9280e-07,86,8.56,40,0,,,
7.9320e-07,82,8.56,120,-0.08,,,
7.9360e-07,74,8.64,120,-0.04,,,
7.9400e-07,70,8.72,40,-0.08,,,
7.9440e-07,62,8.8,40,-0.04,,,
7.9480e-07,54,8.96,-40,-0.08,,,
7.9520e-07,54,8.96,40,-0.04,,,
7.9560e-07,54,8.96,120,-0.04,,,
7.9600e-07,46,8.96,-40,-0.04,,,
7.9640e-07,42,8.96,40,0,,,
7.9680e-07,42,8.96,40,0,,,
7.9720e-07,34,9.04,-40,-0.04,,,
7.9760e-07,38,9.04,-40,0.04,,,
7.9800e-07,30,9.04,40,0.04,,,
7.9840e-07,34,8.88,40,0,,,
7.9880e-07,30,8.88,-40,0,,,
7.9920e-07,26,8.96,-40,-0.08,,,
7.9960e-07,26,8.96,40,-0.04,,,
8.0000e-07,26,8.96,40,-0.04,,,
8.0040e-07,22,8.96,40,-0.08,,,
8.0080e-07,22,8.96,40,-0.04,,,
8.0120e-07,22,8.96,40,-0.04,,,
8.0160e-07,14,8.88,40,0,,,
8.0200e-07,14,8.88,40,0,,,
8.0240e-07,6,9.12,-40,-0.04,,,
8.0280e-07,6,9.12,40,0,,,
8.0320e-07,2,9.2,-40,0,,,
8.0360e-07,2,9.12,40,0,,,
8.0400e-07,-2,8.96,-40,0.04,,,
8.0440e-07,2,8.88,-40,0,,,
8.0480e-07,-2,8.8,40,0,,,
8.0520e-07,-6,8.88,-40,-0.04,,,
8.0560e-07,-6,8.96,-40,0.04,,,
8.0600e-07,-6,9.2,40,-0.04,,,
8.0640e-07,-6,9.2,-40,0,,,
8.0680e-07,-6,9.28,-40,-0.04,,,
8.0720e-07,-6,9.12,-40,0,,,
8.0760e-07,-14,9.04,40,0,,,
8.0800e-07,-18,8.96,-40,0,,,
8.0840e-07,-22,8.72,-40,0,,,
8.0880e-07,-22,8.72,-40,0,,,
8.0920e-07,-34,8.72,-40,0.04,,,
8.0960e-07,-34,8.8,40,0,,,
8.1000e-07,-34,8.88,40,0,,,
8.1040e-07,-34,8.88,120,0.04,,,
8.1080e-07,-34,8.96,-40,0,,,
8.1120e-07,-38,9.04,-40,0.08,,,
8.1160e-07,-42,9.04,-40,0,,,
8.1200e-07,-42,9.12,-40,0,,,
8.1240e-07,-46,9.04,-40,0,,,
8.1280e-07,-50,8.96,40,0.08,,,
8.1320e-07,-50,8.96,-120,0.04,,,
8.1360e-07,-58,8.88,-120,0.04,,,
8.1400e-07,-58,8.96,-40,0.04,,,
8.1440e-07,-66,8.88,-40,0.04,,,
8.1480e-07,-66,8.72,40,0.04,,,
8.1520e-07,-70,8.72,-40,0.04,,,
8.1560e-07,-74,8.72,40,0,,,
8.1600e-07,-78,8.56,-40,0.04,,,
8.1640e-07,-82,8.48,-40,0.08,,,
8.1680e-07,-86,8.48,-40,0.08,,,
8.1720e-07,-86,8.4,-40,0.08,,,
8.1760e-07,-86,8.48,40,0.12,,,
8.1800e-07,-86,8.56,40,0.08,,,
8.1840e-07,-90,8.56,-40,0.04,,,
8.1880e-07,-94,8.56,-40,0.04,,,
8.1920e-07,-90,8.56,40,0.04,,,
8.1960e-07,-86,8.56,-40,0.04,,,
8.2000e-07,-86,8.56,40,0.04,,,
8.2040e-07,-90,8.64,-40,0.04,,,
8.2080e-07,-86,8.64,40,0,,,
8.2120e-07,-82,8.8,40,0.04,,,
8.2160e-07,-86,8.8,-40,0.08,,,
8.2200e-07,-82,8.72,-40,0.08,,,
8.2240e-07,-82,8.72,-40,0.04,,,
8.2280e-07,-82,8.72,40,0.08,,,
8.2320e-07,-78,8.56,40,0.08,,,
8.2360e-07,-78,8.56,40,0.12,,,
8.2400e-07,-74,8.48,-40,0.08,,,
8.2440e-07,-70,8.64,40,0.12,,,
8.2480e-07,-70,8.56,-40,0.12,,,
8.2520e-07,-70,8.64,40,0.08,,,
8.2560e-07,-70,8.56,-40,0.04,,,
8.2600e-07,-74,8.88,40,0.04,,,
8.2640e-07,-66,8.96,-40,0.12,,,
8.2680e-07,-66,9.04,-40,0.04,,,
8.2720e-07,-66,9.04,-40,0.04,,,
8.2760e-07,-58,8.96,40,0.04,,,
8.2800e-07,-58,8.8,40,0.04,,,
8.2840e-07,-54,8.8,40,0.04,,,
8.2880e-07,-50,8.8,40,0,,,
8.2920e-07,-50,8.8,40,0,,,
8.2960e-07,-50,8.88,120,0.04,,,
8.3000e-07,-46,8.88,40,0.12,,,
8.3040e-07,-46,8.88,120,0.08,,,
8.3080e-07,-42,8.72,-40,0.08,,,
8.3120e-07,-42,8.72,-40,0.08,,,
8.3160e-07,-34,8.72,40,0.04,,,
8.3200e-07,-34,8.64,-40,0,,,
8.3240e-07,-34,8.72,-40,0.04,,,
8.3280e-07,-22,8.72,120,0,,,
8.3320e-07,-22,8.88,40,0,,,
8.3360e-07,-22,8.96,120,0,,,
8.3400e-07,-10,8.96,40,-0.04,,,
8.3440e-07,-6,8.96,-40,0,,,
8.3480e-07,-10,8.96,-40,0.04,,,
8.3520e-07,2,8.8,-40,0.04,,,
8.3560e-07,2,8.72,-40,0,,,
8.3600e-07,10,8.8,40,0,,,
8.3640e-07,10,8.72,-120,0,,,
8.3680e-07,14,8.72,-40,0.04,,,
8.3720e-07,18,8.56,-40,0.04,,,
8.3760e-07,22,8.56,-40,0,,,
8.3800e-07,18,8.56,-40,0,,,
8.3840e-07,22,8.64,40,0,,,
8.3880e-07,22,8.56,-40,-0.04,,,
8.3920e-07,26,8.64,-120,-0.04,,,
8.3960e-07,22,8.64,-40,0,,,
8.4000e-07,26,8.56,-40,0,,,
8.4040e-07,30,8.48,40,0,,,
8.4080e-07,30,8.56,-40,-0.04,,,
8.4120e-07,30,8.48,40,-0.04,,,
8.4160e-07,34,8.4,40,-0.04,,,
8.4200e-07,34,8.48,40,-0.04,,,
8.4240e-07,34,8.48,40,-0.04,,,
8.4280e-07,38,8.48,120,-0.08,,,
8.4320e-07,38,8.48,-40,-0.04,,,
8.4360e-07,38,8.48,40,-0.04,,,
8.4400e-07,34,8.8,40,-0.12,,,
8.4440e-07,38,8.8,40,-0.08,,,
8.4480e-07,38,8.96,-40,-0.04,,,
8.4520e-07,38,8.88,40,-0.04,,,
8.4560e-07,38,8.88,-40,-0.08,,,
8.4600e-07,42,8.8,-40,-0.08,,,
8.4640e-07,38,8.8,40,-0.08,,,
8.4680e-07,42,8.8,120,-0.12,,,
8.4720e-07,38,8.8,40,-0.04,,,
8.4760e-07,38,8.88,40,-0.04,,,
8.4800e-07,38,8.8,40,-0.04,,,
8.4840e-07,38,8.72,-40,-0.08,,,
8.4880e-07,38,8.56,-40,-0.08,,,
8.4920e-07,34,8.56,40,-0.04,,,
8.4960e-07,38,8.56,-40,-0.08,,,
8.5000e-07,34,8.56,40,-0.08,,,
8.5040e-07,30,8.64,40,-0.04,,,
8.5080e-07,34,8.72,40,-0.04,,,
8.5120e-07,34,8.64,-40,-0.04,,,
8.5160e-07,30,8.72,40,-0.08,,,
8.5200e-07,30,8.64,-40,-0.04,,,
8.5240e-07,30,8.48,40,-0.12,,,
8.5280e-07,30,8.4,-40,-0.08,,,
8.5320e-07,34,8.48,40,-0.12,,,
8.5360e-07,30,8.48,40,-0.08,,,
8.5400e-07,34,8.32,-40,-0.08,,,
8.5440e-07,34,8.32,40,-0.08,,,
8.5480e-07,34,8.32,40,-0.12,,,
8.5520e-07,34,8.32,-40,-0.08,,,
8.5560e-07,34,8.4,40,-0.08,,,
8.5600e-07,30,8.56,-40,-0.12,,,
8.5640e-07,26,8.56,40,-0.04,,,
8.5680e-07,22,8.64,40,-0.04,,,
8.5720e-07,22,8.8,-40,-0.08,,,
8.5760e-07,18,8.8,40,-0.08,,,
8.5800e-07,10,8.72,-40,-0.08,,,
8.5840e-07,10,8.72,40,-0.12,,,
8.5880e-07,2,8.64,40,-0.04,,,
8.5920e-07,-2,8.72,40,-0.08,,,
8.5960e-07,-2,8.64,120,-0.04,,,
8.6000e-07,-10,8.72,120,-0.04,,,
8.6040e-07,-14,8.96,-40,-0.04,,,
8.6080e-07,-22,8.88,-40,-0.04,,,
8.6120e-07,-26,8.88,120,-0.04,,,
8.6160e-07,-30,8.72,40,-0.04,,,
8.6200e-07,-34,8.64,40,-0.08,,,
8.6240e-07,-34,8.64,40,-0.04,,,
8.6280e-07,-34,8.64,-40,-0.04,,,
8.6320e-07,-42,8.72,40,-0.08,,,
8.6360e-07,-46,8.72,40,-0.04,,,
8.6400e-07,-54,8.72,-40,0,,,
8.6440e-07,-54,8.72,40,-0.04,,,
8.6480e-07,-54,8.72,40,0.08,,,
8.6520e-07,-54,8.64,120,0,,,
8.6560e-07,-54,8.56,40,0,,,
8.6600e-07,-58,8.48,40,0,,,
8.6640e-07,-58,8.56,-40,0,,,
8.6680e-07,-62,8.56,40,0,,,
8.6720e-07,-58,8.56,40,0.08,,,
8.6760e-07,-54,8.56,40,0,,,
8.6800e-07,-58,8.56,120,0.04,,,
8.6840e-07,-58,8.56,-40,-0.04,,,
8.6880e-07,-58,8.4,40,0.04,,,
8.6920e-07,-66,8.4,40,-0.04,,,
8.6960e-07,-62,8.32,40,-0.04,,,
8.7000e-07,-70,8.32,40,-0.04,,,
8.7040e-07,-70,8.32,40,0,,,
8.7080e-07,-70,8.32,120,-0.04,,,
8.7120e-07,-74,8.4,40,0,,,
8.7160e-07,-74,8.4,120,0.04,,,
8.7200e-07,-74,8.4,120,0,,,
8.7240e-07,-74,8.32,-40,-0.04,,,
8.7280e-07,-78,8.24,-40,0,,,
8.7320e-07,-82,8.24,-40,0,,,
8.7360e-07,-78,8.24,40,0.04,,,
8.7400e-07,-82,8.16,-40,0,,,
8.7440e-07,-86,8.08,-40,0,,,
8.7480e-07,-86,8.16,40,0.08,,,
8.7520e-07,-86,8.24,40,0.04,,,
8.7560e-07,-86,8.24,40,0.04,,,
8.7600e-07,-82,8.32,40,0.08,,,
8.7640e-07,-78,8.32,40,0.04,,,
8.7680e-07,-78,8.32,-40,0.08,,,
8.7720e-07,-78,8.32,-40,0.04,,,
8.7760e-07,-82,8.4,-40,0.08,,,
8.7800e-07,-74,8.32,40,0.04,,,
8.7840e-07,-74,8.4,40,0.04,,,
8.7880e-07,-70,8.48,120,0.08,,,
8.7920e-07,-66,8.48,-40,0.08,,,
8.7960e-07,-58,8.48,40,0.04,,,
8.8000e-07,-58,8.48,40,0.04,,,
8.8040e-07,-62,8.56,-40,0.08,,,
8.8080e-07,-54,8.64,-40,0.08,,,
8.8120e-07,-50,8.8,40,0.04,,,
8.8160e-07,-46,8.8,-40,0.08,,,
8.8200e-07,-42,8.88,-40,0.08,,,
8.8240e-07,-38,8.88,40,0.08,,,
8.8280e-07,-42,8.88,40,0.04,,,
8.8320e-07,-38,8.88,40,0.08,,,
8.8360e-07,-38,8.96,40,0.04,,,
8.8400e-07,-38,9.12,-40,0.04,,,
8.8440e-07,-34,9.12,40,0.12,,,
8.8480e-07,-26,9.2,40,0.08,,,
8.8520e-07,-22,9.2,-40,0.08,,,
8.8560e-07,-22,9.2,40,0.12,,,
8.8600e-07,-14,9.28,-40,0.12,,,
8.8640e-07,-14,9.28,40,0.12,,,
8.8680e-07,-14,9.28,-40,0.12,,,
8.8720e-07,-10,9.12,-40,0.12,,,
8.8760e-07,-10,9.12,-40,0.16,,,
8.8800e-07,-2,9.2,-40,0.12,,,
8.8840e-07,-2,9.12,-40,0.12,,,
8.8880e-07,-2,9.12,-40,0.12,,,
8.8920e-07,2,9.04,40,0.16,,,
8.8960e-07,6,8.96,-40,0.08,,,
8.9000e-07,6,9.04,-40,0.12,,,
8.9040e-07,6,8.96,-40,0.12,,,
8.9080e-07,10,8.8,40,0.08,,,
8.9120e-07,18,8.8,40,0.12,,,
8.9160e-07,18,8.64,40,0.12,,,
8.9200e-07,22,8.72,40,0.08,,,
8.9240e-07,18,8.8,-40,0.08,,,
8.9280e-07,18,8.72,40,0.08,,,
8.9320e-07,22,8.8,120,0.08,,,
8.9360e-07,22,8.88,40,0.08,,,
8.9400e-07,26,8.88,-40,0.04,,,
8.9440e-07,22,8.8,40,0.04,,,
8.9480e-07,26,8.88,40,0.08,,,
8.9520e-07,26,8.88,40,0.04,,,
8.9560e-07,30,8.88,40,0.08,,,
8.9600e-07,26,8.72,40,0.04,,,
8.9640e-07,26,8.72,-40,0.08,,,
8.9680e-07,26,8.72,-40,0.08,,,
8.9720e-07,30,8.72,-40,0.08,,,
8.9760e-07,26,8.72,40,0.04,,,
8.9800e-07,30,8.72,40,0.04,,,
8.9840e-07,30,8.8,40,0.08,,,
8.9880e-07,34,8.8,120,0.08,,,
8.9920e-07,30,8.72,40,0,,,
8.9960e-07,34,8.72,40,0.04,,,
9.0000e-07,30,8.56,40,0.04,,,
9.0040e-07,30,8.56,120,0,,,
9.0080e-07,30,8.48,40,0,,,
9.0120e-07,34,8.48,-40,0.04,,,
9.0160e-07,34,8.48,40,0,,,
9.0200e-07,30,8.56,40,0,,,
9.0240e-07,30,8.4,120,0,,,
9.0280e-07,30,8.4,40,-0.04,,,
9.0320e-07,22,8.32,40,0,,,
9.0360e-07,26,8.16,40,-0.04,,,
9.0400e-07,18,8.08,-40,-0.04,,,
9.0440e-07,18,8.16,40,-0.04,,,
9.0480e-07,18,8.24,40,0,,,
9.0520e-07,18,8.32,40,-0.04,,,
9.0560e-07,14,8.24,40,-0.04,,,
9.0600e-07,14,8.08,40,-0.08,,,
9.0640e-07,6,8.08,40,-0.04,,,
9.0680e-07,2,8.08,-40,-0.04,,,
9.0720e-07,6,8.16,120,-0.04,,,
9.0760e-07,2,8.24,120,-0.04,,,
9.0800e-07,2,8.32,40,-0.04,,,
9.0840e-07,2,8.24,40,-0.16,,,
9.0880e-07,2,8.24,120,-0.12,,,
9.0920e-07,-2,8.16,-40,-0.08,,,
9.0960e-07,-6,8.16,-40,-0.04,,,
9.1000e-07,-6,8.24,40,-0.08,,,
9.1040e-07,-10,8.24,40,-0.16,,,
9.1080e-07,-14,8.24,-40,-0.16,,,
9.1120e-07,-18,8.24,40,-0.08,,,
9.1160e-07,-18,8.16,40,-0.04,,,
9.1200e-07,-18,8.16,40,-0.12,,,
9.1240e-07,-18,8.16,-40,-0.12,,,
9.1280e-07,-22,8.16,-40,-0.12,,,
9.1320e-07,-22,8.4,-40,-0.12,,,
9.1360e-07,-22,8.4,-40,-0.16,,,
9.1400e-07,-26,8.4,-40,-0.16,,,
9.1440e-07,-34,8.48,40,-0.12,,,
9.1480e-07,-34,8.4,-40,-0.12,,,
9.1520e-07,-34,8.4,40,-0.12,,,
9.1560e-07,-38,8.48,120,-0.12,,,
9.1600e-07,-38,8.48,40,-0.12,,,
9.1640e-07,-42,8.56,-40,-0.12,,,
9.1680e-07,-42,8.56,40,-0.12,,,
9.1720e-07,-46,8.72,40,-0.12,,,
9.1760e-07,-50,8.72,-40,-0.08,,,
9.1800e-07,-50,8.64,40,-0.08,,,
9.1840e-07,-54,8.56,40,-0.16,,,
9.1880e-07,-50,8.56,40,-0.12,,,
9.1920e-07,-54,8.56,40,-0.08,,,
9.1960e-07,-54,8.56,40,-0.12,,,
9.2000e-07,-58,8.56,40,-0.04,,,
9.2040e-07,-58,8.4,40,-0.12,,,
9.2080e-07,-58,8.48,-40,-0.08,,,
9.2120e-07,-62,8.48,40,-0.08,,,
9.2160e-07,-66,8.4,40,-0.08,,,
9.2200e-07,-62,8.48,120,-0.08,,,
9.2240e-07,-62,8.48,120,-0.12,,,
9.2280e-07,-62,8.48,40,-0.12,,,
9.2320e-07,-70,8.4,-40,-0.12,,,
9.2360e-07,-74,8.48,-40,-0.12,,,
9.2400e-07,-74,8.48,40,-0.08,,,
9.2440e-07,-74,8.48,40,-0.12,,,
9.2480e-07,-74,8.48,40,-0.08,,,
9.2520e-07,-70,8.48,40,-0.08,,,
9.2560e-07,-70,8.48,40,-0.12,,,
9.2600e-07,-70,8.4,40,-0.08,,,
9.2640e-07,-74,8.4,40,-0.08,,,
9.2680e-07,-74,8.32,-40,-0.16,,,
9.2720e-07,-70,8.32,-40,-0.08,,,
9.2760e-07,-66,8.32,40,-0.12,,,
9.2800e-07,-62,8.4,40,-0.08,,,
9.2840e-07,-62,8.32,-40,-0.08,,,
9.2880e-07,-66,8.32,-120,-0.04,,,
9.2920e-07,-62,8.4,40,-0.08,,,
9.2960e-07,-58,8.32,40,-0.08,,,
9.3000e-07,-58,8.32,40,-0.08,,,
9.3040e-07,-58,8.4,40,-0.08,,,
9.3080e-07,-54,8.48,-40,0,,,
9.3120e-07,-54,8.64,-40,0,,,
9.3160e-07,-50,8.64,40,0,,,
9.3200e-07,-42,8.64,40,-0.04,,,
9.3240e-07,-42,8.72,-40,-0.04,,,
9.3280e-07,-42,8.8,120,-0.04,,,
9.3320e-07,-38,8.8,-40,0,,,
9.3360e-07,-34,8.88,-120,0,,,
9.3400e-07,-38,8.88,40,0,,,
9.3440e-07,-34,8.88,40,0,,,
9.3480e-07,-34,8.88,40,0.04,,,
9.3520e-07,-34,8.8,40,0.04,,,
9.3560e-07,-26,8.72,40,0.04,,,
9.3600e-07,-26,8.8,40,0.04,,,
9.3640e-07,-18,8.8,40,0.04,,,
9.3680e-07,-18,8.72,40,0.04,,,
9.3720e-07,-18,8.72,-40,0.08,,,
9.3760e-07,-18,8.8,-40,0.04,,,
9.3800e-07,-14,8.64,40,0.12,,,
9.3840e-07,-14,8.72,40,0.12,,,
9.3880e-07,-10,8.64,120,0.12,,,
9.3920e-07,-6,8.72,40,0.08,,,
9.3960e-07,-6,8.72,120,0.08,,,
9.4000e-07,-6,8.8,-40,0.12,,,
9.4040e-07,-2,8.88,120,0.12,,,
9.4080e-07,2,8.8,40,0.12,,,
9.4120e-07,2,8.8,120,0.16,,,
9.4160e-07,2,8.88,-40,0.08,,,
9.4200e-07,6,8.72,-40,0.12,,,
9.4240e-07,6,8.8,40,0.12,,,
9.4280e-07,6,8.88,40,0.12,,,
9.4320e-07,2,8.96,40,0.12,,,
9.4360e-07,6,9.04,40,0.16,,,
9.4400e-07,6,9.04,-40,0.12,,,
9.4440e-07,6,8.88,40,0.12,,,
9.4480e-07,10,8.96,-40,0.08,,,
9.4520e-07,14,8.96,40,0.04,,,
9.4560e-07,14,8.96,120,0.08,,,
9.4600e-07,10,8.88,120,0.12,,,
9.4640e-07,10,8.88,-40,0.12,,,
9.4680e-07,14,8.88,-40,0.12,,,
9.4720e-07,6,8.88,120,0.12,,,
9.4760e-07,10,8.72,40,0.08,,,
9.4800e-07,10,8.72,40,0.08,,,
9.4840e-07,6,8.8,-120,0.12,,,
9.4880e-07,10,8.88,-40,0.08,,,
9.4920e-07,14,8.88,40,0.08,,,
9.4960e-07,10,8.88,40,0.12,,,
9.5000e-07,10,8.8,-40,0.04,,,
9.5040e-07,10,8.8,-40,0.08,,,
9.5080e-07,10,8.64,-40,0.08,,,
9.5120e-07,14,8.72,-40,0.08,,,
9.5160e-07,10,8.56,40,0.08,,,
9.5200e-07,10,8.56,40,0.08,,,
9.5240e-07,6,8.56,-40,0.12,,,
9.5280e-07,6,8.48,40,0.12,,,
9.5320e-07,6,8.48,-40,0.12,,,
9.5360e-07,6,8.4,40,0.12,,,
9.5400e-07,2,8.4,40,0.12,,,
9.5440e-07,6,8.48,40,0.08,,,
9.5480e-07,2,8.4,40,0.04,,,
9.5520e-07,2,8.48,-40,0.08,,,
9.5560e-07,2,8.56,40,0.08,,,
9.5600e-07,2,8.32,40,0.04,,,
9.5640e-07,2,8.32,-40,0.08,,,
9.5680e-07,2,8.24,-40,0.08,,,
9.5720e-07,-6,8.24,-40,0.04,,,
9.5760e-07,2,8.24,40,0.08,,,
9.5800e-07,-6,8.32,40,0.04,,,
9.5840e-07,2,8.24,40,0.04,,,
9.5880e-07,-2,8.24,40,0.04,,,
9.5920e-07,-10,8.32,-40,0.04,,,
9.5960e-07,-6,8.24,-40,0,,,
9.6000e-07,-10,8.16,40,0,,,
9.6040e-07,-10,8.16,40,0.04,,,
9.6080e-07,-10,8,-120,0,,,
9.6120e-07,-14,8.08,-40,0,,,
9.6160e-07,-18,8.08,40,0,,,
9.6200e-07,-18,8.08,40,0,,,
9.6240e-07,-18,8,40,0,,,
9.6280e-07,-22,8.16,120,0,,,
9.6320e-07,-22,8.08,40,0,,,
9.6360e-07,-26,8,40,-0.04,,,
9.6400e-07,-22,8,40,-0.04,,,
9.6440e-07,-26,8.08,40,-0.04,,,
9.6480e-07,-30,8.08,-40,-0.08,,,
9.6520e-07,-30,8.08,-40,-0.04,,,
9.6560e-07,-30,8.08,-40,-0.04,,,
9.6600e-07,-34,8.16,40,-0.04,,,
9.6640e-07,-34,8.16,40,-0.04,,,
9.6680e-07,-38,8.16,40,-0.08,,,
9.6720e-07,-42,8.24,40,-0.08,,,
9.6760e-07,-38,8.24,120,-0.16,,,
9.6800e-07,-42,8.32,40,-0.08,,,
9.6840e-07,-42,8.4,-40,-0.08,,,
9.6880e-07,-42,8.32,40,-0.08,,,
9.6920e-07,-42,8.32,-40,-0.08,,,
9.6960e-07,-46,8.32,40,-0.08,,,
9.7000e-07,-46,8.4,-40,-0.12,,,
9.7040e-07,-42,8.4,120,-0.08,,,
9.7080e-07,-50,8.48,40,-0.12,,,
9.7120e-07,-50,8.48,40,-0.12,,,
9.7160e-07,-50,8.48,40,-0.08,,,
9.7200e-07,-42,8.48,40,-0.08,,,
9.7240e-07,-46,8.48,-40,-0.12,,,
9.7280e-07,-46,8.56,120,-0.08,,,
9.7320e-07,-50,8.48,-40,-0.08,,,
9.7360e-07,-46,8.4,40,-0.08,,,
9.7400e-07,-46,8.56,40,-0.08,,,
9.7440e-07,-50,8.56,-40,-0.12,,,
9.7480e-07,-46,8.56,-40,-0.12,,,
9.7520e-07,-46,8.56,-40,-0.12,,,
9.7560e-07,-50,8.48,-40,-0.08,,,
9.7600e-07,-46,8.48,-40,-0.08,,,
9.7640e-07,-46,8.48,40,-0.12,,,
9.7680e-07,-50,8.4,-40,-0.16,,,
9.7720e-07,-54,8.32,-40,-0.2,,,
9.7760e-07,-54,8.4,-40,-0.2,,,
9.7800e-07,-54,8.24,40,-0.2,,,
9.7840e-07,-50,8.32,40,-0.16,,,
9.7880e-07,-58,8.4,120,-0.16,,,
9.7920e-07,-54,8.32,40,-0.2,,,
9.7960e-07,-54,8.4,40,-0.2,,,
9.8000e-07,-54,8.4,-40,-0.16,,,
9.8040e-07,-50,8.4,-40,-0.2,,,
9.8080e-07,-50,8.4,120,-0.2,,,
9.8120e-07,-50,8.4,-40,-0.2,,,
9.8160e-07,-50,8.48,-40,-0.2,,,
9.8200e-07,-46,8.56,-40,-0.16,,,
9.8240e-07,-50,8.64,40,-0.16,,,
9.8280e-07,-50,8.72,40,-0.2,,,
9.8320e-07,-50,8.8,-40,-0.16,,,
9.8360e-07,-50,8.72,-40,-0.2,,,
9.8400e-07,-46,8.72,40,-0.24,,,
9.8440e-07,-46,8.64,-40,-0.2,,,
9.8480e-07,-46,8.48,-40,-0.2,,,
9.8520e-07,-46,8.56,40,-0.16,,,
9.8560e-07,-46,8.48,120,-0.2,,,
9.8600e-07,-38,8.4,40,-0.16,,,
9.8640e-07,-38,8.24,40,-0.2,,,
9.8680e-07,-34,8.4,-40,-0.16,,,
9.8720e-07,-38,8.4,40,-0.2,,,
9.8760e-07,-38,8.48,40,-0.12,,,
9.8800e-07,-34,8.48,-40,-0.12,,,
9.8840e-07,-34,8.4,-40,-0.12,,,
9.8880e-07,-34,8.32,-40,-0.12,,,
9.8920e-07,-34,8.24,40,-0.08,,,
9.8960e-07,-26,8.24,-40,-0.08,,,
9.9000e-07,-22,8.24,-40,-0.12,,,
9.9040e-07,-22,8.32,40,-0.12,,,
9.9080e-07,-18,8.4,40,-0.12,,,
9.9120e-07,-18,8.4,-40,-0.12,,,
9.9160e-07,-18,8.32,40,-0.12,,,
9.9200e-07,-14,8.24,40,-0.08,,,
9.9240e-07,-14,8.16,40,-0.12,,,
9.9280e-07,-10,8.32,40,-0.08,,,
9.9320e-07,-10,8.48,40,-0.04,,,
9.9360e-07,-2,8.56,40,-0.08,,,
9.9400e-07,-2,8.56,120,-0.08,,,
9.9440e-07,2,8.56,40,-0.08,,,
9.9480e-07,-6,8.4,40,-0.04,,,
9.9520e-07,-6,8.4,-40,-0.04,,,
9.9560e-07,-2,8.4,40,-0.04,,,
9.9600e-07,-6,8.4,40,0,,,
9.9640e-07,-6,8.4,40,0,,,
9.9680e-07,-2,8.4,40,-0.04,,,
9.9720e-07,2,8.48,40,0,,,
9.9760e-07,2,8.32,40,0,,,
9.9800e-07,2,8.24,40,0.04,,,
9.9840e-07,2,8.32,40,0,,,
9.9880e-07,2,8.32,-40,0,,,
9.9920e-07,-2,8.4,-40,0,,,
9.9960e-07,2,8.4,-40,0,,,
1.0000e-06,2,8.32,-40,0,,,
1.0004e-06,2,8.4,40,0.08,,,
1.0008e-06,2,8.32,-40,0.04,,,
1.0012e-06,-6,8.32,-40,0.04,,,
1.0016e-06,-2,8.32,40,0.04,,,
1.0020e-06,2,8.32,40,0,,,
1.0024e-06,2,8.32,-40,0,,,
1.0028e-06,6,8.32,-40,0,,,
1.0032e-06,2,8.32,40,0.04,,,
1.0036e-06,2,8.24,40,0.04,,,
1.0040e-06,2,8.24,-40,0.04,,,
1.0044e-06,2,8.32,40,0.04,,,
1.0048e-06,2,8.24,40,0.08,,,
1.0052e-06,2,8.32,40,0.12,,,
1.0056e-06,2,8.24,40,0.08,,,
1.0060e-06,2,8.24,40,0.04,,,
1.0064e-06,2,8.24,40,0.08,,,
1.0068e-06,2,8.24,40,0.12,,,
1.0072e-06,2,8.16,40,0.12,,,
1.0076e-06,2,8.08,40,0.12,,,
1.0080e-06,-2,8,40,0.08,,,
1.0084e-06,2,8,40,0.12,,,
1.0088e-06,-6,8.16,-40,0.16,,,
1.0092e-06,-6,8.08,40,0.12,,,
1.0096e-06,-6,8,-40,0.16,,,
1.0100e-06,-6,8,120,0.16,,,
1.0104e-06,-6,8.08,40,0.12,,,
1.0108e-06,-6,8,40,0.12,,,
1.0112e-06,-6,7.92,-40,0.12,,,
1.0116e-06,-10,8,40,0.08,,,
1.0120e-06,-14,8,40,0.16,,,
1.0124e-06,-18,8.08,40,0.12,,,
1.0128e-06,-18,8,-40,0.12,,,
1.0132e-06,-22,7.92,120,0.12,,,
1.0136e-06,-22,7.84,-40,0.12,,,
1.0140e-06,-26,7.76,-40,0.12,,,
1.0144e-06,-22,7.76,40,0.12,,,
1.0148e-06,-26,7.76,40,0.12,,,
1.0152e-06,-30,7.84,-40,0.08,,,
1.0156e-06,-22,7.76,-40,0.12,,,
1.0160e-06,-34,7.76,-40,0.08,,,
1.0164e-06,-30,7.68,40,0.08,,,
1.0168e-06,-34,7.76,40,0.08,,,
1.0172e-06,-34,7.76,40,0.04,,,
1.0176e-06,-38,7.68,-40,0.08,,,
1.0180e-06,-38,7.68,-40,0.08,,,
1.0184e-06,-42,7.84,-40,0.08,,,
1.0188e-06,-38,7.76,-40,0.08,,,
1.0192e-06,-42,7.84,40,0.12,,,
1.0196e-06,-42,7.84,-40,0.12,,,
1.0200e-06,-38,7.92,-40,0.12,,,
1.0204e-06,-42,7.76,40,0.12,,,
1.0208e-06,-42,7.76,40,0.08,,,
1.0212e-06,-50,7.68,-40,0.08,,,
1.0216e-06,-50,7.68,-40,0.04,,,
1.0220e-06,-46,7.76,-40,0.04,,,
1.0224e-06,-50,7.92,40,0,,,
1.0228e-06,-50,8,40,0,,,
1.0232e-06,-50,8,40,0.04,,,
1.0236e-06,-46,7.92,-40,0,,,
1.0240e-06,-42,7.84,-40,0,,,
1.0244e-06,-46,7.76,-40,0,,,
1.0248e-06,-46,7.84,120,0,,,
1.0252e-06,-46,7.84,40,0.04,,,
1.0256e-06,-46,7.92,40,0.04,,,
1.0260e-06,-46,7.92,40,-0.04,,,
1.0264e-06,-46,7.84,-40,-0.04,,,
1.0268e-06,-46,7.76,-40,0,,,
1.0272e-06,-50,7.76,40,-0.08,,,
1.0276e-06,-50,7.84,40,0,,,
1.0280e-06,-50,7.84,40,0,,,
1.0284e-06,-50,8.08,40,-0.04,,,
1.0288e-06,-50,8,-40,0,,,
1.0292e-06,-50,8.08,40,0.04,,,
1.0296e-06,-50,8,-40,-0.04,,,
1.0300e-06,-54,7.92,-40,0,,,
1.0304e-06,-50,7.92,40,-0.04,,,
1.0308e-06,-50,8,40,0,,,
1.0312e-06,-54,8,40,0,,,
1.0316e-06,-54,8.08,120,-0.08,,,
1.0320e-06,-50,8.08,40,-0.08,,,
1.0324e-06,-50,8.08,-40,-0.04,,,
1.0328e-06,-46,8.08,40,-0.08,,,
1.0332e-06,-50,8.08,-40,-0.04,,,
1.0336e-06,-46,8.16,40,-0.08,,,
1.0340e-06,-46,8.16,-40,-0.12,,,
1.0344e-06,-46,8.16,-40,-0.12,,,
1.0348e-06,-46,8.08,-40,-0.08,,,
1.0352e-06,-46,8.24,40,-0.08,,,
1.0356e-06,-46,8.16,-40,-0.12,,,
1.0360e-06,-42,8.16,-40,-0.08,,,
1.0364e-06,-46,8.16,-40,-0.08,,,
1.0368e-06,-42,8.16,-40,-0.12,,,
1.0372e-06,-42,8.16,40,-0.12,,,
1.0376e-06,-42,8.16,120,-0.12,,,
1.0380e-06,-34,8.24,-40,-0.12,,,
1.0384e-06,-30,8.16,40,-0.08,,,
1.0388e-06,-34,8.24,120,-0.12,,,
1.0392e-06,-30,8.32,40,-0.12,,,
1.0396e-06,-30,8.32,-40,-0.16,,,
1.0400e-06,-30,8.32,40,-0.12,,,
1.0404e-06,-30,8.24,40,-0.16,,,
1.0408e-06,-26,8.16,40,-0.12,,,
1.0412e-06,-26,8.16,40,-0.08,,,
1.0416e-06,-22,8.08,40,-0.08,,,
1.0420e-06,-26,8.08,-40,-0.12,,,
1.0424e-06,-26,8,40,-0.12,,,
1.0428e-06,-26,8.08,40,-0.16,,,
1.0432e-06,-26,8.08,40,-0.2,,,
1.0436e-06,-22,8.08,40,-0.12,,,
1.0440e-06,-22,8,40,-0.08,,,
1.0444e-06,-18,8.08,-40,-0.12,,,
1.0448e-06,-18,8.08,40,-0.12,,,
1.0452e-06,-18,8.08,40,-0.16,,,
1.0456e-06,-10,8.08,40,-0.12,,,
1.0460e-06,-10,8.08,40,-0.16,,,
1.0464e-06,-14,8.16,40,-0.16,,,
1.0468e-06,-6,8.08,-40,-0.08,,,
1.0472e-06,-6,8.08,40,-0.12,,,
1.0476e-06,-10,8,40,-0.08,,,
1.0480e-06,-10,8,40,-0.12,,,
1.0484e-06,-6,8,40,-0.12,,,
1.0488e-06,-6,8,40,-0.12,,,
1.0492e-06,-6,8,40,-0.12,,,
1.0496e-06,-2,8.08,40,-0.08,,,
1.0500e-06,-6,8,-40,-0.12,,,
1.0504e-06,-2,8.08,-40,-0.08,,,
1.0508e-06,-2,8.16,40,-0.08,,,
1.0512e-06,-2,8.08,40,0,,,
1.0516e-06,-2,8,40,-0.04,,,
1.0520e-06,-2,8.16,120,-0.12,,,
1.0524e-06,-2,8.08,40,-0.12,,,
1.0528e-06,-2,8.24,40,-0.12,,,
1.0532e-06,2,8.24,-40,-0.08,,,
1.0536e-06,2,8.24,40,-0.12,,,
1.0540e-06,2,8.16,120,-0.08,,,
1.0544e-06,-6,8.08,120,-0.04,,,
1.0548e-06,-2,8.08,-40,-0.08,,,
1.0552e-06,-6,8.16,-40,-0.12,,,
1.0556e-06,-2,8.24,40,-0.04,,,
1.0560e-06,-6,8.24,40,0,,,
1.0564e-06,-2,8.08,40,0,,,
1.0568e-06,-6,8.32,-40,-0.04,,,
1.0572e-06,-6,8.24,-40,-0.12,,,
1.0576e-06,-6,8.16,40,0,,,
1.0580e-06,-10,8.16,40,0,,,
1.0584e-06,-10,8.08,40,0,,,
1.0588e-06,-14,7.92,40,0.04,,,
1.0592e-06,-10,8.08,40,0,,,
1.0596e-06,-14,8.16,-40,0,,,
1.0600e-06,-14,8.16,40,0,,,
1.0604e-06,-18,8.16,-40,0.04,,,
1.0608e-06,-14,8.24,-40,0.04,,,
1.0612e-06,-14,8.08,40,0,,,
1.0616e-06,-10,8,40,0,,,
1.0620e-06,-18,8,40,0.04,,,
1.0624e-06,-14,8,40,0,,,
1.0628e-06,-18,8.08,40,0,,,
1.0632e-06,-18,8,-40,0.04,,,
1.0636e-06,-22,7.92,40,0.04,,,
1.0640e-06,-22,8,40,0.08,,,
1.0644e-06,-22,7.84,120,0.08,,,
1.0648e-06,-22,7.92,-40,0.12,,,
1.0652e-06,-22,7.92,-40,0.12,,,
1.0656e-06,-22,7.84,-40,0.04,,,
1.0660e-06,-26,7.92,40,0.08,,,
1.0664e-06,-30,7.84,40,0.12,,,
1.0668e-06,-30,7.84,40,0.12,,,
1.0672e-06,-26,7.84,120,0.12,,,
1.0676e-06,-34,7.68,40,0.12,,,
1.0680e-06,-34,7.76,40,0.08,,,
1.0684e-06,-34,7.84,-40,0.08,,,
1.0688e-06,-38,7.76,-40,0.12,,,
1.0692e-06,-34,7.76,40,0.08,,,
1.0696e-06,-38,7.68,-40,0.08,,,
1.0700e-06,-38,7.6,-40,0.12,,,
1.0704e-06,-38,7.6,-40,0.12,,,
1.0708e-06,-42,7.6,40,0.12,,,
1.0712e-06,-42,7.68,-40,0.12,,,
1.0716e-06,-46,7.68,-40,0.08,,,
1.0720e-06,-46,7.76,120,0.08,,,
1.0724e-06,-50,7.84,40,0.12,,,
1.0728e-06,-50,7.76,120,0.16,,,
1.0732e-06,-50,7.76,40,0.12,,,
1.0736e-06,-46,7.84,-40,0.12,,,
1.0740e-06,-50,7.76,40,0.12,,,
1.0744e-06,-50,7.76,40,0.12,,,
1.0748e-06,-50,7.84,120,0.12,,,
1.0752e-06,-50,7.84,40,0.12,,,
1.0756e-06,-46,7.68,40,0.12,,,
1.0760e-06,-50,7.6,-40,0.12,,,
1.0764e-06,-58,7.52,40,0.12,,,
1.0768e-06,-54,7.44,40,0.08,,,
1.0772e-06,-58,7.44,40,0.08,,,
1.0776e-06,-54,7.44,40,0.12,,,
1.0780e-06,-54,7.52,40,0.12,,,
1.0784e-06,-50,7.6,40,0.12,,,
1.0788e-06,-50,7.68,40,0.08,,,
1.0792e-06,-50,7.68,120,0.12,,,
1.0796e-06,-50,7.68,40,0.12,,,
1.0800e-06,-46,7.68,40,0.08,,,
1.0804e-06,-46,7.52,-40,0.08,,,
1.0808e-06,-50,7.44,40,0.12,,,
1.0812e-06,-42,7.52,40,0.08,,,
1.0816e-06,-46,7.68,40,0.08,,,
1.0820e-06,-46,7.6,40,0.12,,,
1.0824e-06,-50,7.68,40,0.08,,,
1.0828e-06,-46,7.44,120,0.08,,,
1.0832e-06,-46,7.44,120,0.08,,,
1.0836e-06,-38,7.52,120,0.04,,,
1.0840e-06,-34,7.6,40,0.12,,,
1.0844e-06,-38,7.68,-40,0.08,,,
1.0848e-06,-38,7.68,-40,0.04,,,
1.0852e-06,-34,7.68,40,0.04,,,
1.0856e-06,-38,7.6,-40,0.08,,,
1.0860e-06,-42,7.44,120,0.08,,,
1.0864e-06,-38,7.6,120,0.04,,,
1.0868e-06,-42,7.76,40,0.12,,,
1.0872e-06,-38,7.76,120,0.04,,,
1.0876e-06,-38,7.84,40,0,,,
1.0880e-06,-38,7.84,40,0.04,,,
1.0884e-06,-38,7.76,-120,0,,,
1.0888e-06,-38,7.68,40,0,,,
1.0892e-06,-38,7.68,40,0.04,,,
1.0896e-06,-42,7.76,40,0,,,
1.0900e-06,-38,7.84,-40,0,,,
1.0904e-06,-38,7.92,40,0,,,
1.0908e-06,-34,7.92,120,-0.04,,,
1.0912e-06,-34,8,-40,0,,,
1.0916e-06,-34,7.92,40,0,,,
1.0920e-06,-34,8,-40,-0.04,,,
1.0924e-06,-38,7.92,40,-0.08,,,
1.0928e-06,-34,7.92,-40,-0.08,,,
1.0932e-06,-30,8,40,-0.08,,,
1.0936e-06,-30,8.08,40,-0.04,,,
1.0940e-06,-34,8,40,-0.04,,,
1.0944e-06,-30,7.92,-40,-0.08,,,
1.0948e-06,-26,8.08,-40,-0.08,,,
1.0952e-06,-26,8,40,-0.04,,,
1.0956e-06,-22,8.08,40,-0.04,,,
1.0960e-06,-26,7.92,-40,0,,,
1.0964e-06,-22,7.84,40,-0.08,,,
1.0968e-06,-26,7.92,-40,-0.04,,,
1.0972e-06,-18,7.92,120,-0.08,,,
1.0976e-06,-14,7.92,40,-0.04,,,
1.0980e-06,-14,7.92,40,-0.04,,,
1.0984e-06,-14,7.92,40,-0.08,,,
1.0988e-06,-14,7.92,-40,-0.12,,,
1.0992e-06,-10,8,40,-0.12,,,
1.0996e-06,-14,7.84,40,-0.12,,,
1.1000e-06,-14,7.92,40,-0.08,,,
1.1004e-06,-14,7.84,40,-0.12,,,
1.1008e-06,-10,7.92,40,-0.12,,,
1.1012e-06,-10,7.92,40,-0.08,,,
1.1016e-06,-14,8,-40,-0.12,,,
1.1020e-06,-10,7.92,-40,-0.12,,,
1.1024e-06,-14,7.92,40,-0.08,,,
1.1028e-06,-14,7.84,-40,-0.08,,,
1.1032e-06,-18,7.92,-40,-0.12,,,
1.1036e-06,-18,7.92,40,-0.08,,,
1.1040e-06,-18,7.92,120,-0.08,,,
1.1044e-06,-14,7.92,40,-0.12,,,
1.1048e-06,-18,7.92,40,-0.04,,,
1.1052e-06,-14,7.92,40,-0.08,,,
1.1056e-06,-18,7.92,-40,-0.08,,,
1.1060e-06,-14,7.92,40,-0.08,,,
1.1064e-06,-18,7.84,-40,-0.04,,,
1.1068e-06,-22,7.84,40,-0.04,,,
1.1072e-06,-18,7.84,40,-0.04,,,
1.1076e-06,-22,7.84,-40,-0.08,,,
1.1080e-06,-18,7.84,-40,-0.08,,,
1.1084e-06,-26,7.92,-40,-0.08,,,
1.1088e-06,-22,7.76,-40,-0.08,,,
1.1092e-06,-22,7.84,-40,-0.04,,,
1.1096e-06,-22,7.84,-40,-0.08,,,
1.1100e-06,-22,8,40,-0.08,,,
1.1104e-06,-22,8,-40,-0.16,,,
1.1108e-06,-22,8.16,40,-0.04,,,
1.1112e-06,-22,8.16,-40,-0.04,,,
1.1116e-06,-22,8.16,40,-0.04,,,
1.1120e-06,-14,8.08,40,-0.08,,,
1.1124e-06,-18,8.08,40,-0.04,,,
1.1128e-06,-22,8,-40,-0.04,,,
1.1132e-06,-18,7.84,-40,-0.04,,,
1.1136e-06,-18,7.76,40,-0.04,,,
1.1140e-06,-18,7.68,-40,-0.04,,,
1.1144e-06,-22,7.76,40,-0.04,,,
1.1148e-06,-22,7.84,40,-0.04,,,
1.1152e-06,-18,7.84,-40,0,,,
1.1156e-06,-18,7.92,40,-0.04,,,
1.1160e-06,-22,7.92,-40,-0.04,,,
1.1164e-06,-22,7.92,40,-0.08,,,
1.1168e-06,-22,7.76,40,-0.08,,,
1.1172e-06,-22,7.76,40,-0.04,,,
1.1176e-06,-30,7.76,40,0,,,
1.1180e-06,-34,7.68,-40,-0.04,,,
1.1184e-06,-34,7.68,40,-0.04,,,
1.1188e-06,-26,7.68,-40,-0.08,,,
1.1192e-06,-30,7.76,40,-0.04,,,
1.1196e-06,-30,7.6,-40,-0.04,,,
1.1200e-06,-34,7.6,-40,0,,,
1.1204e-06,-38,7.6,40,0,,,
1.1208e-06,-38,7.6,40,0,,,
1.1212e-06,-42,7.68,-40,0,,,
1.1216e-06,-38,7.68,40,0,,,
1.1220e-06,-42,7.6,-40,-0.04,,,
1.1224e-06,-46,7.6,-40,0,,,
1.1228e-06,-38,7.44,40,0,,,
1.1232e-06,-42,7.6,-40,-0.04,,,
1.1236e-06,-46,7.6,40,-0.04,,,
1.1240e-06,-50,7.52,40,-0.04,,,
1.1244e-06,-50,7.6,120,0,,,
1.1248e-06,-46,7.68,40,0.04,,,
1.1252e-06,-46,7.68,40,0.04,,,
1.1256e-06,-46,7.68,40,0,,,
1.1260e-06,-38,7.6,120,0,,,
1.1264e-06,-46,7.44,120,0,,,
1.1268e-06,-46,7.52,-40,0,,,
1.1272e-06,-50,7.6,-40,0,,,
1.1276e-06,-42,7.52,40,0,,,
1.1280e-06,-42,7.68,-40,0.08,,,
1.1284e-06,-46,7.6,-40,0.04,,,
1.1288e-06,-50,7.6,-40,0.04,,,
1.1292e-06,-42,7.6,40,0,,,
1.1296e-06,-42,7.6,40,0.04,,,
1.1300e-06,-42,7.6,-40,0.04,,,
1.1304e-06,-42,7.52,-40,0.04,,,
1.1308e-06,-38,7.52,40,0.04,,,
1.1312e-06,-38,7.52,40,0.04,,,
1.1316e-06,-38,7.44,-40,0.04,,,
1.1320e-06,-46,7.44,-40,0.08,,,
1.1324e-06,-42,7.44,40,0,,,
1.1328e-06,-42,7.44,-40,0,,,
1.1332e-06,-42,7.36,40,0.04,,,
1.1336e-06,-38,7.28,40,0.08,,,
1.1340e-06,-42,7.28,-40,0.04,,,
1.1344e-06,-42,7.28,40,0.08,,,
1.1348e-06,-42,7.36,40,0.08,,,
1.1352e-06,-42,7.52,40,0.04,,,
1.1356e-06,-42,7.52,40,0,,,
1.1360e-06,-42,7.44,40,0.08,,,
1.1364e-06,-42,7.52,40,0.08,,,
1.1368e-06,-42,7.44,40,0.04,,,
1.1372e-06,-42,7.36,-40,0.04,,,
1.1376e-06,-46,7.44,40,0.08,,,
1.1380e-06,-42,7.44,40,0.08,,,
1.1384e-06,-42,7.52,40,0.04,,,
1.1388e-06,-46,7.52,-40,0.08,,,
1.1392e-06,-46,7.52,-40,0.04,,,
1.1396e-06,-46,7.36,-40,0,,,
1.1400e-06,-46,7.36,-40,0,,,
1.1404e-06,-46,7.36,-40,0.04,,,
1.1408e-06,-42,7.36,-40,0.12,,,
1.1412e-06,-42,7.44,-40,0.08,,,
1.1416e-06,-42,7.52,40,0.08,,,
1.1420e-06,-46,7.52,-40,0.04,,,
1.1424e-06,-42,7.52,40,0.08,,,
1.1428e-06,-38,7.6,-40,0.04,,,
1.1432e-06,-42,7.6,-40,0,,,
1.1436e-06,-38,7.68,-120,0.08,,,
1.1440e-06,-34,7.6,-40,0.04,,,
1.1444e-06,-34,7.76,120,0.08,,,
1.1448e-06,-34,7.76,120,0.08,,,
1.1452e-06,-34,7.68,40,0.04,,,
1.1456e-06,-30,7.84,40,0.04,,,
1.1460e-06,-26,7.92,40,0.08,,,
1.1464e-06,-26,7.92,-40,0.04,,,
1.1468e-06,-26,7.84,-40,0.08,,,
1.1472e-06,-22,7.84,40,0.04,,,
1.1476e-06,-22,7.84,40,0.04,,,
1.1480e-06,-22,7.92,40,0.04,,,
1.1484e-06,-22,7.92,-40,0.04,,,
1.1488e-06,-26,7.84,-40,0.04,,,
1.1492e-06,-22,7.92,40,0.08,,,
1.1496e-06,-18,7.92,-40,0,,,
1.1500e-06,-18,7.84,40,0,,,
1.1504e-06,-22,7.92,40,0.04,,,
1.1508e-06,-22,8,120,0,,,
1.1512e-06,-18,8,40,0.08,,,
1.1516e-06,-22,8.08,-40,0.04,,,
1.1520e-06,-22,8,40,0.04,,,
1.1524e-06,-18,8.16,-40,0.04,,,
1.1528e-06,-22,8.08,40,0,,,
1.1532e-06,-22,8.08,-40,0,,,
1.1536e-06,-22,8.08,40,0,,,
1.1540e-06,-26,8,40,0,,,
1.1544e-06,-30,8,120,0,,,
1.1548e-06,-22,7.84,40,0.04,,,
1.1552e-06,-26,7.84,120,0,,,
1.1556e-06,-22,7.84,40,0.04,,,
1.1560e-06,-22,7.92,40,0.04,,,
1.1564e-06,-22,7.84,-40,0,,,
1.1568e-06,-22,7.84,-40,0,,,
1.1572e-06,-22,7.76,40,0,,,
1.1576e-06,-22,7.76,120,0,,,
1.1580e-06,-22,7.76,40,0,,,
1.1584e-06,-22,7.76,40,0,,,
1.1588e-06,-22,7.6,40,-0.04,,,
1.1592e-06,-22,7.76,40,0,,,
1.1596e-06,-22,7.68,40,-0.04,,,
1.1600e-06,-22,7.76,40,0,,,
1.1604e-06,-18,7.76,40,0.04,,,
1.1608e-06,-22,7.76,40,-0.04,,,
1.1612e-06,-22,7.84,40,0,,,
1.1616e-06,-18,7.84,-40,0,,,
1.1620e-06,-22,7.76,-40,-0.04,,,
1.1624e-06,-22,7.84,-40,-0.04,,,
1.1628e-06,-22,7.84,-40,-0.04,,,
1.1632e-06,-22,7.68,40,0,,,
1.1636e-06,-22,7.76,40,-0.04,,,
1.1640e-06,-22,7.68,-40,-0.08,,,
1.1644e-06,-22,7.76,40,-0.08,,,
1.1648e-06,-18,7.76,120,0,,,
1.1652e-06,-22,7.76,40,-0.04,,,
1.1656e-06,-22,7.76,40,0,,,
1.1660e-06,-26,7.84,40,0,,,
1.1664e-06,-26,7.76,40,-0.08,,,
1.1668e-06,-30,7.76,40,-0.08,,,
1.1672e-06,-26,7.76,40,-0.04,,,
1.1676e-06,-34,7.84,-40,-0.04,,,
1.1680e-06,-34,7.76,40,-0.04,,,
1.1684e-06,-30,7.76,-40,-0.08,,,
1.1688e-06,-34,7.76,40,-0.04,,,
1.1692e-06,-34,7.6,40,-0.08,,,
1.1696e-06,-38,7.6,40,-0.08,,,
1.1700e-06,-38,7.6,40,-0.04,,,
1.1704e-06,-34,7.6,-40,0,,,
1.1708e-06,-34,7.6,40,-0.08,,,
1.1712e-06,-34,7.6,40,-0.04,,,
1.1716e-06,-34,7.52,-40,0,,,
1.1720e-06,-38,7.44,-120,-0.04,,,
1.1724e-06,-38,7.44,-40,0,,,
1.1728e-06,-42,7.6,-40,-0.08,,,
1.1732e-06,-42,7.52,40,-0.08,,,
1.1736e-06,-42,7.6,120,-0.04,,,
1.1740e-06,-42,7.52,120,-0.04,,,
1.1744e-06,-46,7.44,40,-0.08,,,
1.1748e-06,-42,7.52,-40,-0.08,,,
1.1752e-06,-42,7.6,-40,-0.04,,,
1.1756e-06,-42,7.52,-40,-0.08,,,
1.1760e-06,-38,7.52,40,0,,,
1.1764e-06,-42,7.52,-40,0,,,
1.1768e-06,-38,7.36,40,-0.08,,,
1.1772e-06,-46,7.28,120,-0.04,,,
1.1776e-06,-42,7.36,-40,-0.08,,,
1.1780e-06,-42,7.36,40,-0.04,,,
1.1784e-06,-42,7.36,40,-0.04,,,
1.1788e-06,-42,7.36,-40,-0.04,,,
1.1792e-06,-42,7.52,120,-0.04,,,
1.1796e-06,-42,7.52,120,0,,,
1.1800e-06,-42,7.44,40,0.04,,,
1.1804e-06,-46,7.44,40,-0.04,,,
1.1808e-06,-42,7.44,40,-0.04,,,
1.1812e-06,-42,7.44,-40,-0.04,,,
1.1816e-06,-46,7.52,40,-0.04,,,
1.1820e-06,-42,7.52,40,0,,,
1.1824e-06,-46,7.52,40,0,,,
1.1828e-06,-50,7.6,-40,-0.04,,,
1.1832e-06,-50,7.6,-40,-0.04,,,
1.1836e-06,-50,7.68,40,-0.04,,,
1.1840e-06,-46,7.6,-40,-0.08,,,
1.1844e-06,-46,7.6,-40,-0.04,,,
1.1848e-06,-50,7.44,40,-0.04,,,
1.1852e-06,-46,7.44,-40,-0.04,,,
1.1856e-06,-50,7.44,-120,-0.04,,,
1.1860e-06,-50,7.2,-120,-0.08,,,
1.1864e-06,-50,7.2,120,0,,,
1.1868e-06,-50,7.2,-40,-0.04,,,
1.1872e-06,-50,7.2,40,0,,,
1.1876e-06,-50,7.44,40,-0.08,,,
1.1880e-06,-50,7.44,-40,-0.08,,,
1.1884e-06,-50,7.44,40,-0.08,,,
1.1888e-06,-46,7.36,-40,-0.04,,,
1.1892e-06,-46,7.28,40,-0.08,,,
1.1896e-06,-46,7.2,40,-0.08,,,
1.1900e-06,-42,7.12,-40,-0.08,,,
1.1904e-06,-46,7.28,40,-0.08,,,
1.1908e-06,-42,7.2,-40,-0.08,,,
1.1912e-06,-42,7.28,-40,-0.08,,,
1.1916e-06,-46,7.12,-40,-0.04,,,
1.1920e-06,-42,7.12,40,-0.04,,,
1.1924e-06,-42,7.12,-40,-0.04,,,
1.1928e-06,-42,7.04,-40,-0.12,,,
1.1932e-06,-42,7.12,40,-0.04,,,
1.1936e-06,-34,7.28,40,-0.04,,,
1.1940e-06,-34,7.28,-40,-0.08,,,
1.1944e-06,-38,7.2,-40,-0.04,,,
1.1948e-06,-38,7.12,40,-0.04,,,
1.1952e-06,-38,7.12,-40,-0.08,,,
1.1956e-06,-34,7.12,-40,-0.04,,,
1.1960e-06,-30,7.12,40,-0.04,,,
1.1964e-06,-34,7.28,40,-0.04,,,
1.1968e-06,-34,7.44,120,0,,,
1.1972e-06,-34,7.36,40,-0.04,,,
1.1976e-06,-34,7.28,40,-0.04,,,
1.1980e-06,-38,7.28,40,-0.04,,,
1.1984e-06,-38,7.28,40,-0.04,,,
1.1988e-06,-34,7.28,40,0,,,
1.1992e-06,-34,7.44,-40,0,,,
1.1996e-06,-34,7.6,40,0,,,
1.2000e-06,-34,7.52,40,0,,,
1.2004e-06,-34,7.52,40,-0.04,,,
1.2008e-06,-34,7.52,-40,0,,,
1.2012e-06,-30,7.52,40,-0.08,,,
1.2016e-06,-34,7.6,40,-0.04,,,
1.2020e-06,-30,7.52,40,-0.04,,,
1.2024e-06,-26,7.68,-40,-0.04,,,
1.2028e-06,-30,7.68,-40,-0.04,,,
1.2032e-06,-26,7.76,40,0,,,
1.2036e-06,-26,7.76,-40,-0.04,,,
1.2040e-06,-26,7.76,-40,0,,,
1.2044e-06,-26,7.68,120,-0.04,,,
1.2048e-06,-30,7.6,40,-0.04,,,
1.2052e-06,-30,7.6,120,-0.04,,,
1.2056e-06,-26,7.6,120,0.04,,,
1.2060e-06,-26,7.68,-40,0,,,
1.2064e-06,-30,7.68,40,0,,,
1.2068e-06,-22,7.76,40,0.04,,,
1.2072e-06,-22,7.68,-40,0.04,,,
1.2076e-06,-26,7.76,-40,-0.04,,,
1.2080e-06,-18,7.76,40,0.04,,,
1.2084e-06,-22,7.68,40,0,,,
1.2088e-06,-22,7.6,-40,0.04,,,
1.2092e-06,-22,7.52,-40,0,,,
1.2096e-06,-26,7.52,40,0,,,
1.2100e-06,-22,7.6,40,-0.04,,,
1.2104e-06,-22,7.52,-40,-0.04,,,
1.2108e-06,-26,7.6,40,-0.04,,,
1.2112e-06,-22,7.52,40,0,,,
1.2116e-06,-26,7.52,40,0,,,
1.2120e-06,-26,7.44,-40,0,,,
1.2124e-06,-26,7.52,40,0,,,
1.2128e-06,-30,7.36,-40,0.04,,,
1.2132e-06,-26,7.52,40,0,,,
1.2136e-06,-30,7.6,40,0,,,
1.2140e-06,-30,7.44,40,0.04,,,
1.2144e-06,-38,7.44,-40,0.08,,,
1.2148e-06,-26,7.44,40,0.08,,,
1.2152e-06,-26,7.44,40,0.08,,,
1.2156e-06,-30,7.36,40,0,,,
1.2160e-06,-34,7.36,40,0,,,
1.2164e-06,-26,7.44,40,0.08,,,
1.2168e-06,-26,7.44,40,0.04,,,
1.2172e-06,-26,7.44,40,0.04,,,
1.2176e-06,-26,7.36,40,0.04,,,
1.2180e-06,-30,7.44,40,0.04,,,
1.2184e-06,-34,7.44,40,0.08,,,
1.2188e-06,-30,7.44,40,0.04,,,
1.2192e-06,-30,7.36,-40,0.04,,,
1.2196e-06,-30,7.44,40,0.04,,,
1.2200e-06,-34,7.36,120,0.04,,,
1.2204e-06,-34,7.44,40,0,,,
1.2208e-06,-34,7.44,40,0.04,,,
1.2212e-06,-34,7.36,40,0.04,,,
1.2216e-06,-34,7.36,-40,0,,,
1.2220e-06,-34,7.28,40,0,,,
1.2224e-06,-38,7.44,-40,0.04,,,
1.2228e-06,-42,7.36,-40,0.04,,,
1.2232e-06,-38,7.36,40,0.04,,,
1.2236e-06,-34,7.28,40,0,,,
1.2240e-06,-34,7.36,40,0,,,
1.2244e-06,-42,7.28,-40,-0.04,,,
1.2248e-06,-46,7.28,40,0,,,
1.2252e-06,-38,7.28,40,0.04,,,
1.2256e-06,-42,7.28,-40,0,,,
1.2260e-06,-46,7.28,-40,0,,,
1.2264e-06,-46,7.2,40,0.04,,,
1.2268e-06,-42,7.12,40,0,,,
1.2272e-06,-42,7.2,40,0,,,
1.2276e-06,-46,7.2,40,0,,,
1.2280e-06,-42,7.2,40,0,,,
1.2284e-06,-42,7.2,40,-0.04,,,
1.2288e-06,-42,7.12,40,0,,,
1.2292e-06,-46,7.12,40,0,,,
1.2296e-06,-42,7.04,-40,0,,,
1.2300e-06,-50,7.12,-40,0,,,
1.2304e-06,-46,7.12,-40,0.04,,,
1.2308e-06,-46,7.12,40,0,,,
1.2312e-06,-50,7.12,40,0.04,,,
1.2316e-06,-50,7.04,40,0,,,
1.2320e-06,-46,7.04,40,0,,,
1.2324e-06,-50,7.12,40,-0.04,,,
1.2328e-06,-54,7.12,-40,-0.04,,,
1.2332e-06,-50,7.2,-40,0,,,
1.2336e-06,-50,7.12,40,0,,,
1.2340e-06,-50,7.12,-40,-0.04,,,
1.2344e-06,-50,7.2,-40,0,,,
1.2348e-06,-50,7.12,40,-0.04,,,
1.2352e-06,-54,7.2,-40,-0.04,,,
1.2356e-06,-54,7.2,-40,-0.04,,,
1.2360e-06,-50,7.2,-40,0.04,,,
1.2364e-06,-50,7.2,40,-0.04,,,
1.2368e-06,-50,7.12,40,0,,,
1.2372e-06,-50,7.2,40,0,,,
1.2376e-06,-50,7.12,40,-0.04,,,
1.2380e-06,-54,7.04,40,-0.04,,,
1.2384e-06,-50,7.12,-40,-0.08,,,
1.2388e-06,-50,7.12,40,-0.12,,,
1.2392e-06,-50,7.2,40,-0.08,,,
1.2396e-06,-50,7.2,40,-0.08,,,
1.2400e-06,-42,7.28,-40,-0.08,,,
1.2404e-06,-46,7.28,-40,-0.08,,,
1.2408e-06,-46,7.28,40,-0.04,,,
1.2412e-06,-42,7.2,-40,0,,,
1.2416e-06,-42,7.12,40,-0.04,,,
1.2420e-06,-46,7.12,-40,-0.04,,,
1.2424e-06,-42,7.2,-40,-0.04,,,
1.2428e-06,-42,7.12,-40,-0.04,,,
1.2432e-06,-46,7.04,-40,-0.04,,,
1.2436e-06,-50,7.12,40,-0.04,,,
1.2440e-06,-54,7.04,40,-0.04,,,
1.2444e-06,-46,7.04,40,-0.08,,,
1.2448e-06,-42,7.12,-40,-0.08,,,
1.2452e-06,-42,7.04,40,-0.04,,,
1.2456e-06,-42,6.88,40,-0.08,,,
1.2460e-06,-46,6.96,40,-0.12,,,
1.2464e-06,-46,6.88,40,-0.08,,,
1.2468e-06,-42,6.96,40,-0.08,,,
1.2472e-06,-46,6.96,120,-0.04,,,
1.2476e-06,-46,6.8,40,-0.04,,,
1.2480e-06,-46,6.88,40,-0.04,,,
1.2484e-06,-42,6.96,40,-0.08,,,
1.2488e-06,-42,6.96,-40,-0.12,,,
1.2492e-06,-46,6.96,40,-0.08,,,
1.2496e-06,-42,6.88,-40,-0.08,,,
1.2500e-06,-46,6.88,40,-0.08,,,
1.2504e-06,-42,6.88,-40,-0.08,,,
1.2508e-06,-38,6.88,-40,-0.08,,,
1.2512e-06,-38,6.96,40,-0.04,,,
1.2516e-06,-38,7.04,-40,-0.04,,,
1.2520e-06,-34,7.04,120,-0.04,,,
1.2524e-06,-34,7.04,120,-0.08,,,
1.2528e-06,-30,7.04,-40,-0.04,,,
1.2532e-06,-34,7.04,40,-0.08,,,
1.2536e-06,-34,7.04,40,-0.12,,,
1.2540e-06,-30,6.96,40,-0.12,,,
1.2544e-06,-34,7.04,40,-0.08,,,
1.2548e-06,-26,7.2,40,-0.08,,,
1.2552e-06,-22,7.04,40,-0.08,,,
1.2556e-06,-26,7.2,40,-0.12,,,
1.2560e-06,-26,7.2,-40,-0.08,,,
1.2564e-06,-26,7.2,120,-0.08,,,
1.2568e-06,-22,7.2,40,-0.08,,,
1.2572e-06,-26,7.2,40,-0.04,,,
1.2576e-06,-26,7.2,-40,-0.08,,,
1.2580e-06,-26,7.2,40,-0.04,,,
1.2584e-06,-26,7.28,-40,-0.08,,,
1.2588e-06,-22,7.2,-40,-0.08,,,
1.2592e-06,-22,7.2,-40,-0.08,,,
1.2596e-06,-30,7.28,40,-0.08,,,
1.2600e-06,-22,7.28,40,-0.04,,,
1.2604e-06,-26,7.28,40,-0.08,,,
1.2608e-06,-22,7.12,40,-0.04,,,
1.2612e-06,-30,7.12,40,0,,,
1.2616e-06,-34,7.12,-40,0,,,
1.2620e-06,-30,7.12,120,-0.04,,,
1.2624e-06,-26,7.2,-40,-0.08,,,
1.2628e-06,-26,7.2,40,-0.04,,,
1.2632e-06,-34,7.2,-40,0,,,
1.2636e-06,-34,7.2,40,0,,,
1.2640e-06,-34,7.12,40,-0.04,,,
1.2644e-06,-34,7.12,40,-0.04,,,
1.2648e-06,-30,7.2,40,0,,,
1.2652e-06,-34,7.2,40,0,,,
1.2656e-06,-34,7.28,-40,-0.04,,,
1.2660e-06,-34,7.2,-40,-0.04,,,
1.2664e-06,-34,7.2,40,-0.04,,,
1.2668e-06,-30,7.28,40,-0.04,,,
1.2672e-06,-30,7.2,40,0,,,
1.2676e-06,-30,7.12,-40,-0.08,,,
1.2680e-06,-30,7.12,40,0,,,
1.2684e-06,-30,7.12,-40,0,,,
1.2688e-06,-26,7.2,-40,0.04,,,
1.2692e-06,-30,7.12,40,0.04,,,
1.2696e-06,-30,7.12,-40,0.04,,,
1.2700e-06,-30,7.12,40,0,,,
1.2704e-06,-34,7.2,40,0,,,
1.2708e-06,-30,7.2,40,0.04,,,
1.2712e-06,-34,7.2,-40,0.04,,,
1.2716e-06,-30,7.2,-40,0.04,,,
1.2720e-06,-34,7.2,-40,0.08,,,
1.2724e-06,-30,7.12,-40,0.04,,,
1.2728e-06,-34,7.04,40,0.04,,,
1.2732e-06,-38,7.12,120,0.04,,,
1.2736e-06,-38,7.04,40,0.04,,,
1.2740e-06,-42,7.04,40,0.04,,,
1.2744e-06,-42,6.96,-40,0.04,,,
1.2748e-06,-42,7.04,40,0.08,,,
1.2752e-06,-42,7.04,40,0.04,,,
1.2756e-06,-46,6.96,-40,0.04,,,
1.2760e-06,-46,6.96,-40,0.08,,,
1.2764e-06,-46,6.88,120,0.08,,,
1.2768e-06,-46,6.88,40,0.04,,,
1.2772e-06,-58,6.96,-40,0.04,,,
1.2776e-06,-50,6.88,40,0.04,,,
1.2780e-06,-54,6.88,120,0.04,,,
1.2784e-06,-50,6.88,40,0,,,
1.2788e-06,-50,6.96,40,0.08,,,
1.2792e-06,-54,6.96,40,0.08,,,
1.2796e-06,-54,6.88,40,0.08,,,
1.2800e-06,-58,6.96,40,0.04,,,
1.2804e-06,-54,6.88,-40,0.08,,,
1.2808e-06,-58,6.96,-40,0.08,,,
1.2812e-06,-54,6.8,40,0.08,,,
1.2816e-06,-54,6.8,40,0.08,,,
1.2820e-06,-50,6.72,40,0.04,,,
1.2824e-06,-50,6.8,40,0.04,,,
1.2828e-06,-54,6.8,-40,0.04,,,
1.2832e-06,-46,6.64,40,0.08,,,
1.2836e-06,-50,6.72,-40,0.04,,,
1.2840e-06,-50,6.8,40,0.04,,,
1.2844e-06,-54,6.8,40,0.04,,,
1.2848e-06,-50,6.8,40,0.04,,,
1.2852e-06,-50,6.72,40,0.08,,,
1.2856e-06,-46,6.88,40,0.12,,,
1.2860e-06,-46,6.8,40,0,,,
1.2864e-06,-46,6.8,-40,0.04,,,
1.2868e-06,-42,6.8,40,0.08,,,
1.2872e-06,-46,6.72,40,0.04,,,
1.2876e-06,-42,6.64,40,0.08,,,
1.2880e-06,-42,6.64,40,0.04,,,
1.2884e-06,-46,6.64,40,0,,,
1.2888e-06,-42,6.64,40,0.04,,,
1.2892e-06,-50,6.64,-40,0.08,,,
1.2896e-06,-50,6.8,40,0.08,,,
1.2900e-06,-46,6.96,-120,0.08,,,
1.2904e-06,-50,6.96,-40,0,,,
1.2908e-06,-50,6.96,40,0,,,
1.2912e-06,-50,6.88,40,0.04,,,
1.2916e-06,-50,6.8,-40,0,,,
1.2920e-06,-50,6.8,40,0.04,,,
1.2924e-06,-54,6.88,120,0.04,,,
1.2928e-06,-58,6.8,40,0,,,
1.2932e-06,-54,6.88,40,0,,,
1.2936e-06,-54,6.88,40,0,,,
1.2940e-06,-54,6.8,40,0.04,,,
1.2944e-06,-54,6.72,-40,0.04,,,
1.2948e-06,-50,6.8,40,0.04,,,
1.2952e-06,-50,6.88,40,-0.04,,,
1.2956e-06,-46,6.88,40,0,,,
1.2960e-06,-46,6.88,40,0,,,
1.2964e-06,-46,6.88,-40,0,,,
1.2968e-06,-50,6.8,40,-0.04,,,
1.2972e-06,-50,6.8,40,0,,,
1.2976e-06,-50,6.8,40,0,,,
1.2980e-06,-42,6.8,40,0,,,
1.2984e-06,-46,6.88,40,-0.04,,,
1.2988e-06,-42,6.8,40,-0.08,,,
1.2992e-06,-38,6.8,120,0,,,
1.2996e-06,-42,6.72,40,-0.04,,,
1.3000e-06,-38,6.72,-40,0,,,
1.3004e-06,-38,6.72,40,-0.08,,,
1.3008e-06,-34,6.72,40,-0.08,,,
1.3012e-06,-34,6.72,120,-0.08,,,
1.3016e-06,-30,6.8,40,-0.08,,,
1.3020e-06,-26,6.64,40,-0.04,,,
1.3024e-06,-30,6.8,120,-0.08,,,
1.3028e-06,-30,6.8,-40,-0.08,,,
1.3032e-06,-30,6.88,40,0.04,,,
1.3036e-06,-30,6.8,40,-0.04,,,
1.3040e-06,-30,6.8,-40,-0.08,,,
1.3044e-06,-26,6.8,40,-0.08,,,
1.3048e-06,-30,6.8,40,-0.08,,,
1.3052e-06,-34,6.96,40,-0.08,,,
1.3056e-06,-34,6.8,-40,-0.08,,,
1.3060e-06,-34,6.8,40,-0.08,,,
1.3064e-06,-34,6.72,40,-0.08,,,
1.3068e-06,-42,6.8,40,-0.12,,,
1.3072e-06,-38,6.8,40,-0.08,,,
1.3076e-06,-42,6.88,40,-0.04,,,
1.3080e-06,-38,6.72,40,-0.08,,,
1.3084e-06,-38,6.72,40,-0.12,,,
1.3088e-06,-34,6.8,40,-0.12,,,
1.3092e-06,-38,6.8,-40,-0.12,,,
1.3096e-06,-38,6.8,120,-0.08,,,
1.3100e-06,-42,6.8,40,-0.08,,,
1.3104e-06,-38,6.8,40,-0.08,,,
1.3108e-06,-42,6.8,120,-0.08,,,
1.3112e-06,-42,6.8,120,-0.08,,,
1.3116e-06,-38,6.88,120,-0.12,,,
1.3120e-06,-38,6.88,40,-0.08,,,
1.3124e-06,-34,6.88,-40,-0.08,,,
1.3128e-06,-38,6.88,-40,-0.08,,,
1.3132e-06,-38,6.88,-40,-0.08,,,
1.3136e-06,-38,6.88,40,-0.12,,,
1.3140e-06,-38,7.04,120,-0.12,,,
1.3144e-06,-38,7.04,-40,-0.12,,,
1.3148e-06,-34,6.88,40,-0.12,,,
1.3152e-06,-38,6.96,40,-0.12,,,
1.3156e-06,-34,6.96,40,-0.12,,,
1.3160e-06,-34,6.96,40,-0.12,,,
1.3164e-06,-34,6.96,-40,-0.12,,,
1.3168e-06,-34,6.96,-40,-0.16,,,
1.3172e-06,-38,6.96,-40,-0.08,,,
1.3176e-06,-34,6.96,-40,-0.04,,,
1.3180e-06,-34,6.96,40,-0.08,,,
1.3184e-06,-34,6.88,40,-0.08,,,
1.3188e-06,-34,6.8,-40,-0.08,,,
1.3192e-06,-34,6.96,-40,-0.08,,,
1.3196e-06,-34,6.96,-40,-0.08,,,
1.3200e-06,-34,7.04,40,0,,,
1.3204e-06,-34,6.96,40,-0.04,,,
1.3208e-06,-42,6.88,-40,-0.04,,,
1.3212e-06,-38,6.96,40,-0.08,,,
1.3216e-06,-38,6.88,40,-0.08,,,
1.3220e-06,-38,6.96,-40,-0.04,,,
1.3224e-06,-38,6.96,40,-0.04,,,
1.3228e-06,-38,6.96,-40,-0.04,,,
1.3232e-06,-42,6.96,-40,-0.04,,,
1.3236e-06,-50,6.88,-40,0,,,
1.3240e-06,-46,6.88,120,-0.04,,,
1.3244e-06,-46,6.88,40,0,,,
1.3248e-06,-50,6.96,-40,0,,,
1.3252e-06,-50,6.96,120,0.04,,,
1.3256e-06,-50,7.04,120,0.04,,,
1.3260e-06,-50,6.96,40,0,,,
1.3264e-06,-50,6.96,40,-0.04,,,
1.3268e-06,-50,6.96,-40,0,,,
1.3272e-06,-50,6.96,-40,0,,,
1.3276e-06,-54,6.88,-40,-0.04,,,
1.3280e-06,-50,6.96,-40,-0.04,,,
1.3284e-06,-54,6.96,-40,0,,,
1.3288e-06,-54,6.96,40,0,,,
1.3292e-06,-50,6.88,40,-0.04,,,
1.3296e-06,-50,6.88,-40,0.04,,,
1.3300e-06,-50,6.72,40,0.04,,,
1.3304e-06,-54,6.72,40,0,,,
1.3308e-06,-46,6.8,40,0.04,,,
1.3312e-06,-50,6.72,-40,0.08,,,
1.3316e-06,-46,6.72,-40,0.04,,,
1.3320e-06,-50,6.72,40,0.08,,,
1.3324e-06,-46,6.72,120,0.12,,,
1.3328e-06,-46,6.64,120,0.08,,,
1.3332e-06,-46,6.64,-40,0.04,,,
1.3336e-06,-50,6.64,40,0.08,,,
1.3340e-06,-50,6.72,-40,0.12,,,
1.3344e-06,-50,6.64,-40,0.12,,,
1.3348e-06,-42,6.64,40,0.12,,,
1.3352e-06,-42,6.48,40,0.08,,,
1.3356e-06,-42,6.48,40,0.08,,,
1.3360e-06,-42,6.56,40,0.08,,,
1.3364e-06,-42,6.64,120,0.08,,,
1.3368e-06,-46,6.56,-40,0.04,,,
1.3372e-06,-50,6.48,40,0.12,,,
1.3376e-06,-50,6.48,-40,0.16,,,
1.3380e-06,-54,6.48,40,0.12,,,
1.3384e-06,-50,6.48,40,0.08,,,
1.3388e-06,-50,6.64,40,0.08,,,
1.3392e-06,-50,6.48,-40,0.04,,,
1.3396e-06,-50,6.48,40,0.08,,,
1.3400e-06,-54,6.48,40,0.12,,,
1.3404e-06,-50,6.48,40,0.08,,,
1.3408e-06,-50,6.56,120,0.08,,,
1.3412e-06,-50,6.56,40,0.04,,,
1.3416e-06,-50,6.56,-40,0.04,,,
1.3420e-06,-46,6.48,-40,0.08,,,
1.3424e-06,-42,6.4,40,0,,,
1.3428e-06,-50,6.48,40,0.08,,,
1.3432e-06,-50,6.4,40,0.04,,,
1.3436e-06,-54,6.4,-40,0,,,
1.3440e-06,-46,6.32,-40,0.04,,,
1.3444e-06,-46,6.48,-40,0.08,,,
1.3448e-06,-46,6.48,-40,0.04,,,
1.3452e-06,-50,6.56,-40,0.08,,,
1.3456e-06,-42,6.64,40,0.04,,,
1.3460e-06,-46,6.64,40,0.08,,,
1.3464e-06,-46,6.72,40,0.04,,,
1.3468e-06,-42,6.64,-40,0.04,,,
1.3472e-06,-42,6.64,40,0.04,,,
1.3476e-06,-46,6.64,40,0.04,,,
1.3480e-06,-38,6.56,40,0,,,
1.3484e-06,-42,6.56,40,0.04,,,
1.3488e-06,-42,6.4,40,0.04,,,
1.3492e-06,-42,6.4,40,0,,,
1.3496e-06,-38,6.4,40,0.04,,,
1.3500e-06,-42,6.4,40,0.04,,,
1.3504e-06,-38,6.48,40,0.04,,,
1.3508e-06,-38,6.56,40,0.04,,,
1.3512e-06,-42,6.64,40,0.04,,,
1.3516e-06,-38,6.72,-40,-0.04,,,
1.3520e-06,-42,6.64,40,0.04,,,
1.3524e-06,-38,6.56,120,0,,,
1.3528e-06,-42,6.48,-40,0,,,
1.3532e-06,-42,6.56,40,0,,,
1.3536e-06,-42,6.56,-40,0,,,
1.3540e-06,-42,6.48,-40,0,,,
1.3544e-06,-42,6.64,-40,0,,,
1.3548e-06,-38,6.56,40,-0.04,,,
1.3552e-06,-42,6.56,40,-0.04,,,
1.3556e-06,-42,6.48,40,-0.04,,,
1.3560e-06,-46,6.56,40,-0.08,,,
1.3564e-06,-38,6.56,-40,-0.04,,,
1.3568e-06,-42,6.64,-40,-0.08,,,
1.3572e-06,-42,6.64,120,-0.08,,,
1.3576e-06,-42,6.64,40,-0.04,,,
1.3580e-06,-46,6.56,40,-0.04,,,
1.3584e-06,-50,6.48,120,-0.04,,,
1.3588e-06,-46,6.64,40,-0.08,,,
1.3592e-06,-46,6.64,40,-0.08,,,
1.3596e-06,-46,6.64,40,-0.08,,,
1.3600e-06,-42,6.8,40,-0.08,,,
1.3604e-06,-42,6.72,40,-0.04,,,
1.3608e-06,-46,6.72,-40,-0.04,,,
1.3612e-06,-46,6.64,40,-0.04,,,
1.3616e-06,-46,6.64,40,-0.08,,,
1.3620e-06,-46,6.64,40,-0.08,,,
1.3624e-06,-46,6.64,120,-0.08,,,
1.3628e-06,-42,6.72,40,-0.08,,,
1.3632e-06,-42,6.72,40,-0.04,,,
1.3636e-06,-46,6.72,40,-0.04,,,
1.3640e-06,-42,6.64,40,-0.08,,,
1.3644e-06,-42,6.64,40,-0.12,,,
1.3648e-06,-42,6.64,40,-0.08,,,
1.3652e-06,-42,6.72,-40,-0.12,,,
1.3656e-06,-46,6.64,-40,-0.08,,,
1.3660e-06,-46,6.64,40,-0.08,,,
1.3664e-06,-46,6.72,40,-0.12,,,
1.3668e-06,-38,6.72,-40,-0.08,,,
1.3672e-06,-42,6.64,40,-0.08,,,
1.3676e-06,-38,6.64,120,-0.08,,,
1.3680e-06,-42,6.72,-40,-0.08,,,
1.3684e-06,-42,6.72,120,-0.12,,,
1.3688e-06,-42,6.72,120,-0.08,,,
1.3692e-06,-42,6.72,120,-0.08,,,
1.3696e-06,-42,6.72,-40,-0.08,,,
1.3700e-06,-42,6.64,40,-0.12,,,
1.3704e-06,-38,6.72,40,-0.08,,,
1.3708e-06,-46,6.8,40,-0.08,,,
1.3712e-06,-42,6.8,40,-0.08,,,
1.3716e-06,-42,6.72,40,-0.04,,,
1.3720e-06,-46,6.72,120,-0.04,,,
1.3724e-06,-42,6.64,120,0,,,
1.3728e-06,-42,6.64,120,-0.08,,,
1.3732e-06,-42,6.64,40,-0.04,,,
1.3736e-06,-42,6.72,40,-0.04,,,
1.3740e-06,-42,6.8,40,-0.04,,,
1.3744e-06,-46,6.8,120,-0.04,,,
1.3748e-06,-46,6.8,120,-0.04,,,
1.3752e-06,-50,6.8,120,-0.08,,,
1.3756e-06,-46,6.8,40,-0.08,,,
1.3760e-06,-46,6.72,40,-0.04,,,
1.3764e-06,-50,6.72,120,-0.04,,,
1.3768e-06,-50,6.8,40,-0.04,,,
1.3772e-06,-50,6.8,-40,-0.04,,,
1.3776e-06,-50,6.8,-40,-0.08,,,
1.3780e-06,-46,6.88,120,0,,,
1.3784e-06,-50,6.88,40,0,,,
1.3788e-06,-46,6.8,120,-0.04,,,
1.3792e-06,-50,6.72,-40,-0.08,,,
1.3796e-06,-46,6.72,40,-0.04,,,
1.3800e-06,-46,6.72,40,0,,,
1.3804e-06,-46,6.8,-40,0,,,
1.3808e-06,-42,6.72,-40,0,,,
1.3812e-06,-42,6.8,40,0.04,,,
1.3816e-06,-46,6.72,40,0,,,
1.3820e-06,-42,6.72,40,0,,,
1.3824e-06,-50,6.72,40,0,,,
1.3828e-06,-38,6.64,40,0,,,
1.3832e-06,-42,6.64,40,0.04,,,
1.3836e-06,-42,6.72,40,0.04,,,
1.3840e-06,-42,6.64,-40,0,,,
1.3844e-06,-42,6.64,-40,0.04,,,
1.3848e-06,-42,6.72,120,0,,,
1.3852e-06,-42,6.64,40,0.04,,,
1.3856e-06,-50,6.64,-40,0.08,,,
1.3860e-06,-50,6.64,-40,0.04,,,
1.3864e-06,-50,6.64,40,0,,,
1.3868e-06,-46,6.56,40,0,,,
1.3872e-06,-42,6.48,-120,0.12,,,
1.3876e-06,-46,6.48,40,0.12,,,
1.3880e-06,-50,6.4,40,0.08,,,
1.3884e-06,-46,6.48,-40,0.04,,,
1.3888e-06,-50,6.4,-40,0.04,,,
1.3892e-06,-50,6.32,40,0.04,,,
1.3896e-06,-50,6.4,-40,0.04,,,
1.3900e-06,-50,6.4,-40,0.08,,,
1.3904e-06,-54,6.32,40,0.04,,,
1.3908e-06,-50,6.48,120,0.04,,,
1.3912e-06,-50,6.32,-40,0.04,,,
1.3916e-06,-50,6.32,40,0.08,,,
1.3920e-06,-50,6.4,40,0.08,,,
1.3924e-06,-50,6.32,120,0,,,
1.3928e-06,-50,6.32,40,0.08,,,
1.3932e-06,-50,6.4,-40,0.04,,,
1.3936e-06,-50,6.4,40,0.08,,,
1.3940e-06,-50,6.48,40,0.04,,,
1.3944e-06,-54,6.4,40,0.04,,,
1.3948e-06,-50,6.32,40,0.08,,,
1.3952e-06,-46,6.32,40,0.04,,,
1.3956e-06,-50,6.32,40,0.04,,,
1.3960e-06,-50,6.32,40,0.04,,,
1.3964e-06,-50,6.32,40,-0.04,,,
1.3968e-06,-50,6.32,40,0.08,,,
1.3972e-06,-50,6.32,40,0.04,,,
1.3976e-06,-50,6.32,40,0.04,,,
1.3980e-06,-50,6.32,40,0.04,,,
1.3984e-06,-50,6.32,120,0.04,,,
1.3988e-06,-50,6.32,-40,0,,,
1.3992e-06,-50,6.32,-40,0.04,,,
1.3996e-06,-50,6.24,-40,0,,,
1.4000e-06,-50,6.32,-40,0.04,,,
1.4004e-06,-50,6.4,40,0.12,,,
1.4008e-06,-50,6.4,40,0.04,,,
1.4012e-06,-50,6.32,40,0.04,,,
1.4016e-06,-46,6.4,40,0.04,,,
1.4020e-06,-46,6.4,-120,0,,,
1.4024e-06,-46,6.4,-40,0,,,
1.4028e-06,-38,6.32,40,0.04,,,
1.4032e-06,-50,6.32,-40,0.04,,,
1.4036e-06,-46,6.32,40,0.04,,,
1.4040e-06,-46,6.24,120,0.08,,,
1.4044e-06,-50,6.24,-40,0.04,,,
1.4048e-06,-50,6.32,-40,0,,,
1.4052e-06,-50,6.16,120,0,,,
1.4056e-06,-46,6.32,40,0,,,
1.4060e-06,-46,6.4,40,-0.04,,,
1.4064e-06,-50,6.32,-40,0.04,,,
1.4068e-06,-50,6.4,-40,0,,,
1.4072e-06,-50,6.4,40,0,,,
1.4076e-06,-50,6.32,40,0,,,
1.4080e-06,-50,6.48,40,-0.04,,,
1.4084e-06,-50,6.4,-40,-0.04,,,
1.4088e-06,-50,6.48,40,-0.04,,,
1.4092e-06,-50,6.4,120,0.04,,,
1.4096e-06,-50,6.48,40,0,,,
1.4100e-06,-50,6.4,40,-0.04,,,
1.4104e-06,-50,6.48,40,0.04,,,
1.4108e-06,-50,6.48,40,0,,,
1.4112e-06,-46,6.4,40,-0.04,,,
1.4116e-06,-50,6.48,40,0,,,
1.4120e-06,-46,6.48,40,-0.04,,,
1.4124e-06,-46,6.4,-40,-0.04,,,
1.4128e-06,-38,6.56,-40,-0.04,,,
1.4132e-06,-46,6.48,-40,0,,,
1.4136e-06,-46,6.56,120,-0.04,,,
1.4140e-06,-42,6.64,40,-0.08,,,
1.4144e-06,-42,6.56,40,-0.04,,,
1.4148e-06,-42,6.56,40,-0.08,,,
1.4152e-06,-42,6.64,-40,-0.04,,,
1.4156e-06,-38,6.64,40,-0.04,,,
1.4160e-06,-42,6.64,40,-0.04,,,
1.4164e-06,-38,6.64,40,-0.04,,,
1.4168e-06,-38,6.64,40,-0.12,,,
1.4172e-06,-38,6.56,40,-0.08,,,
1.4176e-06,-42,6.64,-40,-0.04,,,
1.4180e-06,-46,6.56,40,-0.08,,,
1.4184e-06,-42,6.56,40,0,,,
1.4188e-06,-42,6.48,40,-0.04,,,
1.4192e-06,-42,6.56,40,-0.12,,,
1.4196e-06,-38,6.48,40,-0.08,,,
1.4200e-06,-38,6.56,40,-0.08,,,
1.4204e-06,-42,6.48,-40,-0.08,,,
1.4208e-06,-38,6.48,40,-0.04,,,
1.4212e-06,-42,6.56,120,-0.04,,,
1.4216e-06,-42,6.48,120,-0.08,,,
1.4220e-06,-42,6.56,-40,-0.04,,,
1.4224e-06,-46,6.64,120,-0.04,,,
1.4228e-06,-42,6.64,120,-0.04,,,
1.4232e-06,-46,6.64,40,-0.04,,,
1.4236e-06,-46,6.64,120,-0.08,,,
1.4240e-06,-50,6.64,-40,-0.12,,,
1.4244e-06,-50,6.64,40,-0.08,,,
1.4248e-06,-50,6.56,40,-0.08,,,
1.4252e-06,-50,6.48,40,-0.04,,,
1.4256e-06,-58,6.48,-40,-0.04,,,
1.4260e-06,-50,6.48,40,-0.04,,,
1.4264e-06,-50,6.56,-40,-0.04,,,
1.4268e-06,-54,6.48,40,-0.08,,,
1.4272e-06,-54,6.48,-40,-0.08,,,
1.4276e-06,-42,6.48,40,-0.04,,,
1.4280e-06,-46,6.4,40,-0.04,,,
1.4284e-06,-50,6.48,-40,-0.04,,,
1.4288e-06,-46,6.4,40,-0.04,,,
1.4292e-06,-46,6.48,120,-0.08,,,
1.4296e-06,-42,6.4,-40,-0.04,,,
1.4300e-06,-46,6.48,-40,-0.08,,,
1.4304e-06,-46,6.48,-40,-0.04,,,
1.4308e-06,-46,6.4,40,0,,,
1.4312e-06,-50,6.4,40,-0.04,,,
1.4316e-06,-46,6.32,40,-0.04,,,
1.4320e-06,-50,6.48,40,-0.08,,,
1.4324e-06,-50,6.4,40,-0.08,,,
1.4328e-06,-46,6.48,40,-0.08,,,
1.4332e-06,-46,6.48,-40,-0.04,,,
1.4336e-06,-46,6.48,-40,0.04,,,
1.4340e-06,-46,6.4,40,-0.08,,,
1.4344e-06,-50,6.4,40,-0.08,,,
1.4348e-06,-50,6.4,40,-0.04,,,
1.4352e-06,-46,6.4,40,-0.04,,,
1.4356e-06,-50,6.48,40,0,,,
1.4360e-06,-46,6.4,-40,0,,,
1.4364e-06,-46,6.4,40,0,,,
1.4368e-06,-50,6.32,-40,-0.04,,,
1.4372e-06,-54,6.24,40,-0.04,,,
1.4376e-06,-50,6.32,40,-0.04,,,
1.4380e-06,-50,6.32,-40,0,,,
1.4384e-06,-50,6.32,-120,0,,,
1.4388e-06,-50,6.32,40,-0.04,,,
1.4392e-06,-50,6.32,-40,-0.04,,,
1.4396e-06,-50,6.32,40,0,,,
1.4400e-06,-50,6.32,40,0.04,,,
1.4404e-06,-50,6.32,-40,-0.04,,,
1.4408e-06,-54,6.24,-40,-0.04,,,
1.4412e-06,-46,6.24,40,-0.04,,,
1.4416e-06,-50,6.16,120,0,,,
1.4420e-06,-50,6.24,40,0,,,
1.4424e-06,-50,6.24,-40,0,,,
1.4428e-06,-50,6.16,40,0,,,
1.4432e-06,-50,6.08,-40,-0.04,,,
1.4436e-06,-46,6.16,40,0,,,
1.4440e-06,-50,6.16,40,0,,,
1.4444e-06,-58,6.08,40,0,,,
1.4448e-06,-54,6.08,-40,-0.04,,,
1.4452e-06,-50,6.08,-40,0,,,
1.4456e-06,-54,6.08,-40,0,,,
1.4460e-06,-50,6,120,0,,,
1.4464e-06,-50,6.08,40,-0.04,,,
1.4468e-06,-58,6,40,0,,,
1.4472e-06,-50,6.08,40,0.04,,,
1.4476e-06,-50,6.08,40,-0.04,,,
1.4480e-06,-54,6,40,0,,,
1.4484e-06,-54,6.08,120,0,,,
1.4488e-06,-54,6,120,0.08,,,
1.4492e-06,-54,6.08,-40,0.04,,,
1.4496e-06,-54,6.08,40,0,,,
1.4500e-06,-50,6,-40,0,,,
1.4504e-06,-54,6,40,0,,,
1.4508e-06,-58,5.92,40,0.04,,,
1.4512e-06,-54,5.92,-40,0,,,
1.4516e-06,-54,5.92,-40,0.08,,,
1.4520e-06,-50,5.84,-40,0,,,
1.4524e-06,-54,5.92,120,0.04,,,
1.4528e-06,-54,5.84,40,0,,,
1.4532e-06,-50,6,-40,0.04,,,
1.4536e-06,-50,5.92,40,0.04,,,
1.4540e-06,-50,5.92,40,0,,,
1.4544e-06,-54,6,40,0,,,
1.4548e-06,-46,5.92,40,-0.04,,,
1.4552e-06,-50,5.92,40,0,,,
1.4556e-06,-46,6,-40,0,,,
1.4560e-06,-46,6.16,-40,0,,,
1.4564e-06,-46,6.08,40,0.04,,,
1.4568e-06,-46,6,120,-0.04,,,
1.4572e-06,-50,6,40,0,,,
1.4576e-06,-42,6,40,0.04,,,
1.4580e-06,-54,6,-40,-0.04,,,
1.4584e-06,-50,6,-40,0,,,
1.4588e-06,-50,5.92,40,0,,,
1.4592e-06,-46,5.84,40,-0.04,,,
1.4596e-06,-54,5.84,40,0,,,
1.4600e-06,-50,5.92,40,0.04,,,
1.4604e-06,-50,5.92,40,-0.04,,,
1.4608e-06,-54,6,40,-0.04,,,
1.4612e-06,-54,5.92,40,0,,,
1.4616e-06,-50,5.92,40,0,,,
1.4620e-06,-50,6,120,0,,,
1.4624e-06,-50,6,-40,-0.04,,,
1.4628e-06,-50,6,40,-0.04,,,
1.4632e-06,-50,6,40,0,,,
1.4636e-06,-50,5.92,40,0,,,
1.4640e-06,-50,5.92,40,-0.04,,,
1.4644e-06,-50,5.92,40,0,,,
1.4648e-06,-46,6,40,-0.08,,,
1.4652e-06,-50,6,40,0.04,,,
1.4656e-06,-50,6,120,0.04,,,
1.4660e-06,-50,6,40,-0.08,,,
1.4664e-06,-50,6,120,-0.08,,,
1.4668e-06,-50,6.16,120,0,,,
1.4672e-06,-46,6,-40,0,,,
1.4676e-06,-46,6.16,-40,-0.04,,,
1.4680e-06,-46,6.08,40,-0.04,,,
1.4684e-06,-42,6.08,120,-0.04,,,
1.4688e-06,-46,6.16,-40,0,,,
1.4692e-06,-46,6.16,40,0,,,
1.4696e-06,-38,6,40,0,,,
1.4700e-06,-42,6.08,40,0,,,
1.4704e-06,-46,6.16,-40,-0.04,,,
1.4708e-06,-46,6.16,-40,-0.04,,,
1.4712e-06,-42,6.16,120,-0.04,,,
1.4716e-06,-46,6.08,-40,0,,,
1.4720e-06,-46,6.08,-40,-0.04,,,
1.4724e-06,-46,6.16,-40,0,,,
1.4728e-06,-46,6.16,40,0,,,
1.4732e-06,-46,6.16,40,-0.04,,,
1.4736e-06,-46,6.08,-40,-0.04,,,
1.4740e-06,-46,6.16,-120,0,,,
1.4744e-06,-46,6.24,40,0,,,
1.4748e-06,-46,6.16,-40,0,,,
1.4752e-06,-46,6.16,-40,0,,,
1.4756e-06,-46,6.16,-40,0,,,
1.4760e-06,-42,6.16,40,-0.04,,,
1.4764e-06,-46,6,40,0.04,,,
1.4768e-06,-46,6.16,120,0,,,
1.4772e-06,-46,6.08,40,-0.08,,,
1.4776e-06,-46,6.16,40,-0.04,,,
1.4780e-06,-50,6.08,40,-0.04,,,
1.4784e-06,-54,6.16,40,0,,,
1.4788e-06,-50,6.24,40,-0.04,,,
1.4792e-06,-50,6.08,40,-0.04,,,
1.4796e-06,-50,6.08,120,-0.04,,,
1.4800e-06,-58,6.08,40,0,,,
1.4804e-06,-54,6.08,40,0,,,
1.4808e-06,-54,6.08,-40,-0.04,,,
1.4812e-06,-58,6.16,120,-0.04,,,
1.4816e-06,-54,6.16,40,0,,,
1.4820e-06,-50,6.16,120,0,,,
1.4824e-06,-50,6.16,40,0,,,
1.4828e-06,-54,6.16,40,0,,,
1.4832e-06,-54,6.16,40,0.04,,,
1.4836e-06,-50,6.16,40,-0.04,,,
1.4840e-06,-50,6.08,-40,0,,,
1.4844e-06,-54,6,40,-0.04,,,
1.4848e-06,-54,6,40,-0.04,,,
1.4852e-06,-50,6,-40,-0.08,,,
1.4856e-06,-50,5.92,40,-0.04,,,
1.4860e-06,-46,6,120,0.04,,,
1.4864e-06,-50,6,40,0.04,,,
1.4868e-06,-50,6.08,40,0,,,
1.4872e-06,-46,6,-40,0,,,
1.4876e-06,-46,5.92,40,0,,,
1.4880e-06,-46,6,40,0,,,
1.4884e-06,-50,5.92,-40,0.04,,,
1.4888e-06,-46,5.92,-40,0.04,,,
1.4892e-06,-46,5.92,40,0,,,
1.4896e-06,-50,5.92,40,0,,,
1.4900e-06,-46,6,40,0.04,,,
1.4904e-06,-50,6,-40,0,,,
1.4908e-06,-50,5.84,40,0,,,
1.4912e-06,-50,5.84,40,0,,,
1.4916e-06,-50,5.92,40,0,,,
1.4920e-06,-50,5.84,40,0,,,
1.4924e-06,-46,5.92,-40,0.04,,,
1.4928e-06,-50,5.84,40,0.04,,,
1.4932e-06,-54,5.84,-40,0,,,
1.4936e-06,-54,5.76,-40,0,,,
1.4940e-06,-54,5.84,40,0,,,
1.4944e-06,-54,5.84,40,-0.04,,,
1.4948e-06,-50,5.76,40,0.04,,,
1.4952e-06,-54,5.76,40,0,,,
1.4956e-06,-58,5.76,-40,0,,,
1.4960e-06,-58,5.76,40,0,,,
1.4964e-06,-58,5.68,40,0,,,
1.4968e-06,-54,5.76,40,0.04,,,
1.4972e-06,-58,5.68,40,-0.04,,,
1.4976e-06,-54,5.76,40,0,,,
1.4980e-06,-58,5.76,-40,0,,,
1.4984e-06,-58,5.6,-40,0,,,
1.4988e-06,-62,5.68,40,0.04,,,
1.4992e-06,-54,5.76,-40,0.04,,,
1.4996e-06,-54,5.68,40,0.04,,,
1.5000e-06,-54,5.68,40,0.04,,,
1.5004e-06,-50,5.6,40,0.04,,,
1.5008e-06,-54,5.68,-40,0.04,,,
1.5012e-06,-50,5.68,40,0,,,
1.5016e-06,-50,5.6,40,0.04,,,
1.5020e-06,-50,5.52,-40,0.04,,,
1.5024e-06,-46,5.6,-40,0.04,,,
1.5028e-06,-46,5.6,40,0.04,,,
1.5032e-06,-46,5.68,40,0.04,,,
1.5036e-06,-50,5.76,40,0,,,
1.5040e-06,-46,5.76,40,0.04,,,
1.5044e-06,-46,5.6,-40,0,,,
1.5048e-06,-46,5.6,40,0,,,
1.5052e-06,-50,5.6,-40,0,,,
1.5056e-06,-46,5.52,40,-0.04,,,
1.5060e-06,-50,5.68,40,-0.04,,,
1.5064e-06,-46,5.68,-40,0,,,
1.5068e-06,-50,5.6,40,0,,,
1.5072e-06,-50,5.6,40,0,,,
1.5076e-06,-50,5.52,40,0.04,,,
1.5080e-06,-54,5.52,40,-0.04,,,
1.5084e-06,-50,5.6,-40,0,,,
1.5088e-06,-54,5.52,-120,0,,,
1.5092e-06,-54,5.52,-40,0,,,
1.5096e-06,-50,5.6,40,0,,,
1.5100e-06,-54,5.6,40,0,,,
1.5104e-06,-58,5.68,40,0,,,
1.5108e-06,-58,5.6,120,0,,,
1.5112e-06,-58,5.68,40,0,,,
1.5116e-06,-54,5.6,-40,-0.04,,,
1.5120e-06,-58,5.6,-40,0,,,
1.5124e-06,-50,5.6,40,0,,,
1.5128e-06,-50,5.52,40,0,,,
1.5132e-06,-50,5.6,40,-0.04,,,
1.5136e-06,-50,5.52,40,-0.08,,,
1.5140e-06,-54,5.52,40,-0.04,,,
1.5144e-06,-50,5.52,40,0.04,,,
1.5148e-06,-50,5.44,40,-0.04,,,
1.5152e-06,-50,5.52,40,-0.08,,,
1.5156e-06,-50,5.52,40,-0.04,,,
1.5160e-06,-50,5.68,-120,0,,,
1.5164e-06,-54,5.6,120,-0.04,,,
1.5168e-06,-50,5.68,40,0,,,
1.5172e-06,-46,5.6,40,-0.04,,,
1.5176e-06,-46,5.6,40,-0.04,,,
1.5180e-06,-46,5.6,40,-0.04,,,
1.5184e-06,-46,5.6,40,-0.04,,,
1.5188e-06,-50,5.52,40,0,,,
1.5192e-06,-46,5.52,40,-0.08,,,
1.5196e-06,-50,5.6,120,-0.08,,,
1.5200e-06,-46,5.6,40,-0.08,,,
1.5204e-06,-46,5.6,-40,-0.08,,,
1.5208e-06,-50,5.68,-40,-0.04,,,
1.5212e-06,-46,5.6,40,0,,,
1.5216e-06,-46,5.68,40,-0.04,,,
1.5220e-06,-46,5.76,40,-0.04,,,
1.5224e-06,-50,5.76,120,-0.04,,,
1.5228e-06,-46,5.76,40,-0.04,,,
1.5232e-06,-46,5.76,-40,-0.04,,,
1.5236e-06,-50,5.68,-40,-0.04,,,
1.5240e-06,-50,5.76,40,-0.08,,,
1.5244e-06,-46,5.68,40,-0.04,,,
1.5248e-06,-50,5.76,40,-0.08,,,
1.5252e-06,-46,5.76,40,-0.04,,,
1.5256e-06,-50,5.76,40,-0.04,,,
1.5260e-06,-50,5.68,-40,-0.08,,,
1.5264e-06,-50,5.68,40,0,,,
1.5268e-06,-54,5.68,40,0,,,
1.5272e-06,-50,5.76,40,-0.04,,,
1.5276e-06,-54,5.84,40,-0.04,,,
1.5280e-06,-54,5.68,40,-0.04,,,
1.5284e-06,-54,5.84,-40,0,,,
1.5288e-06,-54,5.76,40,-0.04,,,
1.5292e-06,-54,5.76,40,0,,,
1.5296e-06,-54,5.84,40,0,,,
1.5300e-06,-54,5.84,-40,-0.04,,,
1.5304e-06,-54,5.84,40,-0.04,,,
1.5308e-06,-50,5.84,-40,-0.04,,,
1.5312e-06,-54,5.84,-40,-0.04,,,
1.5316e-06,-58,5.84,40,-0.04,,,
1.5320e-06,-54,5.84,-40,-0.04,,,
1.5324e-06,-54,5.84,40,-0.04,,,
1.5328e-06,-50,5.84,120,0.04,,,
1.5332e-06,-50,5.84,120,0,,,
1.5336e-06,-50,5.84,40,-0.04,,,
1.5340e-06,-50,5.84,40,-0.04,,,
1.5344e-06,-50,5.84,40,-0.04,,,
1.5348e-06,-50,5.84,-40,-0.04,,,
1.5352e-06,-54,5.84,40,-0.08,,,
1.5356e-06,-50,5.84,40,0,,,
1.5360e-06,-50,5.84,-40,0.04,,,
1.5364e-06,-50,5.76,40,0,,,
1.5368e-06,-50,5.84,40,0,,,
1.5372e-06,-54,5.84,40,0,,,
1.5376e-06,-50,5.84,40,-0.08,,,
1.5380e-06,-50,5.84,120,-0.04,,,
1.5384e-06,-46,5.84,40,0.04,,,
1.5388e-06,-46,5.76,40,0.04,,,
1.5392e-06,-54,5.92,40,0,,,
1.5396e-06,-50,5.76,120,-0.04,,,
1.5400e-06,-50,5.76,40,0,,,
1.5404e-06,-58,5.76,-40,0.04,,,
1.5408e-06,-54,5.84,120,-0.04,,,
1.5412e-06,-54,5.76,40,0,,,
1.5416e-06,-50,5.76,40,0,,,
1.5420e-06,-54,5.68,40,0,,,
1.5424e-06,-54,5.6,-40,0,,,
1.5428e-06,-54,5.6,40,0.04,,,
1.5432e-06,-58,5.6,40,-0.04,,,
1.5436e-06,-62,5.68,40,0.04,,,
1.5440e-06,-54,5.68,40,0.04,,,
1.5444e-06,-58,5.6,40,0,,,
1.5448e-06,-54,5.52,40,0,,,
1.5452e-06,-54,5.68,120,0.08,,,
1.5456e-06,-54,5.6,-40,0,,,
1.5460e-06,-54,5.68,-40,0,,,
1.5464e-06,-58,5.6,-40,0,,,
1.5468e-06,-54,5.6,40,0,,,
1.5472e-06,-58,5.6,40,0.04,,,
1.5476e-06,-54,5.52,120,0,,,
1.5480e-06,-50,5.52,40,0,,,
1.5484e-06,-58,5.44,40,0,,,
1.5488e-06,-50,5.44,-40,0.04,,,
1.5492e-06,-54,5.52,40,0,,,
1.5496e-06,-54,5.52,40,0.04,,,
1.5500e-06,-54,5.52,40,0.04,,,
1.5504e-06,-54,5.44,40,0,,,
1.5508e-06,-50,5.44,40,0.04,,,
1.5512e-06,-50,5.44,-40,0.04,,,
1.5516e-06,-50,5.44,40,0.04,,,
1.5520e-06,-54,5.44,40,0,,,
1.5524e-06,-50,5.44,40,0.04,,,
1.5528e-06,-54,5.44,40,0.04,,,
1.5532e-06,-54,5.44,-40,0.04,,,
1.5536e-06,-58,5.44,40,-0.04,,,
1.5540e-06,-54,5.44,-40,0,,,
1.5544e-06,-58,5.44,40,0.04,,,
1.5548e-06,-58,5.36,120,0,,,
1.5552e-06,-58,5.44,120,0.04,,,
1.5556e-06,-58,5.44,40,0,,,
1.5560e-06,-58,5.52,-40,0,,,
1.5564e-06,-54,5.44,-40,-0.04,,,
1.5568e-06,-54,5.36,40,0.04,,,
1.5572e-06,-54,5.36,40,-0.04,,,
1.5576e-06,-58,5.36,40,-0.04,,,
1.5580e-06,-54,5.36,-40,-0.04,,,
1.5584e-06,-54,5.44,-40,0.04,,,
1.5588e-06,-54,5.28,-40,0,,,
1.5592e-06,-54,5.36,40,0,,,
1.5596e-06,-54,5.36,-40,0,,,
1.5600e-06,-58,5.36,40,0.04,,,
1.5604e-06,-54,5.36,-40,-0.04,,,
1.5608e-06,-54,5.36,40,0,,,
1.5612e-06,-54,5.28,40,-0.04,,,
1.5616e-06,-54,5.36,40,-0.04,,,
1.5620e-06,-54,5.36,40,0,,,
1.5624e-06,-54,5.28,40,-0.04,,,
1.5628e-06,-50,5.44,40,-0.04,,,
1.5632e-06,-50,5.36,120,0.04,,,
1.5636e-06,-54,5.36,-40,-0.04,,,
1.5640e-06,-50,5.36,40,-0.04,,,
1.5644e-06,-54,5.36,40,-0.04,,,
1.5648e-06,-46,5.44,-40,-0.04,,,
1.5652e-06,-38,5.36,40,-0.04,,,
1.5656e-06,-38,5.36,120,0,,,
1.5660e-06,-42,5.44,40,0,,,
1.5664e-06,-42,5.36,40,-0.08,,,
1.5668e-06,-46,5.36,-40,-0.04,,,
1.5672e-06,-50,5.36,-40,0,,,
1.5676e-06,-50,5.36,40,-0.08,,,
1.5680e-06,-46,5.36,-40,-0.04,,,
1.5684e-06,-46,5.36,-40,-0.12,,,
1.5688e-06,-54,5.28,40,-0.08,,,
1.5692e-06,-50,5.28,120,-0.04,,,
1.5696e-06,-50,5.28,40,-0.04,,,
1.5700e-06,-50,5.44,-40,-0.08,,,
1.5704e-06,-50,5.36,-40,-0.08,,,
1.5708e-06,-58,5.36,-40,-0.04,,,
1.5712e-06,-50,5.36,-40,-0.04,,,
1.5716e-06,-50,5.36,40,-0.04,,,
1.5720e-06,-50,5.44,120,-0.04,,,
1.5724e-06,-50,5.44,40,-0.08,,,
1.5728e-06,-54,5.36,120,0,,,
1.5732e-06,-58,5.36,120,-0.04,,,
1.5736e-06,-54,5.44,40,-0.04,,,
1.5740e-06,-54,5.44,40,-0.04,,,
1.5744e-06,-58,5.36,40,-0.04,,,
1.5748e-06,-54,5.44,40,-0.08,,,
1.5752e-06,-50,5.28,-40,-0.04,,,
1.5756e-06,-54,5.36,40,-0.08,,,
1.5760e-06,-54,5.36,40,-0.08,,,
1.5764e-06,-58,5.36,120,-0.08,,,
1.5768e-06,-58,5.36,40,-0.12,,,
1.5772e-06,-50,5.44,40,0,,,
1.5776e-06,-54,5.44,-40,-0.08,,,
1.5780e-06,-54,5.44,40,-0.04,,,
1.5784e-06,-54,5.52,40,-0.04,,,
1.5788e-06,-46,5.44,40,0,,,
1.5792e-06,-50,5.44,-40,-0.04,,,
1.5796e-06,-50,5.44,120,-0.08,,,
1.5800e-06,-54,5.44,40,-0.08,,,
1.5804e-06,-54,5.52,120,-0.04,,,
1.5808e-06,-54,5.44,40,-0.04,,,
1.5812e-06,-58,5.44,120,-0.04,,,
1.5816e-06,-54,5.44,40,-0.04,,,
1.5820e-06,-54,5.52,40,-0.08,,,
1.5824e-06,-50,5.6,-40,-0.04,,,
1.5828e-06,-54,5.6,40,-0.04,,,
1.5832e-06,-50,5.6,40,-0.08,,,
1.5836e-06,-54,5.6,120,-0.08,,,
1.5840e-06,-50,5.52,40,0,,,
1.5844e-06,-54,5.52,40,-0.04,,,
1.5848e-06,-58,5.52,-40,-0.04,,,
1.5852e-06,-54,5.6,-40,-0.04,,,
1.5856e-06,-54,5.6,40,-0.04,,,
1.5860e-06,-50,5.6,120,-0.04,,,
1.5864e-06,-50,5.52,40,-0.04,,,
1.5868e-06,-50,5.6,40,-0.04,,,
1.5872e-06,-54,5.68,40,-0.04,,,
1.5876e-06,-50,5.6,40,-0.04,,,
1.5880e-06,-50,5.6,120,-0.04,,,
1.5884e-06,-54,5.6,-40,0,,,
1.5888e-06,-54,5.6,-40,-0.08,,,
1.5892e-06,-54,5.44,40,0,,,
1.5896e-06,-54,5.6,40,-0.04,,,
1.5900e-06,-58,5.52,40,0,,,
1.5904e-06,-62,5.52,40,0,,,
1.5908e-06,-58,5.6,40,0,,,
1.5912e-06,-54,5.6,-40,-0.04,,,
1.5916e-06,-58,5.6,40,0.04,,,
1.5920e-06,-58,5.6,40,0,,,
1.5924e-06,-58,5.6,40,0.04,,,
1.5928e-06,-58,5.6,-40,0,,,
1.5932e-06,-58,5.6,40,0,,,
1.5936e-06,-58,5.6,40,0.04,,,
1.5940e-06,-62,5.52,40,0,,,
1.5944e-06,-58,5.6,120,0,,,
1.5948e-06,-62,5.6,40,0,,,
1.5952e-06,-58,5.6,-40,0,,,
1.5956e-06,-54,5.6,40,0.04,,,
1.5960e-06,-58,5.52,40,-0.04,,,
1.5964e-06,-54,5.52,-40,0,,,
1.5968e-06,-54,5.52,40,0,,,
1.5972e-06,-54,5.44,120,0.04,,,
1.5976e-06,-54,5.44,40,0.08,,,
1.5980e-06,-62,5.52,-40,0.04,,,
1.5984e-06,-50,5.6,-40,0.08,,,
1.5988e-06,-54,5.44,-40,0.04,,,
1.5992e-06,-58,5.44,40,0.04,,,
1.5996e-06,-54,5.36,40,0.04,,,
1.6000e-06,-58,5.36,40,0.04,,,
1.6004e-06,-54,5.44,40,0,,,
1.6008e-06,-54,5.36,40,0.04,,,
1.6012e-06,-54,5.36,40,0.04,,,
1.6016e-06,-50,5.44,40,0,,,
1.6020e-06,-50,5.28,40,-0.04,,,
1.6024e-06,-58,5.28,-40,0,,,
1.6028e-06,-54,5.28,40,-0.04,,,
1.6032e-06,-54,5.28,-40,0.04,,,
1.6036e-06,-58,5.28,-40,0.08,,,
1.6040e-06,-58,5.36,40,0.04,,,
1.6044e-06,-58,5.28,40,0,,,
1.6048e-06,-58,5.28,40,0,,,
1.6052e-06,-58,5.28,40,0,,,
1.6056e-06,-50,5.28,40,0.04,,,
1.6060e-06,-58,5.12,40,0.04,,,
1.6064e-06,-58,5.2,40,0.08,,,
1.6068e-06,-54,5.2,40,0.04,,,
1.6072e-06,-54,5.2,40,0.04,,,
1.6076e-06,-54,5.12,-40,0.04,,,
1.6080e-06,-54,5.2,-40,0.04,,,
1.6084e-06,-54,5.12,40,0.08,,,
1.6088e-06,-54,5.12,40,0,,,
1.6092e-06,-50,5.12,40,0,,,
1.6096e-06,-50,5.2,40,0.04,,,
1.6100e-06,-54,5.2,40,0.04,,,
1.6104e-06,-50,5.12,40,0.04,,,
1.6108e-06,-50,5.12,40,0.04,,,
1.6112e-06,-54,5.12,40,0.04,,,
1.6116e-06,-50,5.12,40,0.04,,,
1.6120e-06,-50,5.2,40,0,,,
1.6124e-06,-50,5.2,-120,0,,,
1.6128e-06,-50,5.2,-40,0,,,
1.6132e-06,-50,5.12,40,0,,,
1.6136e-06,-54,5.04,40,0,,,
1.6140e-06,-54,5.12,40,0,,,
1.6144e-06,-50,5.12,-40,0,,,
1.6148e-06,-54,5.04,120,0.04,,,
1.6152e-06,-54,5.04,40,0.04,,,
1.6156e-06,-58,5.04,40,0,,,
1.6160e-06,-58,4.96,40,0,,,
1.6164e-06,-54,5.04,40,0,,,
1.6168e-06,-54,5.04,40,0,,,
1.6172e-06,-54,5.04,40,0,,,
1.6176e-06,-58,5.04,-40,0,,,
1.6180e-06,-54,5.04,40,0,,,
1.6184e-06,-58,5.04,40,-0.04,,,
1.6188e-06,-54,5.04,40,0,,,
1.6192e-06,-58,5.04,40,-0.04,,,
1.6196e-06,-54,4.88,40,-0.04,,,
1.6200e-06,-58,5.04,40,-0.04,,,
1.6204e-06,-58,5.04,-40,0,,,
1.6208e-06,-50,5.04,40,-0.04,,,
1.6212e-06,-54,5.2,120,0,,,
1.6216e-06,-58,5.12,-40,-0.08,,,
1.6220e-06,-50,5.04,-40,-0.08,,,
1.6224e-06,-54,5.04,40,0,,,
1.6228e-06,-54,5.12,120,-0.04,,,
1.6232e-06,-50,5.12,40,-0.04,,,
1.6236e-06,-54,5.04,40,-0.04,,,
1.6240e-06,-50,4.96,40,-0.04,,,
1.6244e-06,-54,5.12,40,0,,,
1.6248e-06,-50,5.04,-40,-0.04,,,
1.6252e-06,-50,5.12,-40,0,,,
1.6256e-06,-50,5.12,40,0,,,
1.6260e-06,-50,5.04,40,0,,,
1.6264e-06,-50,5.04,40,-0.04,,,
1.6268e-06,-54,5.12,-40,0.04,,,
1.6272e-06,-54,5.12,-40,-0.08,,,
1.6276e-06,-50,5.2,40,-0.04,,,
1.6280e-06,-50,5.12,40,-0.08,,,
1.6284e-06,-54,5.2,40,-0.04,,,
1.6288e-06,-58,5.2,40,-0.04,,,
1.6292e-06,-58,5.12,40,-0.04,,,
1.6296e-06,-58,5.12,40,-0.04,,,
1.6300e-06,-54,5.04,40,-0.12,,,
1.6304e-06,-54,5.04,40,-0.08,,,
1.6308e-06,-54,5.2,40,-0.04,,,
1.6312e-06,-58,5.12,40,-0.04,,,
1.6316e-06,-54,5.12,40,-0.08,,,
1.6320e-06,-58,5.04,120,-0.04,,,
1.6324e-06,-58,5.2,40,-0.04,,,
1.6328e-06,-58,5.12,40,0,,,
1.6332e-06,-58,5.04,40,-0.08,,,
1.6336e-06,-58,5.12,40,-0.04,,,
1.6340e-06,-58,5.12,120,-0.08,,,
1.6344e-06,-58,5.2,-40,-0.04,,,
1.6348e-06,-58,5.2,40,-0.04,,,
1.6352e-06,-58,5.12,40,-0.08,,,
1.6356e-06,-58,5.2,-40,-0.04,,,
1.6360e-06,-54,5.2,40,-0.08,,,
1.6364e-06,-50,5.12,-40,-0.08,,,
1.6368e-06,-50,5.2,40,-0.04,,,
1.6372e-06,-50,5.2,40,-0.08,,,
1.6376e-06,-54,5.2,120,-0.08,,,
1.6380e-06,-58,5.2,-40,-0.08,,,
1.6384e-06,-54,5.12,40,-0.04,,,
1.6388e-06,-54,5.12,-40,-0.04,,,
1.6392e-06,-54,5.12,40,0,,,
1.6396e-06,-54,5.2,-40,0,,,
1.6400e-06,-54,5.04,40,-0.04,,,
1.6404e-06,-54,5.04,40,-0.04,,,
1.6408e-06,-58,5.12,40,-0.04,,,
1.6412e-06,-54,5.2,40,-0.04,,,
1.6416e-06,-54,5.12,-40,0,,,
1.6420e-06,-54,5.2,40,-0.04,,,
1.6424e-06,-58,5.2,-40,-0.04,,,
1.6428e-06,-54,5.2,40,-0.04,,,
1.6432e-06,-58,5.28,40,-0.04,,,
1.6436e-06,-54,5.2,120,0,,,
1.6440e-06,-58,5.2,40,0,,,
1.6444e-06,-58,5.2,-40,-0.04,,,
1.6448e-06,-58,5.2,120,-0.04,,,
1.6452e-06,-58,5.2,40,-0.04,,,
1.6456e-06,-58,5.2,40,-0.04,,,
1.6460e-06,-58,5.28,-40,-0.04,,,
1.6464e-06,-58,5.2,-40,-0.04,,,
1.6468e-06,-54,5.2,40,0,,,
1.6472e-06,-58,5.2,-40,-0.04,,,
1.6476e-06,-54,5.28,-40,-0.04,,,
1.6480e-06,-58,5.28,40,-0.04,,,
1.6484e-06,-58,5.28,40,0.04,,,
1.6488e-06,-58,5.2,-40,-0.04,,,
1.6492e-06,-54,5.2,40,0,,,
1.6496e-06,-58,5.2,40,-0.04,,,
1.6500e-06,-58,5.12,40,0,,,
1.6504e-06,-54,5.2,40,0,,,
1.6508e-06,-58,5.2,40,0,,,
1.6512e-06,-54,5.2,40,0,,,
1.6516e-06,-54,5.12,40,0.04,,,
1.6520e-06,-58,5.2,-40,0.04,,,
1.6524e-06,-54,5.2,-40,0,,,
1.6528e-06,-54,5.12,40,0.08,,,
1.6532e-06,-54,5.28,40,0,,,
1.6536e-06,-58,5.28,40,0,,,
1.6540e-06,-58,5.12,-40,0,,,
1.6544e-06,-54,5.2,40,-0.04,,,
1.6548e-06,-58,5.12,40,-0.04,,,
1.6552e-06,-54,5.2,-40,0.04,,,
1.6556e-06,-58,5.2,40,0,,,
1.6560e-06,-58,5.12,-40,0,,,
1.6564e-06,-58,5.12,40,0,,,
1.6568e-06,-62,5.04,-40,0,,,
1.6572e-06,-58,4.96,-40,0.04,,,
1.6576e-06,-54,5.04,40,0,,,
1.6580e-06,-54,5.04,-40,0,,,
1.6584e-06,-54,5.04,-40,-0.04,,,
1.6588e-06,-54,5.12,40,0,,,
1.6592e-06,-62,5.12,40,0,,,
1.6596e-06,-58,5.12,40,0,,,
1.6600e-06,-62,5.04,40,0.04,,,
1.6604e-06,-58,4.96,-40,0.04,,,
1.6608e-06,-58,4.96,40,0.04,,,
1.6612e-06,-58,5.04,40,-0.04,,,
1.6616e-06,-58,5.04,40,0.04,,,
1.6620e-06,-58,4.96,40,0.04,,,
1.6624e-06,-54,4.96,40,0.04,,,
1.6628e-06,-58,4.96,120,0,,,
1.6632e-06,-54,4.96,-40,-0.04,,,
1.6636e-06,-54,4.88,40,0,,,
1.6640e-06,-58,4.88,-40,0.04,,,
1.6644e-06,-58,4.88,-40,-0.04,,,
1.6648e-06,-58,4.88,-40,0,,,
1.6652e-06,-54,4.96,40,0,,,
1.6656e-06,-54,4.88,40,0,,,
1.6660e-06,-54,4.88,40,-0.04,,,
1.6664e-06,-58,4.8,-40,0.04,,,
1.6668e-06,-58,4.8,120,0,,,
1.6672e-06,-58,4.88,40,0,,,
1.6676e-06,-58,4.88,-40,0,,,
1.6680e-06,-58,4.88,-40,0,,,
1.6684e-06,-54,4.8,-40,0,,,
1.6688e-06,-54,4.8,40,-0.04,,,
1.6692e-06,-58,4.8,40,0,,,
1.6696e-06,-54,4.8,40,0.04,,,
1.6700e-06,-58,4.8,40,0.04,,,
1.6704e-06,-58,4.8,120,0,,,
1.6708e-06,-54,4.8,40,0,,,
1.6712e-06,-54,4.8,40,0,,,
1.6716e-06,-54,4.8,40,0,,,
1.6720e-06,-58,4.72,-40,0,,,
1.6724e-06,-54,4.72,120,0,,,
1.6728e-06,-58,4.8,-40,0,,,
1.6732e-06,-58,4.72,120,0,,,
1.6736e-06,-54,4.72,-40,0,,,
1.6740e-06,-50,4.72,-40,0,,,
1.6744e-06,-58,4.72,-40,-0.04,,,
1.6748e-06,-58,4.64,-40,-0.04,,,
1.6752e-06,-54,4.64,40,-0.04,,,
1.6756e-06,-54,4.72,-40,-0.04,,,
1.6760e-06,-54,4.8,40,-0.04,,,
1.6764e-06,-54,4.64,-40,-0.04,,,
1.6768e-06,-54,4.8,-40,0,,,
1.6772e-06,-54,4.8,-40,0,,,
1.6776e-06,-58,4.88,40,-0.04,,,
1.6780e-06,-58,4.8,40,0,,,
1.6784e-06,-58,4.8,40,-0.04,,,
1.6788e-06,-54,4.8,40,0,,,
1.6792e-06,-58,4.8,40,-0.08,,,
1.6796e-06,-58,4.72,40,-0.08,,,
1.6800e-06,-58,4.72,40,0,,,
1.6804e-06,-58,4.8,120,-0.08,,,
1.6808e-06,-58,4.8,40,-0.08,,,
1.6812e-06,-58,4.8,-40,-0.08,,,
1.6816e-06,-58,4.8,40,-0.08,,,
1.6820e-06,-58,4.88,120,-0.04,,,
1.6824e-06,-54,4.8,-40,-0.04,,,
1.6828e-06,-58,4.72,-40,0,,,
1.6832e-06,-58,4.88,-40,0,,,
1.6836e-06,-58,4.88,-40,-0.08,,,
1.6840e-06,-54,4.8,40,-0.08,,,
1.6844e-06,-54,4.88,40,-0.08,,,
1.6848e-06,-54,4.88,-40,-0.04,,,
1.6852e-06,-58,4.88,40,-0.08,,,
1.6856e-06,-54,4.88,-40,-0.08,,,
1.6860e-06,-54,4.88,40,-0.04,,,
1.6864e-06,-58,4.88,40,-0.04,,,
1.6868e-06,-58,4.88,40,-0.04,,,
1.6872e-06,-58,4.88,40,-0.04,,,
1.6876e-06,-58,4.8,120,-0.04,,,
1.6880e-06,-58,4.8,40,-0.04,,,
1.6884e-06,-58,4.8,40,0,,,
1.6888e-06,-58,4.8,40,-0.04,,,
1.6892e-06,-54,4.8,120,-0.04,,,
1.6896e-06,-58,4.8,40,-0.04,,,
1.6900e-06,-58,4.8,-40,-0.04,,,
1.6904e-06,-58,4.8,-40,-0.08,,,
1.6908e-06,-58,4.8,40,-0.12,,,
1.6912e-06,-54,4.8,-40,-0.04,,,
1.6916e-06,-54,4.8,-40,0,,,
1.6920e-06,-54,4.8,40,-0.04,,,
1.6924e-06,-58,4.88,40,-0.04,,,
1.6928e-06,-54,4.88,120,-0.08,,,
1.6932e-06,-54,4.8,120,-0.08,,,
1.6936e-06,-54,4.8,120,-0.12,,,
1.6940e-06,-58,4.88,40,-0.08,,,
1.6944e-06,-58,4.8,120,-0.08,,,
1.6948e-06,-58,4.88,-40,-0.04,,,
1.6952e-06,-58,4.8,40,-0.04,,,
1.6956e-06,-62,4.8,40,-0.04,,,
1.6960e-06,-58,4.8,120,0,,,
1.6964e-06,-58,4.8,40,-0.08,,,
1.6968e-06,-58,4.8,-40,-0.04,,,
1.6972e-06,-58,4.8,40,-0.04,,,
1.6976e-06,-54,4.72,-40,-0.08,,,
1.6980e-06,-58,4.8,40,0,,,
1.6984e-06,-62,4.88,40,0,,,
1.6988e-06,-58,4.8,40,-0.04,,,
1.6992e-06,-58,4.8,40,-0.04,,,
1.6996e-06,-58,4.8,-40,0,,,
1.7000e-06,-58,4.8,40,0.04,,,
1.7004e-06,-54,4.8,-40,-0.04,,,
1.7008e-06,-58,4.8,-40,-0.04,,,
1.7012e-06,-58,4.88,40,-0.04,,,
1.7016e-06,-62,4.8,40,-0.04,,,
1.7020e-06,-54,4.88,40,-0.04,,,
1.7024e-06,-54,4.88,40,0,,,
1.7028e-06,-58,4.8,40,0,,,
1.7032e-06,-58,4.8,120,0,,,
1.7036e-06,-58,4.8,-40,-0.04,,,
1.7040e-06,-58,4.8,40,-0.04,,,
1.7044e-06,-58,4.88,40,-0.08,,,
1.7048e-06,-58,4.72,40,-0.04,,,
1.7052e-06,-62,4.8,40,0,,,
1.7056e-06,-54,4.8,40,0,,,
1.7060e-06,-58,4.8,40,0,,,
1.7064e-06,-58,4.8,-120,-0.04,,,
1.7068e-06,-58,4.72,-120,0,,,
1.7072e-06,-62,4.72,-120,0.04,,,
1.7076e-06,-58,4.8,40,-0.04,,,
1.7080e-06,-58,4.88,-40,0,,,
1.7084e-06,-62,4.8,40,0.04,,,
1.7088e-06,-58,4.8,40,0,,,
1.7092e-06,-58,4.8,-40,0,,,
1.7096e-06,-58,4.72,40,0,,,
1.7100e-06,-58,4.72,40,0.04,,,
1.7104e-06,-58,4.8,-40,0,,,
1.7108e-06,-58,4.72,120,-0.04,,,
1.7112e-06,-58,4.72,-40,-0.04,,,
1.7116e-06,-58,4.72,-40,-0.04,,,
1.7120e-06,-58,4.72,-40,0,,,
1.7124e-06,-58,4.72,40,0,,,
1.7128e-06,-58,4.72,40,0,,,
1.7132e-06,-58,4.72,40,-0.04,,,
1.7136e-06,-58,4.72,40,0.04,,,
1.7140e-06,-58,4.72,-40,0,,,
1.7144e-06,-58,4.72,120,-0.04,,,
1.7148e-06,-58,4.64,-40,0,,,
1.7152e-06,-58,4.64,40,0,,,
1.7156e-06,-62,4.64,40,0.04,,,
1.7160e-06,-58,4.64,120,0.04,,,
1.7164e-06,-58,4.72,40,0,,,
1.7168e-06,-58,4.64,40,0,,,
1.7172e-06,-62,4.64,40,0,,,
1.7176e-06,-58,4.72,-40,0.04,,,
1.7180e-06,-58,4.64,40,0.04,,,
1.7184e-06,-58,4.64,40,0.04,,,
1.7188e-06,-58,4.56,40,0,,,
1.7192e-06,-58,4.64,120,0,,,
1.7196e-06,-58,4.56,40,0,,,
1.7200e-06,-58,4.64,40,0,,,
1.7204e-06,-62,4.64,-40,0.04,,,
1.7208e-06,-58,4.56,-40,0,,,
1.7212e-06,-62,4.56,40,0,,,
1.7216e-06,-58,4.64,40,-0.04,,,
1.7220e-06,-58,4.56,40,0,,,
1.7224e-06,-58,4.48,-40,0,,,
1.7228e-06,-58,4.56,40,0.04,,,
1.7232e-06,-58,4.56,40,0.04,,,
1.7236e-06,-58,4.56,40,-0.04,,,
1.7240e-06,-62,4.56,40,0,,,
1.7244e-06,-58,4.48,40,-0.04,,,
1.7248e-06,-54,4.4,40,0,,,
1.7252e-06,-58,4.48,40,-0.04,,,
1.7256e-06,-58,4.48,-40,0,,,
1.7260e-06,-54,4.4,-40,0,,,
1.7264e-06,-58,4.56,-40,0,,,
1.7268e-06,-58,4.48,40,0.04,,,
1.7272e-06,-58,4.48,-40,0,,,
1.7276e-06,-58,4.48,-40,-0.04,,,
1.7280e-06,-62,4.4,40,-0.08,,,
1.7284e-06,-54,4.4,40,-0.08,,,
1.7288e-06,-54,4.32,40,0,,,
1.7292e-06,-54,4.4,40,-0.08,,,
1.7296e-06,-58,4.4,40,-0.08,,,
1.7300e-06,-58,4.4,40,-0.04,,,
1.7304e-06,-54,4.32,-40,-0.04,,,
1.7308e-06,-54,4.4,40,-0.04,,,
1.7312e-06,-54,4.32,40,0,,,
1.7316e-06,-58,4.4,-40,0,,,
1.7320e-06,-58,4.32,-40,0.04,,,
1.7324e-06,-58,4.32,-40,0,,,
1.7328e-06,-54,4.48,40,-0.08,,,
1.7332e-06,-58,4.4,40,0,,,
1.7336e-06,-58,4.48,40,-0.04,,,
1.7340e-06,-58,4.48,-40,-0.08,,,
1.7344e-06,-58,4.4,40,-0.04,,,
1.7348e-06,-54,4.4,-40,-0.04,,,
1.7352e-06,-54,4.4,40,-0.08,,,
1.7356e-06,-58,4.32,120,-0.04,,,
1.7360e-06,-54,4.4,-40,0,,,
1.7364e-06,-58,4.4,-40,0.04,,,
1.7368e-06,-54,4.56,40,0,,,
1.7372e-06,-62,4.4,40,-0.08,,,
1.7376e-06,-58,4.56,120,-0.08,,,
1.7380e-06,-54,4.48,40,-0.04,,,
1.7384e-06,-58,4.48,40,-0.04,,,
1.7388e-06,-58,4.4,40,-0.04,,,
1.7392e-06,-54,4.48,40,0,,,
1.7396e-06,-58,4.4,40,-0.08,,,
1.7400e-06,-58,4.48,40,0,,,
1.7404e-06,-58,4.48,-40,-0.08,,,
1.7408e-06,-58,4.48,40,0,,,
1.7412e-06,-58,4.48,40,-0.04,,,
1.7416e-06,-58,4.56,-40,-0.04,,,
1.7420e-06,-58,4.48,40,-0.08,,,
1.7424e-06,-62,4.48,40,-0.04,,,
1.7428e-06,-58,4.48,120,-0.04,,,
1.7432e-06,-58,4.48,40,-0.04,,,
1.7436e-06,-58,4.48,120,-0.08,,,
1.7440e-06,-58,4.48,40,0,,,
1.7444e-06,-58,4.4,40,-0.04,,,
1.7448e-06,-62,4.48,40,-0.04,,,
1.7452e-06,-58,4.48,-40,-0.08,,,
1.7456e-06,-58,4.48,40,-0.08,,,
1.7460e-06,-62,4.32,-40,-0.08,,,
1.7464e-06,-58,4.4,40,-0.04,,,
1.7468e-06,-58,4.4,40,-0.04,,,
1.7472e-06,-58,4.4,40,0.04,,,
1.7476e-06,-62,4.4,40,0,,,
1.7480e-06,-58,4.4,-40,0,,,
1.7484e-06,-62,4.4,-40,-0.04,,,
1.7488e-06,-58,4.4,40,-0.04,,,
1.7492e-06,-62,4.32,40,-0.04,,,
1.7496e-06,-58,4.4,-40,0,,,
1.7500e-06,-58,4.4,40,-0.08,,,
1.7504e-06,-58,4.4,-40,-0.04,,,
1.7508e-06,-62,4.4,-40,0,,,
1.7512e-06,-62,4.4,40,0,,,
1.7516e-06,-58,4.48,40,0,,,
1.7520e-06,-62,4.32,40,0,,,
1.7524e-06,-58,4.24,40,-0.04,,,
1.7528e-06,-58,4.4,40,-0.04,,,
1.7532e-06,-62,4.32,40,0,,,
1.7536e-06,-62,4.32,40,0,,,
1.7540e-06,-66,4.24,40,0,,,
1.7544e-06,-58,4.32,40,0,,,
1.7548e-06,-62,4.24,-40,0.04,,,
1.7552e-06,-62,4.24,40,0,,,
1.7556e-06,-62,4.24,40,-0.04,,,
1.7560e-06,-62,4.4,-40,0,,,
1.7564e-06,-58,4.32,40,-0.08,,,
1.7568e-06,-58,4.32,120,-0.04,,,
1.7572e-06,-62,4.24,120,0,,,
1.7576e-06,-62,4.24,40,0,,,
1.7580e-06,-62,4.24,-40,0,,,
1.7584e-06,-62,4.24,-40,0,,,
1.7588e-06,-58,4.16,40,0,,,
1.7592e-06,-58,4.32,120,-0.04,,,
1.7596e-06,-62,4.32,40,-0.04,,,
1.7600e-06,-58,4.24,40,-0.04,,,
1.7604e-06,-62,4.24,-40,0,,,
1.7608e-06,-58,4.32,-40,0.04,,,
1.7612e-06,-58,4.16,-40,0,,,
1.7616e-06,-62,4.16,40,0,,,
1.7620e-06,-54,4.16,-40,0,,,
1.7624e-06,-54,4.32,-40,0,,,
1.7628e-06,-62,4.32,-40,0,,,
1.7632e-06,-62,4.24,-40,-0.04,,,
1.7636e-06,-58,4.24,40,0,,,
1.7640e-06,-58,4.24,-40,0,,,
1.7644e-06,-58,4.24,40,-0.04,,,
1.7648e-06,-58,4.32,40,0.04,,,
1.7652e-06,-58,4.24,40,0,,,
1.7656e-06,-58,4.24,40,0,,,
1.7660e-06,-58,4.24,40,0,,,
1.7664e-06,-58,4.24,40,0,,,
1.7668e-06,-58,4.24,40,-0.04,,,
1.7672e-06,-58,4.24,-40,0,,,
1.7676e-06,-58,4.24,40,-0.04,,,
1.7680e-06,-58,4.24,40,-0.04,,,
1.7684e-06,-62,4.32,40,-0.04,,,
1.7688e-06,-58,4.24,-40,-0.04,,,
1.7692e-06,-62,4.24,40,-0.04,,,
1.7696e-06,-58,4.24,-40,-0.04,,,
1.7700e-06,-58,4.24,40,0,,,
1.7704e-06,-62,4.24,40,-0.04,,,
1.7708e-06,-58,4.24,-40,0,,,
1.7712e-06,-54,4.24,40,0.04,,,
1.7716e-06,-62,4.24,-40,0,,,
1.7720e-06,-58,4.16,40,-0.04,,,
1.7724e-06,-58,4.16,-40,-0.04,,,
1.7728e-06,-58,4.16,40,-0.04,,,
1.7732e-06,-58,4.16,40,-0.04,,,
1.7736e-06,-54,4.16,-40,0,,,
1.7740e-06,-58,4.24,40,0.04,,,
1.7744e-06,-58,4.16,40,0,,,
1.7748e-06,-58,4.24,-40,0,,,
1.7752e-06,-58,4.24,40,0,,,
1.7756e-06,-58,4.24,-40,-0.04,,,
1.7760e-06,-54,4.16,40,-0.04,,,
1.7764e-06,-58,4.16,-40,-0.04,,,
1.7768e-06,-58,4.16,40,0,,,
1.7772e-06,-58,4.16,-40,0,,,
1.7776e-06,-58,4.16,40,0,,,
1.7780e-06,-58,4.16,120,0,,,
1.7784e-06,-58,4.08,40,-0.04,,,
1.7788e-06,-54,4.16,-40,0,,,
1.7792e-06,-58,4.08,40,-0.04,,,
1.7796e-06,-54,4.08,40,-0.04,,,
1.7800e-06,-58,4,40,-0.08,,,
1.7804e-06,-58,4,40,0,,,
1.7808e-06,-58,4.08,40,0,,,
1.7812e-06,-58,4.08,-40,-0.04,,,
1.7816e-06,-54,4.16,40,-0.08,,,
1.7820e-06,-54,4.08,120,0,,,
1.7824e-06,-58,4.08,40,-0.04,,,
1.7828e-06,-58,4.08,120,0,,,
1.7832e-06,-58,4,120,0,,,
1.7836e-06,-58,4.08,40,0,,,
1.7840e-06,-58,4.08,-40,-0.04,,,
1.7844e-06,-58,4,40,-0.04,,,
1.7848e-06,-58,4.08,-40,-0.08,,,
1.7852e-06,-58,4.08,40,-0.08,,,
1.7856e-06,-62,4,40,-0.08,,,
1.7860e-06,-66,3.92,-40,-0.08,,,
1.7864e-06,-58,3.92,40,0,,,
1.7868e-06,-58,4,40,0,,,
1.7872e-06,-58,4.08,-40,-0.04,,,
1.7876e-06,-58,4.08,40,0,,,
1.7880e-06,-58,4.08,-40,-0.04,,,
1.7884e-06,-58,4,40,-0.04,,,
1.7888e-06,-58,4,-40,0,,,
1.7892e-06,-62,4,40,0,,,
1.7896e-06,-62,4.08,40,0,,,
1.7900e-06,-62,4,40,-0.08,,,
1.7904e-06,-62,4,120,-0.04,,,
1.7908e-06,-62,4.08,40,-0.04,,,
1.7912e-06,-62,4,120,-0.04,,,
1.7916e-06,-62,4,120,-0.04,,,
1.7920e-06,-62,4.08,40,-0.04,,,
1.7924e-06,-62,4.08,40,-0.04,,,
1.7928e-06,-62,4,40,-0.04,,,
1.7932e-06,-62,4.08,-40,-0.04,,,
1.7936e-06,-58,4.08,120,-0.04,,,
1.7940e-06,-62,4,-40,-0.04,,,
1.7944e-06,-58,4.08,40,0,,,
1.7948e-06,-58,4.08,40,-0.04,,,
1.7952e-06,-58,4.08,-40,-0.04,,,
1.7956e-06,-58,4,40,-0.04,,,
1.7960e-06,-58,4,-40,0,,,
1.7964e-06,-58,4,40,0,,,
1.7968e-06,-58,4.08,40,-0.04,,,
1.7972e-06,-58,4.08,40,0.04,,,
1.7976e-06,-58,4.08,40,0,,,
1.7980e-06,-58,4.08,40,-0.04,,,
1.7984e-06,-58,4.08,40,-0.08,,,
1.7988e-06,-58,4.08,-40,0,,,
1.7992e-06,-58,4,40,-0.04,,,
1.7996e-06,-58,4.08,-40,0,,,
1.8000e-06,-58,4,-40,0,,,
1.8004e-06,-58,4.08,-40,-0.04,,,
1.8008e-06,-58,4,-40,0,,,
1.8012e-06,-62,4,40,-0.04,,,
1.8016e-06,-58,4.08,40,-0.04,,,
1.8020e-06,-58,4.08,40,0,,,
1.8024e-06,-58,4,-40,0.04,,,
1.8028e-06,-62,4.08,120,-0.04,,,
1.8032e-06,-62,4,40,0,,,
1.8036e-06,-62,4.08,40,0,,,
1.8040e-06,-62,4.08,-40,0,,,
1.8044e-06,-66,4,-40,0,,,
1.8048e-06,-62,4.08,40,0,,,
1.8052e-06,-58,4,40,0,,,
1.8056e-06,-62,4,40,0,,,
1.8060e-06,-62,4,40,0,,,
1.8064e-06,-62,4,40,-0.04,,,
1.8068e-06,-70,4,40,0,,,
1.8072e-06,-62,4,-40,0,,,
1.8076e-06,-62,4.08,40,0,,,
1.8080e-06,-62,4.08,120,-0.04,,,
1.8084e-06,-66,4,40,0,,,
1.8088e-06,-62,3.92,-40,-0.04,,,
1.8092e-06,-62,3.92,-40,0,,,
1.8096e-06,-62,4,120,0,,,
1.8100e-06,-62,4,40,0,,,
1.8104e-06,-62,3.92,-40,0,,,
1.8108e-06,-62,3.92,120,-0.04,,,
1.8112e-06,-62,3.92,-40,0,,,
1.8116e-06,-66,3.92,40,0,,,
1.8120e-06,-66,4.08,40,0.04,,,
1.8124e-06,-62,3.92,-40,0.04,,,
1.8128e-06,-62,3.92,-40,0,,,
1.8132e-06,-58,3.84,-40,0,,,
1.8136e-06,-66,4,-40,0.04,,,
1.8140e-06,-62,3.92,-40,0.04,,,
1.8144e-06,-58,3.92,40,0.04,,,
1.8148e-06,-62,3.84,40,0,,,
1.8152e-06,-58,3.84,120,0,,,
1.8156e-06,-58,3.92,40,0,,,
1.8160e-06,-58,3.92,40,0,,,
1.8164e-06,-58,3.84,-40,0,,,
1.8168e-06,-58,3.92,40,0.04,,,
1.8172e-06,-62,3.92,-40,0,,,
1.8176e-06,-58,3.92,-120,0,,,
1.8180e-06,-58,3.92,40,0,,,
1.8184e-06,-58,3.92,40,-0.04,,,
1.8188e-06,-58,3.92,40,0,,,
1.8192e-06,-62,4,40,0.04,,,
1.8196e-06,-58,3.84,40,0.04,,,
1.8200e-06,-62,3.84,-40,0,,,
1.8204e-06,-62,3.84,40,-0.04,,,
1.8208e-06,-62,3.92,120,0,,,
1.8212e-06,-62,4,40,-0.04,,,
1.8216e-06,-62,3.92,40,0,,,
1.8220e-06,-58,3.92,40,-0.04,,,
1.8224e-06,-58,3.92,40,0,,,
1.8228e-06,-62,4,40,0,,,
1.8232e-06,-62,3.92,40,0,,,
1.8236e-06,-62,3.92,40,0,,,
1.8240e-06,-62,4,-40,0,,,
1.8244e-06,-62,4,-40,0,,,
1.8248e-06,-62,3.92,40,0,,,
1.8252e-06,-58,3.92,40,0.04,,,
1.8256e-06,-58,3.92,40,0,,,
1.8260e-06,-62,3.92,40,0,,,
1.8264e-06,-62,3.92,40,0.04,,,
1.8268e-06,-58,3.84,-40,0,,,
1.8272e-06,-62,3.84,40,0.04,,,
1.8276e-06,-58,3.92,40,0,,,
1.8280e-06,-58,3.92,-40,0,,,
1.8284e-06,-58,3.92,-40,-0.04,,,
1.8288e-06,-58,3.92,40,0,,,
1.8292e-06,-58,3.92,40,0,,,
1.8296e-06,-58,3.92,40,0.04,,,
1.8300e-06,-62,3.92,40,0,,,
1.8304e-06,-62,3.92,40,0,,,
1.8308e-06,-58,3.92,40,0,,,
1.8312e-06,-58,3.92,40,0.04,,,
1.8316e-06,-58,3.92,40,0,,,
1.8320e-06,-54,4,120,0,,,
1.8324e-06,-58,3.92,-40,-0.04,,,
1.8328e-06,-62,3.84,-40,0.04,,,
1.8332e-06,-58,3.84,-40,0.04,,,
1.8336e-06,-58,3.84,-40,0,,,
1.8340e-06,-58,3.92,-40,0,,,
1.8344e-06,-58,3.92,40,0,,,
1.8348e-06,-66,3.92,-40,0.04,,,
1.8352e-06,-62,3.92,-40,0,,,
1.8356e-06,-66,3.84,40,0,,,
1.8360e-06,-62,3.92,40,0,,,
1.8364e-06,-62,3.84,40,-0.04,,,
1.8368e-06,-62,3.84,40,0,,,
1.8372e-06,-66,3.84,-40,-0.04,,,
1.8376e-06,-62,3.84,-40,0,,,
1.8380e-06,-62,3.84,-120,-0.04,,,
1.8384e-06,-66,3.84,-40,0.04,,,
1.8388e-06,-62,3.92,40,0.04,,,
1.8392e-06,-66,3.92,-40,-0.04,,,
1.8396e-06,-66,3.76,-40,-0.04,,,
1.8400e-06,-62,3.84,40,0,,,
1.8404e-06,-62,3.76,-40,-0.08,,,
1.8408e-06,-62,3.84,40,-0.08,,,
1.8412e-06,-58,3.84,40,0,,,
1.8416e-06,-62,3.76,-40,0,,,
1.8420e-06,-62,3.84,40,0,,,
1.8424e-06,-62,3.84,40,0,,,
1.8428e-06,-58,3.84,-40,-0.08,,,
1.8432e-06,-58,3.76,-40,0,,,
1.8436e-06,-58,3.76,-40,0.04,,,
1.8440e-06,-62,3.76,120,0.04,,,
1.8444e-06,-58,3.76,40,-0.04,,,
1.8448e-06,-58,3.84,40,-0.08,,,
1.8452e-06,-58,3.76,120,-0.04,,,
1.8456e-06,-58,3.68,40,-0.04,,,
1.8460e-06,-58,3.76,40,-0.04,,,
1.8464e-06,-54,3.92,-40,-0.04,,,
1.8468e-06,-58,3.84,40,-0.08,,,
1.8472e-06,-58,3.76,40,-0.08,,,
1.8476e-06,-58,3.84,40,-0.04,,,
1.8480e-06,-54,3.84,40,-0.04,,,
1.8484e-06,-58,3.76,40,-0.08,,,
1.8488e-06,-58,3.84,40,0,,,
1.8492e-06,-58,3.84,-40,0,,,
1.8496e-06,-62,3.76,40,-0.04,,,
1.8500e-06,-58,3.76,40,0,,,
1.8504e-06,-62,3.76,-120,-0.08,,,
1.8508e-06,-62,3.84,-40,0,,,
1.8512e-06,-58,3.92,40,0,,,
1.8516e-06,-62,3.84,40,0,,,
1.8520e-06,-66,3.76,40,0,,,
1.8524e-06,-66,3.76,40,0,,,
1.8528e-06,-62,3.84,-40,0,,,
1.8532e-06,-62,3.76,-120,-0.04,,,
1.8536e-06,-62,3.92,-40,0,,,
1.8540e-06,-66,3.92,40,0,,,
1.8544e-06,-62,3.84,40,0,,,
1.8548e-06,-62,3.84,40,-0.04,,,
1.8552e-06,-62,3.76,-40,-0.04,,,
1.8556e-06,-62,3.76,40,-0.04,,,
1.8560e-06,-58,3.84,40,-0.04,,,
1.8564e-06,-66,3.76,40,0.04,,,
1.8568e-06,-62,3.84,40,-0.04,,,
1.8572e-06,-66,3.76,-40,-0.04,,,
1.8576e-06,-62,3.84,40,-0.04,,,
1.8580e-06,-58,3.84,40,0,,,
1.8584e-06,-62,3.76,40,0,,,
1.8588e-06,-58,3.84,40,0,,,
1.8592e-06,-58,3.84,40,0,,,
1.8596e-06,-58,3.76,40,0,,,
1.8600e-06,-58,3.84,-40,0,,,
1.8604e-06,-58,3.76,-40,0,,,
1.8608e-06,-58,3.6,40,0,,,
1.8612e-06,-58,3.68,-40,0,,,
1.8616e-06,-54,3.76,-40,0,,,
1.8620e-06,-58,3.84,-40,0,,,
1.8624e-06,-54,3.84,40,0,,,
1.8628e-06,-58,3.68,40,0,,,
1.8632e-06,-58,3.76,40,-0.04,,,
1.8636e-06,-54,3.68,40,0,,,
1.8640e-06,-58,3.76,40,0.04,,,
1.8644e-06,-62,3.76,-40,0,,,
1.8648e-06,-62,3.76,-40,0,,,
1.8652e-06,-58,3.76,-40,0,,,
1.8656e-06,-62,3.68,-40,0,,,
1.8660e-06,-62,3.68,40,0,,,
1.8664e-06,-62,3.68,-40,0,,,
1.8668e-06,-62,3.68,120,0.04,,,
1.8672e-06,-62,3.68,40,0,,,
1.8676e-06,-58,3.6,-40,0.04,,,
1.8680e-06,-62,3.68,120,0,,,
1.8684e-06,-66,3.52,-40,0,,,
1.8688e-06,-66,3.6,-40,0,,,
1.8692e-06,-62,3.6,40,-0.04,,,
1.8696e-06,-66,3.6,120,0,,,
1.8700e-06,-62,3.6,40,0,,,
1.8704e-06,-62,3.6,-40,0,,,
1.8708e-06,-66,3.6,-40,-0.04,,,
1.8712e-06,-62,3.6,40,0,,,
1.8716e-06,-66,3.6,40,-0.04,,,
1.8720e-06,-66,3.52,40,0,,,
1.8724e-06,-62,3.6,40,0.04,,,
1.8728e-06,-66,3.6,120,0,,,
1.8732e-06,-66,3.6,40,0,,,
1.8736e-06,-66,3.52,40,0,,,
1.8740e-06,-62,3.52,40,0,,,
1.8744e-06,-62,3.6,40,0,,,
1.8748e-06,-62,3.6,40,0,,,
1.8752e-06,-62,3.52,-40,0,,,
1.8756e-06,-58,3.6,40,0,,,
1.8760e-06,-62,3.44,40,0,,,
1.8764e-06,-62,3.52,40,-0.08,,,
1.8768e-06,-58,3.6,-40,-0.04,,,
1.8772e-06,-58,3.52,40,0,,,
1.8776e-06,-58,3.44,40,-0.04,,,
1.8780e-06,-58,3.6,40,0,,,
1.8784e-06,-58,3.52,40,-0.04,,,
1.8788e-06,-58,3.6,40,0,,,
1.8792e-06,-58,3.6,-40,0,,,
1.8796e-06,-58,3.6,-40,-0.04,,,
1.8800e-06,-58,3.68,40,-0.08,,,
1.8804e-06,-62,3.6,40,0,,,
1.8808e-06,-62,3.52,40,-0.04,,,
1.8812e-06,-62,3.6,-40,-0.04,,,
1.8816e-06,-58,3.52,-40,-0.04,,,
1.8820e-06,-58,3.52,40,-0.04,,,
1.8824e-06,-62,3.6,40,0,,,
1.8828e-06,-62,3.52,40,-0.04,,,
1.8832e-06,-58,3.52,-40,0,,,
1.8836e-06,-66,3.6,40,-0.04,,,
1.8840e-06,-66,3.6,40,-0.04,,,
1.8844e-06,-66,3.52,40,0,,,
1.8848e-06,-66,3.52,40,0,,,
1.8852e-06,-62,3.6,40,0,,,
1.8856e-06,-62,3.52,40,-0.04,,,
1.8860e-06,-66,3.52,-40,-0.04,,,
1.8864e-06,-62,3.6,40,-0.04,,,
1.8868e-06,-62,3.6,40,-0.04,,,
1.8872e-06,-62,3.6,40,-0.04,,,
1.8876e-06,-66,3.6,40,-0.04,,,
1.8880e-06,-66,3.6,120,-0.04,,,
1.8884e-06,-62,3.6,40,-0.04,,,
1.8888e-06,-62,3.6,40,-0.04,,,
1.8892e-06,-62,3.68,40,0,,,
1.8896e-06,-62,3.6,-40,0,,,
1.8900e-06,-62,3.6,-40,0,,,
1.8904e-06,-58,3.68,-40,0.04,,,
1.8908e-06,-62,3.6,40,-0.04,,,
1.8912e-06,-62,3.6,40,0,,,
1.8916e-06,-58,3.52,40,-0.04,,,
1.8920e-06,-62,3.6,-40,-0.04,,,
1.8924e-06,-58,3.68,-40,-0.04,,,
1.8928e-06,-58,3.6,40,-0.04,,,
1.8932e-06,-58,3.6,40,-0.08,,,
1.8936e-06,-62,3.52,40,-0.04,,,
1.8940e-06,-62,3.52,-40,0,,,
1.8944e-06,-62,3.52,-40,-0.04,,,
1.8948e-06,-58,3.52,40,-0.04,,,
1.8952e-06,-58,3.52,40,-0.08,,,
1.8956e-06,-62,3.6,40,-0.08,,,
1.8960e-06,-62,3.6,120,-0.08,,,
1.8964e-06,-58,3.52,40,-0.08,,,
1.8968e-06,-62,3.52,-40,-0.08,,,
1.8972e-06,-62,3.52,40,0,,,
1.8976e-06,-62,3.52,-40,-0.04,,,
1.8980e-06,-66,3.52,-40,-0.04,,,
1.8984e-06,-66,3.52,40,-0.04,,,
1.8988e-06,-66,3.52,-40,-0.12,,,
1.8992e-06,-62,3.6,-40,-0.04,,,
1.8996e-06,-58,3.52,-40,-0.04,,,
1.9000e-06,-62,3.52,40,0,,,
1.9004e-06,-66,3.44,40,-0.04,,,
1.9008e-06,-62,3.52,40,-0.04,,,
1.9012e-06,-62,3.52,40,-0.08,,,
1.9016e-06,-66,3.52,40,-0.08,,,
1.9020e-06,-62,3.44,-40,-0.04,,,
1.9024e-06,-66,3.44,40,-0.04,,,
1.9028e-06,-62,3.44,-40,-0.04,,,
1.9032e-06,-66,3.52,40,-0.04,,,
1.9036e-06,-62,3.44,-40,-0.04,,,
1.9040e-06,-62,3.36,40,-0.08,,,
1.9044e-06,-62,3.44,-40,-0.04,,,
1.9048e-06,-62,3.44,-40,-0.04,,,
1.9052e-06,-62,3.52,40,-0.08,,,
1.9056e-06,-62,3.44,40,-0.04,,,
1.9060e-06,-66,3.36,-40,-0.08,,,
1.9064e-06,-62,3.44,40,-0.08,,,
1.9068e-06,-66,3.44,-40,-0.04,,,
1.9072e-06,-66,3.52,120,-0.04,,,
1.9076e-06,-62,3.44,40,-0.04,,,
1.9080e-06,-62,3.36,40,-0.08,,,
1.9084e-06,-62,3.44,40,-0.04,,,
1.9088e-06,-62,3.36,40,-0.04,,,
1.9092e-06,-62,3.44,-40,-0.04,,,
1.9096e-06,-62,3.44,120,0,,,
1.9100e-06,-62,3.44,-40,0,,,
1.9104e-06,-58,3.44,40,-0.04,,,
1.9108e-06,-62,3.44,-40,-0.04,,,
1.9112e-06,-66,3.36,120,-0.04,,,
1.9116e-06,-58,3.28,40,-0.08,,,
1.9120e-06,-62,3.36,-40,-0.08,,,
1.9124e-06,-62,3.44,40,0,,,
1.9128e-06,-62,3.44,-40,0,,,
1.9132e-06,-62,3.44,40,-0.08,,,
1.9136e-06,-62,3.36,40,-0.04,,,
1.9140e-06,-62,3.28,-40,0,,,
1.9144e-06,-62,3.36,40,0,,,
1.9148e-06,-66,3.36,120,0,,,
1.9152e-06,-62,3.36,120,-0.04,,,
1.9156e-06,-62,3.36,-40,-0.04,,,
1.9160e-06,-66,3.36,-40,-0.04,,,
1.9164e-06,-62,3.28,40,-0.04,,,
1.9168e-06,-62,3.28,40,0,,,
1.9172e-06,-62,3.28,-40,-0.04,,,
1.9176e-06,-62,3.36,40,0,,,
1.9180e-06,-66,3.36,40,0,,,
1.9184e-06,-62,3.36,40,-0.04,,,
1.9188e-06,-62,3.28,-40,0,,,
1.9192e-06,-62,3.28,40,0,,,
1.9196e-06,-66,3.36,-40,0,,,
1.9200e-06,-66,3.36,120,0.04,,,
1.9204e-06,-66,3.28,40,-0.04,,,
1.9208e-06,-62,3.28,40,-0.04,,,
1.9212e-06,-62,3.2,-40,0,,,
1.9216e-06,-66,3.28,40,0,,,
1.9220e-06,-66,3.36,40,0,,,
1.9224e-06,-66,3.36,-40,0,,,
1.9228e-06,-62,3.28,40,0,,,
1.9232e-06,-66,3.12,40,0,,,
1.9236e-06,-62,3.12,-40,0.04,,,
1.9240e-06,-58,3.28,-40,0.04,,,
1.9244e-06,-62,3.2,40,0.04,,,
1.9248e-06,-66,3.2,40,0,,,
1.9252e-06,-62,3.12,40,0,,,
1.9256e-06,-62,3.2,-40,0,,,
1.9260e-06,-62,3.2,40,0,,,
1.9264e-06,-62,3.2,40,0.04,,,
1.9268e-06,-66,3.12,120,0.04,,,
1.9272e-06,-58,3.12,40,-0.04,,,
1.9276e-06,-58,3.2,40,0,,,
1.9280e-06,-62,3.12,-40,-0.04,,,
1.9284e-06,-62,3.12,40,-0.04,,,
1.9288e-06,-62,3.2,40,0.04,,,
1.9292e-06,-58,3.12,-40,0,,,
1.9296e-06,-62,3.04,40,0.04,,,
1.9300e-06,-66,2.96,40,0,,,
1.9304e-06,-62,3.12,40,-0.08,,,
1.9308e-06,-62,3.12,40,0,,,
1.9312e-06,-62,3.12,40,0,,,
1.9316e-06,-58,3.12,40,-0.04,,,
1.9320e-06,-62,3.12,40,-0.04,,,
1.9324e-06,-58,3.12,40,0,,,
1.9328e-06,-62,3.04,40,0.04,,,
1.9332e-06,-58,3.12,-40,0,,,
1.9336e-06,-58,3.04,-40,-0.04,,,
1.9340e-06,-62,3.04,40,-0.08,,,
1.9344e-06,-62,3.04,40,0,,,
1.9348e-06,-62,3.12,120,0,,,
1.9352e-06,-58,3.04,40,0,,,
1.9356e-06,-62,2.96,40,0,,,
1.9360e-06,-62,3.04,40,0,,,
1.9364e-06,-62,3.12,-40,-0.04,,,
1.9368e-06,-66,3.04,40,-0.04,,,
1.9372e-06,-62,3.04,-40,0,,,
1.9376e-06,-62,3.12,40,-0.04,,,
1.9380e-06,-62,2.96,40,-0.08,,,
1.9384e-06,-62,3.04,-40,0,,,
1.9388e-06,-58,3.12,40,0,,,
1.9392e-06,-62,3.12,-40,0,,,
1.9396e-06,-62,2.96,40,-0.04,,,
1.9400e-06,-62,3.12,120,-0.04,,,
1.9404e-06,-62,3.12,40,-0.04,,,
1.9408e-06,-62,3.04,-40,0,,,
1.9412e-06,-62,3.12,-40,-0.04,,,
1.9416e-06,-62,3.12,40,-0.04,,,
1.9420e-06,-62,3.04,-40,-0.04,,,
1.9424e-06,-62,3.12,-40,-0.04,,,
1.9428e-06,-62,3.12,40,-0.08,,,
1.9432e-06,-62,3.04,40,-0.04,,,
1.9436e-06,-62,3.04,40,-0.08,,,
1.9440e-06,-62,3.04,-40,-0.04,,,
1.9444e-06,-62,3.12,-40,-0.04,,,
1.9448e-06,-66,3.12,-40,-0.04,,,
1.9452e-06,-62,3.04,-40,0,,,
1.9456e-06,-62,3.12,-40,0,,,
1.9460e-06,-62,3.12,40,-0.04,,,
1.9464e-06,-62,3.04,-40,-0.04,,,
1.9468e-06,-62,3.04,40,-0.08,,,
1.9472e-06,-62,3.12,40,-0.04,,,
1.9476e-06,-62,3.12,40,-0.04,,,
1.9480e-06,-58,3.12,40,-0.04,,,
1.9484e-06,-62,3.12,-40,-0.04,,,
1.9488e-06,-62,3.12,40,-0.04,,,
1.9492e-06,-62,3.12,40,-0.04,,,
1.9496e-06,-62,3.12,40,-0.04,,,
1.9500e-06,-62,3.12,40,-0.04,,,
1.9504e-06,-58,3.12,-40,-0.04,,,
1.9508e-06,-58,3.12,40,0,,,
1.9512e-06,-62,3.2,-40,-0.04,,,
1.9516e-06,-62,3.12,-40,-0.04,,,
1.9520e-06,-62,3.2,40,-0.04,,,
1.9524e-06,-66,3.12,40,-0.04,,,
1.9528e-06,-62,3.04,120,-0.04,,,
1.9532e-06,-62,3.12,40,-0.04,,,
1.9536e-06,-66,3.2,40,0,,,
1.9540e-06,-62,3.12,40,-0.08,,,
1.9544e-06,-62,3.12,-40,-0.04,,,
1.9548e-06,-62,3.12,-40,-0.08,,,
1.9552e-06,-66,3.04,-40,-0.08,,,
1.9556e-06,-66,3.04,40,-0.08,,,
1.9560e-06,-66,3.04,-40,-0.04,,,
1.9564e-06,-66,3.04,-40,0,,,
1.9568e-06,-62,3.04,40,0,,,
1.9572e-06,-66,3.04,40,-0.04,,,
1.9576e-06,-66,3.04,40,-0.08,,,
1.9580e-06,-66,3.04,40,-0.04,,,
1.9584e-06,-66,3.04,120,-0.04,,,
1.9588e-06,-66,3.04,120,-0.04,,,
1.9592e-06,-66,3.04,120,-0.04,,,
1.9596e-06,-66,3.04,120,-0.08,,,
1.9600e-06,-66,2.96,40,-0.04,,,
1.9604e-06,-62,2.96,-40,-0.04,,,
1.9608e-06,-66,3.04,-40,0,,,
1.9612e-06,-66,3.04,40,0,,,
1.9616e-06,-70,3.04,40,0,,,
1.9620e-06,-70,3.04,-120,-0.08,,,
1.9624e-06,-66,3.04,-120,-0.04,,,
1.9628e-06,-66,3.04,40,0,,,
1.9632e-06,-66,3.04,40,-0.08,,,
1.9636e-06,-66,3.04,40,-0.04,,,
1.9640e-06,-66,2.96,40,0,,,
1.9644e-06,-62,3.04,-40,-0.04,,,
1.9648e-06,-66,3.04,40,-0.04,,,
1.9652e-06,-66,3.04,40,-0.04,,,
1.9656e-06,-66,3.04,-40,0,,,
1.9660e-06,-58,2.96,-40,0,,,
1.9664e-06,-62,3.04,-40,-0.04,,,
1.9668e-06,-66,3.04,40,-0.04,,,
1.9672e-06,-62,3.04,40,-0.04,,,
1.9676e-06,-62,3.04,40,-0.04,,,
1.9680e-06,-62,3.04,40,-0.04,,,
1.9684e-06,-66,2.96,40,-0.04,,,
1.9688e-06,-66,3.04,40,0,,,
1.9692e-06,-62,3.04,-40,0,,,
1.9696e-06,-62,3.04,40,0,,,
1.9700e-06,-62,2.96,-40,0,,,
1.9704e-06,-62,2.96,40,0,,,
1.9708e-06,-58,3.04,40,0,,,
1.9712e-06,-62,3.04,40,-0.04,,,
1.9716e-06,-66,2.96,40,-0.08,,,
1.9720e-06,-62,2.96,-40,-0.04,,,
1.9724e-06,-62,2.96,40,0,,,
1.9728e-06,-62,2.96,40,0,,,
1.9732e-06,-66,2.96,40,0,,,
1.9736e-06,-66,2.88,40,0,,,
1.9740e-06,-70,2.88,40,0,,,
1.9744e-06,-66,2.88,40,0.04,,,
1.9748e-06,-66,2.88,-40,0.04,,,
1.9752e-06,-66,2.96,40,0,,,
1.9756e-06,-66,2.88,40,0,,,
1.9760e-06,-66,2.88,40,0,,,
1.9764e-06,-66,2.96,40,0,,,
1.9768e-06,-66,2.88,-40,0,,,
1.9772e-06,-66,2.96,-40,0,,,
1.9776e-06,-62,2.8,40,0,,,
1.9780e-06,-66,2.88,40,-0.04,,,
1.9784e-06,-66,2.96,-40,-0.04,,,
1.9788e-06,-66,2.96,40,0,,,
1.9792e-06,-66,2.88,40,0.04,,,
1.9796e-06,-62,2.88,40,0.04,,,
1.9800e-06,-62,2.88,-40,0,,,
1.9804e-06,-62,2.88,40,0,,,
1.9808e-06,-66,2.88,-40,0.04,,,
1.9812e-06,-66,2.88,-40,0,,,
1.9816e-06,-62,2.88,120,0,,,
1.9820e-06,-66,2.88,40,0,,,
1.9824e-06,-66,2.88,40,-0.08,,,
1.9828e-06,-58,2.8,40,-0.04,,,
1.9832e-06,-58,2.8,-40,-0.04,,,
1.9836e-06,-66,2.8,40,0,,,
1.9840e-06,-66,2.8,40,0,,,
1.9844e-06,-62,2.72,40,-0.04,,,
1.9848e-06,-62,2.88,120,0,,,
1.9852e-06,-62,2.8,-40,0,,,
1.9856e-06,-62,2.8,40,0,,,
1.9860e-06,-62,2.72,120,0,,,
1.9864e-06,-66,2.72,120,0,,,
1.9868e-06,-66,2.72,40,0,,,
1.9872e-06,-62,2.8,40,0.04,,,
1.9876e-06,-62,2.64,40,0,,,
1.9880e-06,-62,2.72,40,0,,,
1.9884e-06,-66,2.72,-40,0,,,
1.9888e-06,-66,2.72,-40,0,,,
1.9892e-06,-62,2.72,40,0.04,,,
1.9896e-06,-70,2.72,40,-0.04,,,
1.9900e-06,-62,2.72,40,-0.04,,,
1.9904e-06,-66,2.72,120,0,,,
1.9908e-06,-70,2.72,40,0,,,
1.9912e-06,-62,2.72,-40,0,,,
1.9916e-06,-62,2.64,40,-0.04,,,
1.9920e-06,-70,2.72,120,-0.04,,,
1.9924e-06,-70,2.72,40,-0.04,,,
1.9928e-06,-70,2.72,-40,-0.08,,,
1.9932e-06,-70,2.64,40,0,,,
1.9936e-06,-66,2.64,-40,-0.04,,,
1.9940e-06,-66,2.72,-40,0,,,
1.9944e-06,-66,2.72,40,-0.04,,,
1.9948e-06,-66,2.8,40,-0.08,,,
1.9952e-06,-70,2.72,40,0,,,
1.9956e-06,-66,2.72,40,-0.04,,,
1.9960e-06,-58,2.72,40,-0.04,,,
1.9964e-06,-62,2.72,40,0,,,
1.9968e-06,-62,2.8,40,0,,,
1.9972e-06,-62,2.72,40,0,,,
1.9976e-06,-70,2.72,40,0,,,
1.9980e-06,-66,2.8,40,-0.08,,,
1.9984e-06,-62,2.72,40,-0.08,,,
1.9988e-06,-62,2.8,40,0,,,
1.9992e-06,-62,2.8,40,-0.04,,,
1.9996e-06,-62,2.8,40,-0.04,,,
2.0000e-06,-66,2.8,40,-0.08,,,
2.0004e-06,-62,2.8,40,0,,,
2.0008e-06,-66,2.8,120,-0.04,,,
2.0012e-06,-66,2.8,-40,-0.08,,,
2.0016e-06,-66,2.72,40,-0.04,,,
2.0020e-06,-62,2.8,40,-0.04,,,
2.0024e-06,-62,2.8,-40,-0.04,,,
2.0028e-06,-66,2.8,40,-0.04,,,
2.0032e-06,-66,2.88,40,0,,,
2.0036e-06,-66,2.8,40,-0.08,,,
2.0040e-06,-66,2.8,120,-0.08,,,
2.0044e-06,-62,2.8,120,-0.08,,,
2.0048e-06,-66,2.88,40,-0.08,,,
2.0052e-06,-66,2.72,40,0,,,
2.0056e-06,-66,2.8,40,-0.04,,,
2.0060e-06,-66,2.8,40,0,,,
2.0064e-06,-74,2.8,40,0.04,,,
2.0068e-06,-70,2.8,40,-0.04,,,
2.0072e-06,-70,2.8,40,-0.04,,,
2.0076e-06,-66,2.8,-40,-0.04,,,
2.0080e-06,-66,2.88,-40,-0.04,,,
2.0084e-06,-66,2.72,40,-0.04,,,
2.0088e-06,-70,2.8,-40,-0.04,,,
2.0092e-06,-62,2.8,40,-0.04,,,
2.0096e-06,-66,2.8,40,-0.04,,,
2.0100e-06,-62,2.8,40,-0.04,,,
2.0104e-06,-66,2.88,40,-0.04,,,
2.0108e-06,-66,2.8,40,0,,,
2.0112e-06,-66,2.72,40,0,,,
2.0116e-06,-62,2.8,40,-0.04,,,
2.0120e-06,-62,2.8,120,-0.04,,,
2.0124e-06,-62,2.8,40,-0.08,,,
2.0128e-06,-66,2.8,40,-0.04,,,
2.0132e-06,-66,2.8,40,-0.04,,,
2.0136e-06,-66,2.8,40,-0.04,,,
2.0140e-06,-62,2.8,40,-0.04,,,
2.0144e-06,-66,2.8,40,0,,,
2.0148e-06,-62,2.8,40,-0.04,,,
2.0152e-06,-66,2.72,40,-0.04,,,
2.0156e-06,-62,2.64,40,-0.04,,,
2.0160e-06,-62,2.72,-40,-0.04,,,
2.0164e-06,-66,2.72,40,-0.04,,,
2.0168e-06,-66,2.72,40,0.04,,,
2.0172e-06,-62,2.8,40,0,,,
2.0176e-06,-70,2.8,-40,-0.08,,,
2.0180e-06,-66,2.8,40,0,,,
2.0184e-06,-66,2.72,-40,-0.04,,,
2.0188e-06,-62,2.64,40,0,,,
2.0192e-06,-66,2.72,40,-0.04,,,
2.0196e-06,-66,2.64,40,-0.04,,,
2.0200e-06,-66,2.64,40,0,,,
2.0204e-06,-66,2.64,40,-0.04,,,
2.0208e-06,-66,2.72,40,0.04,,,
2.0212e-06,-66,2.64,40,0,,,
2.0216e-06,-70,2.64,40,0,,,
2.0220e-06,-70,2.72,-120,-0.04,,,
2.0224e-06,-70,2.56,-40,0,,,
2.0228e-06,-62,2.64,40,0,,,
2.0232e-06,-70,2.72,40,0,,,
2.0236e-06,-66,2.56,120,-0.04,,,
2.0240e-06,-70,2.64,40,0.04,,,
2.0244e-06,-70,2.64,40,-0.04,,,
2.0248e-06,-66,2.48,40,-0.04,,,
2.0252e-06,-66,2.64,40,-0.04,,,
2.0256e-06,-66,2.56,-40,0,,,
2.0260e-06,-66,2.64,-40,0,,,
2.0264e-06,-62,2.64,40,0,,,
2.0268e-06,-62,2.64,40,-0.04,,,
2.0272e-06,-66,2.64,120,-0.04,,,
2.0276e-06,-66,2.56,-40,0,,,
2.0280e-06,-66,2.56,-40,0,,,
2.0284e-06,-66,2.64,40,0,,,
2.0288e-06,-66,2.64,40,0.04,,,
2.0292e-06,-66,2.64,40,0,,,
2.0296e-06,-62,2.56,40,-0.04,,,
2.0300e-06,-62,2.56,-40,-0.04,,,
2.0304e-06,-62,2.56,120,0,,,
2.0308e-06,-66,2.48,120,0,,,
2.0312e-06,-66,2.56,-40,0,,,
2.0316e-06,-62,2.56,-40,0,,,
2.0320e-06,-70,2.56,-40,0,,,
2.0324e-06,-66,2.56,40,0,,,
2.0328e-06,-62,2.64,40,0.04,,,
2.0332e-06,-62,2.56,40,-0.04,,,
2.0336e-06,-62,2.56,40,-0.04,,,
2.0340e-06,-66,2.56,40,0,,,
2.0344e-06,-62,2.56,40,0,,,
2.0348e-06,-62,2.64,40,0,,,
2.0352e-06,-62,2.56,-40,0,,,
2.0356e-06,-66,2.56,40,-0.04,,,
2.0360e-06,-66,2.48,120,0,,,
2.0364e-06,-66,2.56,40,-0.04,,,
2.0368e-06,-66,2.56,40,0,,,
2.0372e-06,-66,2.48,40,0,,,
2.0376e-06,-70,2.48,40,0,,,
2.0380e-06,-66,2.56,-40,-0.04,,,
2.0384e-06,-70,2.56,-40,0,,,
2.0388e-06,-66,2.48,40,-0.04,,,
2.0392e-06,-62,2.48,40,-0.04,,,
2.0396e-06,-66,2.48,40,0,,,
2.0400e-06,-66,2.48,40,0.04,,,
2.0404e-06,-66,2.56,-40,0,,,
2.0408e-06,-62,2.48,40,0,,,
2.0412e-06,-66,2.4,40,0,,,
2.0416e-06,-66,2.32,40,0,,,
2.0420e-06,-66,2.32,120,0.04,,,
2.0424e-06,-70,2.32,120,0,,,
2.0428e-06,-66,2.48,40,-0.08,,,
2.0432e-06,-62,2.48,-40,-0.04,,,
2.0436e-06,-66,2.4,-40,-0.04,,,
2.0440e-06,-70,2.48,40,-0.04,,,
2.0444e-06,-66,2.4,120,-0.04,,,
2.0448e-06,-62,2.4,-40,-0.04,,,
2.0452e-06,-66,2.4,-40,0,,,
2.0456e-06,-66,2.4,40,0,,,
2.0460e-06,-66,2.4,-40,-0.08,,,
2.0464e-06,-66,2.4,40,0,,,
2.0468e-06,-62,2.32,40,-0.04,,,
2.0472e-06,-66,2.32,-40,-0.04,,,
2.0476e-06,-62,2.32,-40,-0.08,,,
2.0480e-06,-66,2.4,-40,0,,,
2.0484e-06,-66,2.32,-40,0,,,
2.0488e-06,-66,2.32,-40,0,,,
2.0492e-06,-62,2.32,-40,-0.04,,,
2.0496e-06,-66,2.4,40,0,,,
2.0500e-06,-66,2.32,40,-0.04,,,
2.0504e-06,-66,2.32,40,0,,,
2.0508e-06,-66,2.4,-40,-0.04,,,
2.0512e-06,-62,2.4,40,-0.04,,,
2.0516e-06,-66,2.4,40,-0.04,,,
2.0520e-06,-66,2.32,-40,-0.04,,,
2.0524e-06,-70,2.4,-40,-0.04,,,
2.0528e-06,-66,2.32,-40,-0.04,,,
2.0532e-06,-62,2.32,40,-0.04,,,
2.0536e-06,-62,2.32,-120,-0.04,,,
2.0540e-06,-66,2.32,40,-0.12,,,
2.0544e-06,-66,2.32,120,-0.08,,,
2.0548e-06,-66,2.32,40,-0.04,,,
2.0552e-06,-70,2.32,40,0,,,
2.0556e-06,-66,2.4,40,0,,,
2.0560e-06,-66,2.4,40,-0.04,,,
2.0564e-06,-66,2.4,120,-0.04,,,
2.0568e-06,-66,2.32,40,-0.04,,,
2.0572e-06,-66,2.32,-40,0.04,,,
2.0576e-06,-70,2.4,40,-0.04,,,
2.0580e-06,-66,2.4,40,-0.04,,,
2.0584e-06,-66,2.48,-40,-0.04,,,
2.0588e-06,-62,2.4,40,-0.04,,,
2.0592e-06,-66,2.32,40,-0.04,,,
2.0596e-06,-66,2.4,40,-0.08,,,
2.0600e-06,-66,2.4,40,0,,,
2.0604e-06,-70,2.32,40,0,,,
2.0608e-06,-66,2.32,40,-0.08,,,
2.0612e-06,-70,2.4,-40,-0.04,,,
2.0616e-06,-62,2.48,40,0,,,
2.0620e-06,-66,2.4,40,-0.04,,,
2.0624e-06,-70,2.48,40,0.04,,,
2.0628e-06,-66,2.32,120,0,,,
2.0632e-06,-62,2.4,40,-0.04,,,
2.0636e-06,-70,2.4,40,0,,,
2.0640e-06,-70,2.32,40,-0.04,,,
2.0644e-06,-62,2.4,40,0,,,
2.0648e-06,-66,2.4,40,0,,,
2.0652e-06,-66,2.32,40,-0.04,,,
2.0656e-06,-62,2.4,40,-0.04,,,
2.0660e-06,-66,2.4,-40,-0.04,,,
2.0664e-06,-66,2.4,-40,0,,,
2.0668e-06,-66,2.48,120,-0.04,,,
2.0672e-06,-66,2.4,-40,-0.04,,,
2.0676e-06,-70,2.4,120,0,,,
2.0680e-06,-66,2.48,40,0,,,
2.0684e-06,-70,2.4,40,0,,,
2.0688e-06,-70,2.32,40,-0.04,,,
2.0692e-06,-62,2.4,40,-0.04,,,
2.0696e-06,-70,2.32,-40,-0.04,,,
2.0700e-06,-66,2.4,-40,0,,,
2.0704e-06,-66,2.4,40,-0.08,,,
2.0708e-06,-66,2.4,-40,0,,,
2.0712e-06,-66,2.24,40,0,,,
2.0716e-06,-66,2.24,40,0.04,,,
2.0720e-06,-66,2.32,-40,0,,,
2.0724e-06,-66,2.32,120,0,,,
2.0728e-06,-66,2.4,40,0,,,
2.0732e-06,-66,2.32,40,0,,,
2.0736e-06,-66,2.32,40,-0.04,,,
2.0740e-06,-66,2.32,-40,-0.04,,,
2.0744e-06,-66,2.24,-40,0,,,
2.0748e-06,-66,2.24,-40,0,,,
2.0752e-06,-66,2.32,40,0.08,,,
2.0756e-06,-66,2.24,-40,0.04,,,
2.0760e-06,-70,2.24,-40,0,,,
2.0764e-06,-70,2.24,40,0,,,
2.0768e-06,-70,2.24,40,0.04,,,
2.0772e-06,-66,2.24,-40,0,,,
2.0776e-06,-70,2.24,40,0.04,,,
2.0780e-06,-62,2.24,-40,0.04,,,
2.0784e-06,-66,2.24,40,-0.04,,,
2.0788e-06,-66,2.32,40,0,,,
2.0792e-06,-66,2.24,40,0,,,
2.0796e-06,-66,2.24,40,-0.08,,,
2.0800e-06,-62,2.24,40,-0.04,,,
2.0804e-06,-66,2.24,-40,0,,,
2.0808e-06,-62,2.16,-40,-0.04,,,
2.0812e-06,-66,2.16,40,0,,,
2.0816e-06,-66,2.24,-40,0.04,,,
2.0820e-06,-66,2.16,40,0,,,
2.0824e-06,-66,2.16,40,0,,,
2.0828e-06,-70,2.16,40,0,,,
2.0832e-06,-62,2.08,40,0,,,
2.0836e-06,-66,2.24,120,0,,,
2.0840e-06,-66,2.16,40,0.04,,,
2.0844e-06,-66,2.16,40,0.04,,,
2.0848e-06,-70,2.16,-40,0.04,,,
2.0852e-06,-66,2.16,40,0.04,,,
2.0856e-06,-62,2.16,40,0,,,
2.0860e-06,-66,2.08,-40,0,,,
2.0864e-06,-66,2.16,-40,0,,,
2.0868e-06,-62,2.16,-40,0.04,,,
2.0872e-06,-62,2.16,-40,0,,,
2.0876e-06,-66,2.16,40,0,,,
2.0880e-06,-66,2.16,40,0,,,
2.0884e-06,-66,2.08,40,0,,,
2.0888e-06,-66,2.16,40,0.04,,,
2.0892e-06,-70,2.16,-40,-0.04,,,
2.0896e-06,-70,2.16,-40,0,,,
2.0900e-06,-66,2.08,40,0,,,
2.0904e-06,-70,2.08,-40,0.04,,,
2.0908e-06,-66,2.16,-40,0.04,,,
2.0912e-06,-66,2.16,-40,0,,,
2.0916e-06,-66,2.08,40,0,,,
2.0920e-06,-62,2.08,-40,0,,,
2.0924e-06,-62,2.16,40,0,,,
2.0928e-06,-70,2.08,40,0,,,
2.0932e-06,-70,2.16,-40,-0.04,,,
2.0936e-06,-70,2,-40,0,,,
2.0940e-06,-66,2,-40,0,,,
2.0944e-06,-66,2.16,-40,0.04,,,
2.0948e-06,-66,2.08,40,-0.04,,,
2.0952e-06,-66,2.08,-40,0,,,
2.0956e-06,-62,2,40,-0.04,,,
2.0960e-06,-62,1.92,120,0,,,
2.0964e-06,-70,2.08,40,-0.04,,,
2.0968e-06,-62,2.16,40,0,,,
2.0972e-06,-62,2,40,0,,,
2.0976e-06,-62,2.08,-120,0.04,,,
2.0980e-06,-62,2.08,40,-0.04,,,
2.0984e-06,-66,2,-40,-0.04,,,
2.0988e-06,-66,2,40,-0.04,,,
2.0992e-06,-66,2.08,40,-0.04,,,
2.0996e-06,-62,1.92,-40,-0.04,,,
2.1000e-06,-62,2.08,40,0,,,
2.1004e-06,-66,2,40,-0.04,,,
2.1008e-06,-62,2,40,0,,,
2.1012e-06,-62,2,-40,0,,,
2.1016e-06,-70,2.08,-40,-0.04,,,
2.1020e-06,-62,1.92,40,0,,,
2.1024e-06,-62,1.92,40,-0.04,,,
2.1028e-06,-62,2,-40,-0.04,,,
2.1032e-06,-66,1.92,40,0,,,
2.1036e-06,-66,2,120,-0.04,,,
2.1040e-06,-66,2,120,-0.04,,,
2.1044e-06,-70,2,40,-0.08,,,
2.1048e-06,-70,1.92,-40,0,,,
2.1052e-06,-70,1.92,120,0,,,
2.1056e-06,-70,1.92,40,-0.04,,,
2.1060e-06,-66,1.92,40,-0.04,,,
2.1064e-06,-70,1.92,40,0,,,
2.1068e-06,-66,2,-40,-0.08,,,
2.1072e-06,-66,1.92,-40,-0.08,,,
2.1076e-06,-66,2,40,-0.08,,,
2.1080e-06,-66,1.92,120,0,,,
2.1084e-06,-66,2,120,-0.04,,,
2.1088e-06,-66,1.92,40,0,,,
2.1092e-06,-66,1.92,40,-0.04,,,
2.1096e-06,-70,2,40,-0.08,,,
2.1100e-06,-70,2,-40,-0.04,,,
2.1104e-06,-66,1.92,-40,0,,,
2.1108e-06,-66,1.92,40,-0.04,,,
2.1112e-06,-70,1.92,120,0,,,
2.1116e-06,-70,1.92,40,0,,,
2.1120e-06,-66,1.92,40,-0.04,,,
2.1124e-06,-66,1.92,120,-0.04,,,
2.1128e-06,-70,1.92,40,-0.04,,,
2.1132e-06,-70,1.92,40,-0.04,,,
2.1136e-06,-70,1.92,120,-0.08,,,
2.1140e-06,-66,1.92,40,-0.04,,,
2.1144e-06,-70,2,-40,-0.04,,,
2.1148e-06,-66,2,40,-0.04,,,
2.1152e-06,-70,2,120,-0.04,,,
2.1156e-06,-66,2,40,-0.04,,,
2.1160e-06,-66,2,40,-0.12,,,
2.1164e-06,-66,2,40,-0.08,,,
2.1168e-06,-62,2,40,-0.04,,,
2.1172e-06,-66,2,-40,-0.04,,,
2.1176e-06,-62,1.92,-40,-0.04,,,
2.1180e-06,-66,1.92,40,0,,,
2.1184e-06,-70,2,-40,-0.04,,,
2.1188e-06,-66,2,-40,0,,,
2.1192e-06,-70,2,-40,0,,,
2.1196e-06,-66,2,120,0.04,,,
2.1200e-06,-66,2,120,0,,,
2.1204e-06,-66,2,-40,0,,,
2.1208e-06,-66,2,40,0,,,
2.1212e-06,-66,1.92,40,0,,,
2.1216e-06,-66,2,40,0,,,
2.1220e-06,-70,2,-40,0,,,
2.1224e-06,-70,2,-40,-0.04,,,
2.1228e-06,-66,2,40,-0.08,,,
2.1232e-06,-70,2,40,-0.08,,,
2.1236e-06,-70,2.08,40,-0.08,,,
2.1240e-06,-66,2,40,0,,,
2.1244e-06,-62,2,120,0,,,
2.1248e-06,-66,1.92,40,0,,,
2.1252e-06,-70,2,120,-0.04,,,
2.1256e-06,-70,1.92,-40,0,,,
2.1260e-06,-70,1.92,120,-0.04,,,
2.1264e-06,-66,2,-40,0,,,
2.1268e-06,-66,2,-120,0,,,
2.1272e-06,-66,1.92,40,0,,,
2.1276e-06,-66,1.84,120,0,,,
2.1280e-06,-66,1.92,40,-0.04,,,
2.1284e-06,-70,2,-40,-0.04,,,
2.1288e-06,-66,1.92,-40,0.04,,,
2.1292e-06,-66,2,40,0,,,
2.1296e-06,-66,1.92,40,-0.04,,,
2.1300e-06,-62,1.92,-40,0,,,
2.1304e-06,-66,1.92,40,-0.04,,,
2.1308e-06,-70,1.92,40,0,,,
2.1312e-06,-62,1.84,40,0,,,
2.1316e-06,-66,1.92,40,0,,,
2.1320e-06,-66,1.92,40,0,,,
2.1324e-06,-66,1.92,40,0,,,
2.1328e-06,-66,1.84,-40,0,,,
2.1332e-06,-66,1.92,40,0,,,
2.1336e-06,-66,1.92,120,0.08,,,
2.1340e-06,-66,1.84,120,0,,,
2.1344e-06,-66,1.84,40,0,,,
2.1348e-06,-70,1.84,40,0.04,,,
2.1352e-06,-66,1.92,40,0,,,
2.1356e-06,-66,1.92,40,0,,,
2.1360e-06,-70,1.84,40,0,,,
2.1364e-06,-66,1.92,40,0,,,
2.1368e-06,-66,1.84,-40,0.04,,,
2.1372e-06,-70,1.84,-40,-0.04,,,
2.1376e-06,-66,1.84,120,-0.04,,,
2.1380e-06,-62,1.84,120,0,,,
2.1384e-06,-66,1.84,40,0,,,
2.1388e-06,-70,1.84,40,0,,,
2.1392e-06,-70,1.76,40,0,,,
2.1396e-06,-66,1.76,-40,-0.04,,,
2.1400e-06,-62,1.76,-40,0,,,
2.1404e-06,-66,1.84,40,0,,,
2.1408e-06,-66,1.76,40,0.04,,,
2.1412e-06,-66,1.68,40,0,,,
2.1416e-06,-66,1.76,40,-0.04,,,
2.1420e-06,-66,1.84,-40,-0.04,,,
2.1424e-06,-66,1.76,40,-0.04,,,
2.1428e-06,-66,1.76,40,0,,,
2.1432e-06,-66,1.68,40,0,,,
2.1436e-06,-66,1.76,40,0.08,,,
2.1440e-06,-70,1.76,40,0,,,
2.1444e-06,-66,1.84,40,0,,,
2.1448e-06,-66,1.84,120,0,,,
2.1452e-06,-62,1.76,-40,0,,,
2.1456e-06,-70,1.76,-40,0,,,
2.1460e-06,-70,1.76,40,0.04,,,
2.1464e-06,-70,1.68,40,0.04,,,
2.1468e-06,-66,1.76,40,0,,,
2.1472e-06,-70,1.76,-40,-0.04,,,
2.1476e-06,-66,1.76,-40,0,,,
2.1480e-06,-66,1.76,-40,0,,,
2.1484e-06,-70,1.76,40,0,,,
2.1488e-06,-70,1.68,40,0,,,
2.1492e-06,-70,1.68,120,-0.04,,,
2.1496e-06,-66,1.76,-40,-0.04,,,
2.1500e-06,-62,1.68,-40,0,,,
2.1504e-06,-70,1.76,40,0,,,
2.1508e-06,-66,1.76,40,0,,,
2.1512e-06,-70,1.68,-40,0.04,,,
2.1516e-06,-66,1.68,-40,0,,,
2.1520e-06,-66,1.68,40,0,,,
2.1524e-06,-66,1.6,40,-0.08,,,
2.1528e-06,-66,1.68,40,0,,,
2.1532e-06,-66,1.68,-40,0,,,
2.1536e-06,-66,1.68,40,-0.04,,,
2.1540e-06,-66,1.68,-40,-0.04,,,
2.1544e-06,-66,1.68,40,0,,,
2.1548e-06,-66,1.68,40,0,,,
2.1552e-06,-70,1.68,40,0,,,
2.1556e-06,-66,1.6,40,0,,,
2.1560e-06,-66,1.68,40,-0.04,,,
2.1564e-06,-70,1.76,40,0,,,
2.1568e-06,-62,1.6,40,-0.04,,,
2.1572e-06,-70,1.68,-40,-0.04,,,
2.1576e-06,-70,1.68,40,0,,,
2.1580e-06,-66,1.76,40,-0.04,,,
2.1584e-06,-70,1.76,40,0,,,
2.1588e-06,-70,1.6,-40,-0.04,,,
2.1592e-06,-70,1.68,40,-0.04,,,
2.1596e-06,-70,1.68,40,-0.04,,,
2.1600e-06,-66,1.68,40,0,,,
2.1604e-06,-66,1.68,40,-0.04,,,
2.1608e-06,-66,1.68,40,-0.08,,,
2.1612e-06,-74,1.68,40,-0.08,,,
2.1616e-06,-70,1.68,40,-0.08,,,
2.1620e-06,-70,1.6,40,-0.04,,,
2.1624e-06,-70,1.6,40,-0.04,,,
2.1628e-06,-70,1.68,40,0,,,
2.1632e-06,-66,1.6,-40,0.04,,,
2.1636e-06,-66,1.6,-120,0,,,
2.1640e-06,-66,1.6,40,-0.04,,,
2.1644e-06,-70,1.52,-40,-0.04,,,
2.1648e-06,-70,1.6,40,0,,,
2.1652e-06,-70,1.6,40,-0.04,,,
2.1656e-06,-66,1.6,40,-0.04,,,
2.1660e-06,-62,1.52,40,-0.04,,,
2.1664e-06,-66,1.52,-40,0,,,
2.1668e-06,-66,1.68,40,0,,,
2.1672e-06,-66,1.52,40,-0.04,,,
2.1676e-06,-66,1.52,40,-0.04,,,
2.1680e-06,-66,1.6,40,0,,,
2.1684e-06,-70,1.6,-40,-0.04,,,
2.1688e-06,-62,1.6,-40,0,,,
2.1692e-06,-70,1.52,40,0,,,
2.1696e-06,-70,1.6,-40,-0.04,,,
2.1700e-06,-66,1.6,40,-0.04,,,
2.1704e-06,-70,1.6,120,-0.08,,,
2.1708e-06,-66,1.6,120,-0.08,,,
2.1712e-06,-70,1.6,-40,-0.04,,,
2.1716e-06,-70,1.6,-40,-0.04,,,
2.1720e-06,-70,1.52,120,-0.04,,,
2.1724e-06,-66,1.52,40,-0.08,,,
2.1728e-06,-66,1.6,40,-0.04,,,
2.1732e-06,-66,1.6,40,0.04,,,
2.1736e-06,-62,1.52,40,-0.04,,,
2.1740e-06,-66,1.52,40,-0.04,,,
2.1744e-06,-70,1.52,-40,0,,,
2.1748e-06,-70,1.6,40,0,,,
2.1752e-06,-66,1.6,-40,0,,,
2.1756e-06,-70,1.6,-40,0,,,
2.1760e-06,-66,1.52,-40,-0.04,,,
2.1764e-06,-70,1.6,40,-0.04,,,
2.1768e-06,-66,1.6,40,0,,,
2.1772e-06,-70,1.6,40,0,,,
2.1776e-06,-70,1.6,40,-0.04,,,
2.1780e-06,-62,1.52,-40,-0.04,,,
2.1784e-06,-66,1.52,40,0,,,
2.1788e-06,-66,1.52,-40,-0.04,,,
2.1792e-06,-66,1.52,120,-0.04,,,
2.1796e-06,-70,1.6,40,0,,,
2.1800e-06,-66,1.6,120,-0.04,,,
2.1804e-06,-66,1.6,40,-0.04,,,
2.1808e-06,-66,1.6,40,0,,,
2.1812e-06,-70,1.6,40,0,,,
2.1816e-06,-70,1.6,-40,-0.08,,,
2.1820e-06,-70,1.6,40,-0.04,,,
2.1824e-06,-66,1.52,40,0,,,
2.1828e-06,-70,1.6,-40,-0.08,,,
2.1832e-06,-66,1.52,-40,0,,,
2.1836e-06,-66,1.52,40,0,,,
2.1840e-06,-70,1.44,-40,0,,,
2.1844e-06,-62,1.52,40,0,,,
2.1848e-06,-66,1.52,40,-0.04,,,
2.1852e-06,-70,1.6,40,-0.04,,,
2.1856e-06,-70,1.52,-40,0.04,,,
2.1860e-06,-66,1.52,-40,0.04,,,
2.1864e-06,-66,1.52,40,0,,,
2.1868e-06,-66,1.6,40,-0.04,,,
2.1872e-06,-70,1.52,40,0,,,
2.1876e-06,-66,1.6,-40,0,,,
2.1880e-06,-62,1.52,-40,-0.04,,,
2.1884e-06,-70,1.52,40,0.04,,,
2.1888e-06,-66,1.44,40,0.04,,,
2.1892e-06,-70,1.52,40,0,,,
2.1896e-06,-70,1.52,40,-0.04,,,
2.1900e-06,-66,1.52,40,0,,,
2.1904e-06,-66,1.44,-40,0,,,
2.1908e-06,-70,1.44,40,-0.04,,,
2.1912e-06,-70,1.44,120,0,,,
2.1916e-06,-70,1.52,40,0.04,,,
2.1920e-06,-70,1.44,-40,0.04,,,
2.1924e-06,-70,1.44,40,0,,,
2.1928e-06,-70,1.44,40,0.04,,,
2.1932e-06,-70,1.44,120,0,,,
2.1936e-06,-70,1.36,-40,-0.04,,,
2.1940e-06,-70,1.44,-40,0,,,
2.1944e-06,-70,1.36,-40,0,,,
2.1948e-06,-70,1.44,-40,0,,,
2.1952e-06,-70,1.44,40,-0.04,,,
2.1956e-06,-70,1.44,120,-0.04,,,
2.1960e-06,-70,1.2,40,0,,,
2.1964e-06,-70,1.36,-40,0,,,
2.1968e-06,-66,1.36,40,-0.04,,,
2.1972e-06,-66,1.44,40,-0.04,,,
2.1976e-06,-66,1.36,120,-0.04,,,
2.1980e-06,-70,1.36,40,-0.04,,,
2.1984e-06,-70,1.36,40,-0.04,,,
2.1988e-06,-70,1.44,40,-0.04,,,
2.1992e-06,-70,1.36,120,0,,,
2.1996e-06,-70,1.36,120,0,,,
2.2000e-06,-66,1.36,-40,0,,,
2.2004e-06,-66,1.36,40,0,,,
2.2008e-06,-74,1.36,40,0,,,
2.2012e-06,-70,1.44,40,-0.04,,,
2.2016e-06,-70,1.36,-40,-0.04,,,
2.2020e-06,-66,1.36,-40,-0.08,,,
2.2024e-06,-70,1.36,40,-0.04,,,
2.2028e-06,-70,1.36,40,-0.08,,,
2.2032e-06,-70,1.28,40,-0.04,,,
2.2036e-06,-70,1.36,-40,0,,,
2.2040e-06,-70,1.36,120,-0.08,,,
2.2044e-06,-66,1.36,-40,0,,,
2.2048e-06,-66,1.36,40,0,,,
2.2052e-06,-70,1.36,40,-0.04,,,
2.2056e-06,-66,1.36,40,0,,,
2.2060e-06,-70,1.28,40,0,,,
2.2064e-06,-70,1.44,-40,-0.04,,,
2.2068e-06,-66,1.36,40,-0.04,,,
2.2072e-06,-66,1.28,-40,-0.04,,,
2.2076e-06,-70,1.36,40,-0.04,,,
2.2080e-06,-70,1.36,40,-0.04,,,
2.2084e-06,-66,1.2,120,-0.08,,,
2.2088e-06,-70,1.36,40,-0.04,,,
2.2092e-06,-70,1.36,-40,-0.04,,,
2.2096e-06,-70,1.36,-40,0.04,,,
2.2100e-06,-70,1.36,40,-0.04,,,
2.2104e-06,-70,1.36,40,-0.08,,,
2.2108e-06,-66,1.28,-40,-0.04,,,
2.2112e-06,-66,1.36,40,0,,,
2.2116e-06,-70,1.28,40,0,,,
2.2120e-06,-66,1.28,120,-0.04,,,
2.2124e-06,-70,1.36,-40,0,,,
2.2128e-06,-70,1.28,40,0,,,
2.2132e-06,-70,1.28,40,-0.04,,,
2.2136e-06,-70,1.36,40,0,,,
2.2140e-06,-66,1.36,-40,-0.04,,,
2.2144e-06,-70,1.28,40,0,,,
2.2148e-06,-66,1.36,-40,-0.04,,,
2.2152e-06,-66,1.36,-40,-0.08,,,
2.2156e-06,-66,1.28,-40,-0.08,,,
2.2160e-06,-66,1.28,-40,-0.08,,,
2.2164e-06,-74,1.28,-40,-0.04,,,
2.2168e-06,-70,1.28,40,0,,,
2.2172e-06,-70,1.28,40,0,,,
2.2176e-06,-66,1.28,40,-0.04,,,
2.2180e-06,-70,1.28,-40,-0.04,,,
2.2184e-06,-66,1.28,40,0,,,
2.2188e-06,-70,1.36,40,-0.04,,,
2.2192e-06,-70,1.28,40,-0.04,,,
2.2196e-06,-70,1.28,-40,-0.04,,,
2.2200e-06,-66,1.28,120,-0.04,,,
2.2204e-06,-66,1.28,40,-0.08,,,
2.2208e-06,-66,1.28,-40,-0.08,,,
2.2212e-06,-70,1.12,40,-0.04,,,
2.2216e-06,-70,1.28,120,-0.04,,,
2.2220e-06,-70,1.28,40,0,,,
2.2224e-06,-70,1.2,40,0,,,
2.2228e-06,-70,1.28,-40,-0.04,,,
2.2232e-06,-70,1.28,40,0,,,
2.2236e-06,-70,1.2,40,-0.04,,,
2.2240e-06,-70,1.2,40,-0.04,,,
2.2244e-06,-70,1.28,120,-0.04,,,
2.2248e-06,-70,1.28,120,-0.08,,,
2.2252e-06,-70,1.12,-120,0,,,
2.2256e-06,-70,1.12,40,0,,,
2.2260e-06,-70,1.2,40,-0.04,,,
2.2264e-06,-70,1.2,40,-0.04,,,
2.2268e-06,-70,1.12,-40,-0.04,,,
2.2272e-06,-70,1.2,40,-0.04,,,
2.2276e-06,-70,1.2,40,-0.04,,,
2.2280e-06,-66,1.2,40,0,,,
2.2284e-06,-74,1.12,40,-0.04,,,
2.2288e-06,-70,1.2,-40,-0.04,,,
2.2292e-06,-70,1.12,40,-0.08,,,
2.2296e-06,-66,1.2,40,-0.04,,,
2.2300e-06,-70,1.2,120,0,,,
2.2304e-06,-66,1.12,40,-0.04,,,
2.2308e-06,-66,1.12,40,0,,,
2.2312e-06,-70,1.12,40,-0.04,,,
2.2316e-06,-70,1.12,40,0,,,
2.2320e-06,-66,1.12,40,-0.04,,,
2.2324e-06,-70,1.2,40,0,,,
2.2328e-06,-70,1.2,-40,-0.04,,,
2.2332e-06,-66,1.12,40,0,,,
2.2336e-06,-66,1.12,40,0,,,
2.2340e-06,-66,1.04,120,0,,,
2.2344e-06,-66,1.12,40,-0.04,,,
2.2348e-06,-66,1.2,120,0.04,,,
2.2352e-06,-66,1.12,40,-0.04,,,
2.2356e-06,-70,1.04,40,0,,,
2.2360e-06,-70,1.12,40,0.04,,,
2.2364e-06,-70,1.04,-40,0,,,
2.2368e-06,-70,1.12,40,0,,,
2.2372e-06,-70,1.12,-40,0,,,
2.2376e-06,-70,1.12,-40,0,,,
2.2380e-06,-66,1.12,40,0,,,
2.2384e-06,-66,1.2,40,0,,,
2.2388e-06,-66,1.2,40,0,,,
2.2392e-06,-66,1.2,40,0,,,
2.2396e-06,-66,1.2,40,0.04,,,
2.2400e-06,-70,1.2,-40,0,,,
2.2404e-06,-70,1.04,-40,0,,,
2.2408e-06,-70,1.12,-40,-0.04,,,
2.2412e-06,-74,1.2,-40,-0.04,,,
2.2416e-06,-70,1.04,40,0,,,
2.2420e-06,-70,1.12,-40,0,,,
2.2424e-06,-70,1.2,-40,0,,,
2.2428e-06,-70,1.12,40,-0.04,,,
2.2432e-06,-66,1.04,40,0.04,,,
2.2436e-06,-70,1.04,120,0,,,
2.2440e-06,-74,1.2,40,0,,,
2.2444e-06,-70,1.12,40,0.04,,,
2.2448e-06,-66,1.2,120,0.04,,,
2.2452e-06,-66,1.04,40,0,,,
2.2456e-06,-66,1.04,-40,0,,,
2.2460e-06,-66,1.12,40,-0.04,,,
2.2464e-06,-66,1.12,-40,0,,,
2.2468e-06,-62,1.12,40,0,,,
2.2472e-06,-62,1.04,-40,0,,,
2.2476e-06,-70,1.12,40,0,,,
2.2480e-06,-66,1.04,40,-0.04,,,
2.2484e-06,-70,1.12,120,0,,,
2.2488e-06,-66,1.12,40,-0.04,,,
2.2492e-06,-66,1.12,40,-0.04,,,
2.2496e-06,-66,1.12,40,0.04,,,
2.2500e-06,-70,1.12,-40,0.04,,,
2.2504e-06,-70,1.04,40,-0.04,,,
2.2508e-06,-66,0.96,40,-0.04,,,
2.2512e-06,-70,0.96,-40,0,,,
2.2516e-06,-66,0.96,40,0,,,
2.2520e-06,-70,0.96,40,0,,,
2.2524e-06,-66,1.04,40,0,,,
2.2528e-06,-66,1.04,120,-0.04,,,
2.2532e-06,-70,0.96,40,-0.04,,,
2.2536e-06,-70,1.04,-40,0,,,
2.2540e-06,-70,1.04,-40,0,,,
2.2544e-06,-66,0.88,-40,0,,,
2.2548e-06,-66,0.88,40,0,,,
2.2552e-06,-70,1.04,-40,0.04,,,
2.2556e-06,-66,1.04,40,0,,,
2.2560e-06,-66,1.04,-40,0,,,
2.2564e-06,-70,0.96,-40,0,,,
2.2568e-06,-70,0.96,-40,-0.04,,,
2.2572e-06,-66,0.88,40,0,,,
2.2576e-06,-66,0.96,-40,-0.04,,,
2.2580e-06,-70,0.88,40,-0.04,,,
2.2584e-06,-70,0.96,40,-0.04,,,
2.2588e-06,-70,0.96,-40,-0.04,,,
2.2592e-06,-70,0.96,40,0,,,
2.2596e-06,-70,0.96,40,0,,,
2.2600e-06,-70,0.96,40,-0.04,,,
2.2604e-06,-70,0.96,-40,-0.04,,,
2.2608e-06,-70,0.88,-40,-0.04,,,
2.2612e-06,-70,0.96,40,0,,,
2.2616e-06,-70,0.96,40,-0.04,,,
2.2620e-06,-66,1.04,-40,-0.04,,,
2.2624e-06,-70,0.96,40,0,,,
2.2628e-06,-70,0.96,40,-0.08,,,
2.2632e-06,-70,0.96,-40,0,,,
2.2636e-06,-70,0.96,-40,-0.04,,,
2.2640e-06,-70,1.04,40,-0.04,,,
2.2644e-06,-70,1.04,40,0,,,
2.2648e-06,-70,0.96,40,0,,,
2.2652e-06,-70,0.96,-40,0,,,
2.2656e-06,-70,0.96,120,-0.04,,,
2.2660e-06,-62,0.96,40,0,,,
2.2664e-06,-70,0.96,40,0,,,
2.2668e-06,-66,0.88,-40,0,,,
2.2672e-06,-66,0.96,-40,-0.04,,,
2.2676e-06,-66,0.96,40,-0.08,,,
2.2680e-06,-70,0.88,-40,0,,,
2.2684e-06,-66,0.88,40,0,,,
2.2688e-06,-70,0.96,-40,-0.04,,,
2.2692e-06,-66,0.96,40,0,,,
2.2696e-06,-70,0.96,40,-0.04,,,
2.2700e-06,-66,0.88,40,-0.08,,,
2.2704e-06,-66,0.88,40,-0.04,,,
2.2708e-06,-70,0.96,40,0.04,,,
2.2712e-06,-70,0.96,40,0,,,
2.2716e-06,-66,0.88,40,0,,,
2.2720e-06,-66,0.88,40,-0.04,,,
2.2724e-06,-70,0.88,120,0,,,
2.2728e-06,-70,0.96,40,-0.04,,,
2.2732e-06,-70,0.88,40,-0.04,,,
2.2736e-06,-74,0.88,-40,-0.04,,,
2.2740e-06,-70,0.88,40,-0.04,,,
2.2744e-06,-66,0.96,40,0,,,
2.2748e-06,-62,0.8,40,-0.08,,,
2.2752e-06,-70,0.88,40,-0.04,,,
2.2756e-06,-74,0.88,40,-0.04,,,
2.2760e-06,-70,0.88,120,0,,,
2.2764e-06,-70,0.88,40,-0.04,,,
2.2768e-06,-70,0.88,40,-0.04,,,
2.2772e-06,-70,0.88,40,-0.08,,,
2.2776e-06,-70,0.88,120,-0.04,,,
2.2780e-06,-70,0.96,-40,-0.04,,,
2.2784e-06,-70,0.8,-40,-0.08,,,
2.2788e-06,-70,0.96,40,-0.04,,,
2.2792e-06,-70,0.8,40,-0.08,,,
2.2796e-06,-70,0.88,120,-0.04,,,
2.2800e-06,-70,0.88,40,0,,,
2.2804e-06,-66,0.8,40,0,,,
2.2808e-06,-70,0.96,120,0,,,
2.2812e-06,-70,0.88,40,-0.04,,,
2.2816e-06,-70,0.88,40,-0.08,,,
2.2820e-06,-70,0.88,40,-0.04,,,
2.2824e-06,-66,0.88,40,0,,,
2.2828e-06,-70,0.88,40,0,,,
2.2832e-06,-70,0.72,40,-0.04,,,
2.2836e-06,-70,0.8,-40,0,,,
2.2840e-06,-66,0.8,120,0,,,
2.2844e-06,-70,0.8,40,0,,,
2.2848e-06,-74,0.8,-40,0,,,
2.2852e-06,-70,0.8,40,-0.04,,,
2.2856e-06,-70,0.8,40,-0.04,,,
2.2860e-06,-74,0.72,40,-0.04,,,
2.2864e-06,-70,0.72,40,0,,,
2.2868e-06,-70,0.8,-40,0,,,
2.2872e-06,-70,0.72,-40,0,,,
2.2876e-06,-70,0.8,40,-0.04,,,
2.2880e-06,-70,0.72,-40,0,,,
2.2884e-06,-70,0.8,-40,0,,,
2.2888e-06,-66,0.8,40,0,,,
2.2892e-06,-74,0.72,40,-0.04,,,
2.2896e-06,-70,0.72,120,0,,,
2.2900e-06,-70,0.72,40,-0.04,,,
2.2904e-06,-70,0.72,40,0,,,
2.2908e-06,-70,0.8,120,0,,,
2.2912e-06,-70,0.72,40,0.04,,,
2.2916e-06,-70,0.72,40,-0.04,,,
2.2920e-06,-70,0.72,-40,0,,,
2.2924e-06,-62,0.72,-40,-0.04,,,
2.2928e-06,-66,0.72,-40,0,,,
2.2932e-06,-70,0.72,40,0,,,
2.2936e-06,-62,0.72,-40,-0.04,,,
2.2940e-06,-70,0.64,40,-0.04,,,
2.2944e-06,-70,0.72,120,-0.04,,,
2.2948e-06,-74,0.72,-40,-0.04,,,
2.2952e-06,-70,0.8,-40,-0.04,,,
2.2956e-06,-70,0.72,-40,0,,,
2.2960e-06,-70,0.8,40,-0.04,,,
2.2964e-06,-70,0.72,-40,-0.04,,,
2.2968e-06,-66,0.8,-40,-0.08,,,
2.2972e-06,-66,0.8,40,-0.04,,,
2.2976e-06,-70,0.8,-40,0.04,,,
2.2980e-06,-70,0.8,40,0,,,
2.2984e-06,-70,0.8,40,0.04,,,
2.2988e-06,-70,0.72,-40,-0.04,,,
2.2992e-06,-70,0.8,40,-0.04,,,
2.2996e-06,-70,0.8,-40,-0.08,,,
2.3000e-06,-70,0.72,-40,0,,,
2.3004e-06,-70,0.8,40,-0.08,,,
2.3008e-06,-70,0.8,40,0.04,,,
2.3012e-06,-66,0.72,40,-0.04,,,
2.3016e-06,-70,0.72,-40,0.04,,,
2.3020e-06,-70,0.64,40,0,,,
2.3024e-06,-70,0.72,-40,0,,,
2.3028e-06,-70,0.72,40,0,,,
2.3032e-06,-66,0.72,40,0,,,
2.3036e-06,-74,0.72,40,-0.08,,,
2.3040e-06,-66,0.8,-40,0,,,
2.3044e-06,-66,0.8,40,0,,,
2.3048e-06,-70,0.72,40,-0.04,,,
2.3052e-06,-70,0.72,40,-0.08,,,
2.3056e-06,-74,0.8,120,-0.04,,,
2.3060e-06,-66,0.72,40,0,,,
2.3064e-06,-66,0.72,-40,-0.08,,,
2.3068e-06,-66,0.64,40,-0.04,,,
2.3072e-06,-66,0.72,120,0,,,
2.3076e-06,-70,0.64,40,0.04,,,
2.3080e-06,-66,0.64,-40,-0.04,,,
2.3084e-06,-74,0.72,-40,-0.04,,,
2.3088e-06,-70,0.64,40,-0.08,,,
2.3092e-06,-66,0.64,120,-0.04,,,
2.3096e-06,-70,0.64,40,-0.04,,,
2.3100e-06,-70,0.64,-40,-0.08,,,
2.3104e-06,-70,0.64,-40,-0.04,,,
2.3108e-06,-70,0.64,40,-0.04,,,
2.3112e-06,-70,0.64,40,0.04,,,
2.3116e-06,-70,0.56,40,0,,,
2.3120e-06,-66,0.56,40,-0.04,,,
2.3124e-06,-70,0.72,40,0,,,
2.3128e-06,-66,0.64,40,0,,,
2.3132e-06,-70,0.64,40,-0.04,,,
2.3136e-06,-66,0.64,-40,0,,,
2.3140e-06,-66,0.56,40,-0.04,,,
2.3144e-06,-70,0.56,-40,-0.04,,,
2.3148e-06,-66,0.64,-40,-0.04,,,
2.3152e-06,-66,0.64,40,-0.04,,,
2.3156e-06,-70,0.64,40,-0.04,,,
2.3160e-06,-70,0.64,40,-0.08,,,
2.3164e-06,-66,0.56,40,0,,,
2.3168e-06,-70,0.56,40,-0.04,,,
2.3172e-06,-70,0.56,-40,-0.08,,,
2.3176e-06,-70,0.56,40,-0.04,,,
2.3180e-06,-70,0.64,40,-0.04,,,
2.3184e-06,-70,0.64,40,-0.04,,,
2.3188e-06,-70,0.56,40,0,,,
2.3192e-06,-70,0.64,40,-0.04,,,
2.3196e-06,-70,0.64,40,-0.04,,,
2.3200e-06,-70,0.56,40,-0.04,,,
2.3204e-06,-70,0.56,40,-0.04,,,
2.3208e-06,-70,0.56,40,-0.04,,,
2.3212e-06,-70,0.64,40,-0.04,,,
2.3216e-06,-70,0.64,-40,-0.08,,,
2.3220e-06,-70,0.64,40,-0.04,,,
2.3224e-06,-70,0.64,40,-0.04,,,
2.3228e-06,-66,0.56,40,-0.04,,,
2.3232e-06,-70,0.48,40,-0.04,,,
2.3236e-06,-66,0.64,40,-0.04,,,
2.3240e-06,-66,0.48,40,-0.04,,,
2.3244e-06,-70,0.64,120,-0.04,,,
2.3248e-06,-66,0.56,40,0,,,
2.3252e-06,-70,0.56,40,-0.08,,,
2.3256e-06,-70,0.64,-40,-0.08,,,
2.3260e-06,-70,0.48,-40,-0.04,,,
2.3264e-06,-70,0.56,-40,-0.04,,,
2.3268e-06,-70,0.56,40,0,,,
2.3272e-06,-66,0.56,40,-0.04,,,
2.3276e-06,-66,0.56,40,-0.04,,,
2.3280e-06,-70,0.56,-40,0,,,
2.3284e-06,-70,0.48,40,-0.08,,,
2.3288e-06,-70,0.64,-40,-0.04,,,
2.3292e-06,-70,0.56,-40,0,,,
2.3296e-06,-70,0.56,40,-0.04,,,
2.3300e-06,-70,0.56,120,0,,,
2.3304e-06,-70,0.56,-40,-0.04,,,
2.3308e-06,-70,0.56,-40,0,,,
2.3312e-06,-66,0.56,40,-0.08,,,
2.3316e-06,-70,0.48,40,-0.04,,,
2.3320e-06,-66,0.56,40,0,,,
2.3324e-06,-70,0.48,40,0,,,
2.3328e-06,-70,0.56,-40,0,,,
2.3332e-06,-70,0.48,40,0,,,
2.3336e-06,-66,0.4,-40,-0.04,,,
2.3340e-06,-70,0.48,-40,-0.04,,,
2.3344e-06,-70,0.48,-40,-0.08,,,
2.3348e-06,-70,0.48,40,0,,,
2.3352e-06,-70,0.48,40,0.04,,,
2.3356e-06,-70,0.4,-40,-0.08,,,
2.3360e-06,-66,0.56,-40,-0.04,,,
2.3364e-06,-66,0.48,-40,-0.04,,,
2.3368e-06,-70,0.48,40,-0.04,,,
2.3372e-06,-70,0.48,40,-0.04,,,
2.3376e-06,-66,0.56,40,-0.04,,,
2.3380e-06,-70,0.48,40,-0.04,,,
2.3384e-06,-66,0.48,40,0,,,
2.3388e-06,-66,0.4,120,-0.04,,,
2.3392e-06,-66,0.4,120,-0.04,,,
2.3396e-06,-66,0.48,40,0,,,
2.3400e-06,-66,0.4,120,0,,,
2.3404e-06,-62,0.4,-40,0.04,,,
2.3408e-06,-66,0.4,40,-0.04,,,
2.3412e-06,-70,0.32,40,-0.04,,,
2.3416e-06,-66,0.4,40,0,,,
2.3420e-06,-66,0.4,40,0,,,
2.3424e-06,-66,0.32,-40,0,,,
2.3428e-06,-66,0.24,40,0,,,
2.3432e-06,-66,0.32,40,-0.04,,,
2.3436e-06,-66,0.32,120,-0.04,,,
2.3440e-06,-70,0.32,40,-0.04,,,
2.3444e-06,-70,0.4,40,0,,,
2.3448e-06,-70,0.32,40,-0.04,,,
2.3452e-06,-70,0.32,40,0,,,
2.3456e-06,-66,0.24,120,0,,,
2.3460e-06,-70,0.4,40,-0.04,,,
2.3464e-06,-70,0.24,40,0,,,
2.3468e-06,-66,0.24,40,0,,,
2.3472e-06,-70,0.4,-40,0,,,
2.3476e-06,-70,0.4,40,0,,,
2.3480e-06,-74,0.32,-40,0,,,
2.3484e-06,-70,0.24,40,0,,,
2.3488e-06,-70,0.32,40,0,,,
2.3492e-06,-70,0.32,40,-0.04,,,
2.3496e-06,-70,0.32,-40,-0.04,,,
2.3500e-06,-70,0.24,-40,0,,,
2.3504e-06,-70,0.32,-40,-0.04,,,
2.3508e-06,-70,0.32,-40,0,,,
2.3512e-06,-70,0.32,40,0.04,,,
2.3516e-06,-74,0.24,120,0,,,
2.3520e-06,-70,0.4,40,0,,,
2.3524e-06,-70,0.32,-40,0,,,
2.3528e-06,-70,0.24,-40,-0.04,,,
2.3532e-06,-70,0.32,-40,0,,,
2.3536e-06,-74,0.32,40,0,,,
2.3540e-06,-66,0.32,40,0,,,
2.3544e-06,-70,0.32,120,0,,,
2.3548e-06,-66,0.32,40,-0.04,,,
2.3552e-06,-62,0.32,-40,0,,,
2.3556e-06,-70,0.32,-40,0.04,,,
2.3560e-06,-66,0.32,40,0.04,,,
2.3564e-06,-70,0.32,40,0,,,
2.3568e-06,-70,0.32,-40,0,,,
2.3572e-06,-70,0.32,40,-0.04,,,
2.3576e-06,-70,0.32,-40,-0.04,,,
2.3580e-06,-66,0.24,40,0,,,
2.3584e-06,-66,0.32,40,0,,,
2.3588e-06,-70,0.32,40,0,,,
2.3592e-06,-70,0.4,40,0,,,
2.3596e-06,-66,0.32,-40,0,,,
2.3600e-06,-70,0.24,40,0,,,
2.3604e-06,-66,0.24,-40,0,,,
2.3608e-06,-70,0.24,40,-0.04,,,
2.3612e-06,-70,0.24,40,-0.04,,,
2.3616e-06,-70,0.32,40,0.04,,,
2.3620e-06,-74,0.32,120,-0.08,,,
2.3624e-06,-70,0.32,40,-0.08,,,
2.3628e-06,-74,0.32,-40,-0.04,,,
2.3632e-06,-70,0.32,40,-0.04,,,
2.3636e-06,-70,0.24,40,-0.04,,,
2.3640e-06,-70,0.16,40,-0.04,,,
2.3644e-06,-74,0.24,120,0,,,
2.3648e-06,-70,0.32,40,0,,,
2.3652e-06,-70,0.32,-40,-0.04,,,
2.3656e-06,-70,0.16,40,-0.04,,,
2.3660e-06,-78,0.24,40,0,,,
2.3664e-06,-74,0.32,-40,-0.04,,,
2.3668e-06,-70,0.24,120,0,,,
2.3672e-06,-70,0.24,40,-0.04,,,
2.3676e-06,-70,0.24,-40,-0.08,,,
2.3680e-06,-70,0.24,40,-0.04,,,
2.3684e-06,-70,0.16,-200,0,,,
2.3688e-06,-70,0.24,40,-0.04,,,
2.3692e-06,-74,0.24,40,-0.08,,,
2.3696e-06,-70,0.24,40,-0.04,,,
2.3700e-06,-70,0.24,120,-0.04,,,
2.3704e-06,-66,0.24,-40,-0.04,,,
2.3708e-06,-70,0.24,40,0,,,
2.3712e-06,-70,0.24,40,-0.04,,,
2.3716e-06,-70,0.16,40,-0.04,,,
2.3720e-06,-70,0.24,120,-0.04,,,
2.3724e-06,-70,0.16,40,-0.04,,,
2.3728e-06,-70,0.32,120,-0.04,,,
2.3732e-06,-70,0.16,40,0,,,
2.3736e-06,-70,0.24,120,-0.08,,,
2.3740e-06,-70,0.24,120,-0.04,,,
2.3744e-06,-70,0.24,-40,-0.04,,,
2.3748e-06,-74,0.24,-40,0,,,
2.3752e-06,-66,0.16,40,-0.04,,,
2.3756e-06,-70,0.24,40,-0.04,,,
2.3760e-06,-70,0.16,120,-0.04,,,
2.3764e-06,-70,0.16,-40,0,,,
2.3768e-06,-70,0.16,40,-0.08,,,
2.3772e-06,-70,0.16,40,-0.04,,,
2.3776e-06,-70,0.16,40,-0.04,,,
2.3780e-06,-70,0.16,-40,-0.04,,,
2.3784e-06,-70,0.16,-40,-0.04,,,
2.3788e-06,-70,0.08,-40,-0.04,,,
2.3792e-06,-70,0.16,-40,-0.08,,,
2.3796e-06,-66,0.16,40,-0.04,,,
2.3800e-06,-70,0.08,40,-0.04,,,
2.3804e-06,-66,0.16,40,-0.04,,,
2.3808e-06,-70,0.16,40,0,,,
2.3812e-06,-70,0.16,40,0,,,
2.3816e-06,-78,0.16,40,-0.04,,,
2.3820e-06,-74,0.16,-40,-0.04,,,
2.3824e-06,-70,0.16,-40,-0.04,,,
2.3828e-06,-66,0.16,40,-0.04,,,
2.3832e-06,-70,0.08,120,-0.04,,,
2.3836e-06,-70,0.16,-40,-0.04,,,
2.3840e-06,-74,0.16,40,-0.04,,,
2.3844e-06,-66,0.16,-40,-0.04,,,
2.3848e-06,-66,0.16,120,0,,,
2.3852e-06,-66,0.16,40,-0.04,,,
2.3856e-06,-70,0.16,40,-0.08,,,
2.3860e-06,-66,0.16,-40,-0.04,,,
2.3864e-06,-70,0.08,-40,-0.04,,,
2.3868e-06,-70,0.16,-40,-0.04,,,
2.3872e-06,-70,0.16,120,-0.04,,,
2.3876e-06,-70,0.08,40,-0.04,,,
2.3880e-06,-66,8.88178e-16,-40,-0.04,,,
2.3884e-06,-66,0.16,40,-0.04,,,
2.3888e-06,-66,8.88178e-16,120,-0.04,,,
2.3892e-06,-70,8.88178e-16,120,0,,,
2.3896e-06,-66,0.16,120,0,,,
2.3900e-06,-70,0.08,-40,0,,,
2.3904e-06,-70,0.16,40,0,,,
2.3908e-06,-70,0.16,40,-0.04,,,
2.3912e-06,-66,0.08,-40,-0.04,,,
2.3916e-06,-66,8.88178e-16,-40,-0.04,,,
2.3920e-06,-70,0.08,-40,-0.04,,,
2.3924e-06,-70,0.16,40,-0.04,,,
2.3928e-06,-70,0.16,40,-0.04,,,
2.3932e-06,-70,0.08,-40,-0.04,,,
2.3936e-06,-70,8.88178e-16,-40,-0.04,,,
2.3940e-06,-70,0.08,120,0,,,
2.3944e-06,-70,0.08,40,-0.04,,,
2.3948e-06,-70,0.08,40,-0.04,,,
2.3952e-06,-74,0.08,40,0,,,
2.3956e-06,-66,0.08,40,0,,,
2.3960e-06,-70,8.88178e-16,40,0,,,
2.3964e-06,-70,0.08,40,0,,,
2.3968e-06,-74,0.08,40,0,,,
2.3972e-06,-74,8.88178e-16,-40,0,,,
2.3976e-06,-70,-0.08,-40,-0.08,,,
2.3980e-06,-70,8.88178e-16,40,0,,,
2.3984e-06,-70,8.88178e-16,40,-0.08,,,
2.3988e-06,-70,-0.08,120,0,,,
2.3992e-06,-70,8.88178e-16,40,0,,,
2.3996e-06,-66,-0.16,40,-0.04,,,
2.4000e-06,-70,8.88178e-16,40,-0.04,,,
2.4004e-06,-66,8.88178e-16,120,-0.04,,,
2.4008e-06,-70,-0.08,-40,-0.04,,,
2.4012e-06,-70,-0.08,40,0,,,
2.4016e-06,-70,-0.08,-40,0.04,,,
2.4020e-06,-70,-0.16,-120,0,,,
2.4024e-06,-70,-0.16,40,0,,,
2.4028e-06,-70,-0.16,40,-0.04,,,
2.4032e-06,-70,-0.08,40,0,,,
2.4036e-06,-66,-0.08,40,0.04,,,
2.4040e-06,-70,-0.08,-40,0,,,
2.4044e-06,-66,-0.08,40,0,,,
2.4048e-06,-70,-0.08,40,0,,,
2.4052e-06,-70,-0.16,120,0,,,
2.4056e-06,-70,-0.08,40,0,,,
2.4060e-06,-70,-0.16,-40,0,,,
2.4064e-06,-70,-0.16,40,-0.04,,,
2.4068e-06,-70,-0.16,40,0,,,
2.4072e-06,-70,-0.16,120,0,,,
2.4076e-06,-70,-0.16,40,0,,,
2.4080e-06,-74,-0.16,-40,0,,,
2.4084e-06,-66,-0.16,-40,0,,,
2.4088e-06,-70,-0.08,40,0,,,
2.4092e-06,-66,-0.16,-40,0,,,
2.4096e-06,-70,-0.16,40,0,,,
2.4100e-06,-66,-0.08,40,-0.04,,,
2.4104e-06,-70,-0.16,40,-0.04,,,
2.4108e-06,-70,-0.16,40,-0.04,,,
2.4112e-06,-70,-0.16,40,-0.04,,,
2.4116e-06,-66,-0.16,-40,-0.04,,,
2.4120e-06,-70,-0.08,-40,-0.04,,,
2.4124e-06,-70,-0.16,40,-0.04,,,
2.4128e-06,-70,-0.08,40,-0.04,,,
2.4132e-06,-70,-0.08,-40,-0.08,,,
2.4136e-06,-70,-0.08,40,-0.04,,,
2.4140e-06,-70,-0.16,-40,0,,,
2.4144e-06,-70,-0.16,40,0.04,,,
2.4148e-06,-74,-0.16,40,0,,,
2.4152e-06,-66,-0.16,-40,0,,,
2.4156e-06,-74,-0.08,-120,0,,,
2.4160e-06,-74,-0.08,40,-0.04,,,
2.4164e-06,-70,-0.08,40,0.04,,,
2.4168e-06,-70,-0.08,-40,0,,,
2.4172e-06,-70,-0.08,40,0,,,
2.4176e-06,-66,-0.08,40,0,,,
2.4180e-06,-70,-0.16,-40,0,,,
2.4184e-06,-70,-0.16,40,-0.08,,,
2.4188e-06,-70,-0.16,-40,0,,,
2.4192e-06,-70,-0.08,40,-0.04,,,
2.4196e-06,-70,-0.16,40,-0.04,,,
2.4200e-06,-74,-0.08,40,-0.04,,,
2.4204e-06,-70,-0.16,40,-0.08,,,
2.4208e-06,-70,-0.08,40,0,,,
2.4212e-06,-70,-0.16,120,-0.08,,,
2.4216e-06,-70,-0.16,120,0,,,
2.4220e-06,-70,-0.16,40,-0.08,,,
2.4224e-06,-66,-0.16,-40,-0.04,,,
2.4228e-06,-66,-0.16,40,-0.04,,,
2.4232e-06,-66,-0.24,-40,-0.04,,,
2.4236e-06,-70,-0.24,40,-0.04,,,
2.4240e-06,-70,-0.16,-40,0,,,
2.4244e-06,-70,-0.24,40,-0.04,,,
2.4248e-06,-70,-0.16,40,-0.08,,,
2.4252e-06,-70,-0.16,40,-0.04,,,
2.4256e-06,-66,-0.08,-40,-0.04,,,
2.4260e-06,-66,-0.16,40,-0.04,,,
2.4264e-06,-70,-0.24,40,0,,,
2.4268e-06,-70,-0.24,120,0,,,
2.4272e-06,-66,-0.16,120,0,,,
2.4276e-06,-66,-0.16,-40,0,,,

